<?xml version="1.0" encoding="UTF-8"?>
<gpx xmlns="http://www.topografix.com/GPX/1/1" creator="ForeFlight - https://www.foreflight.com" version="1.1" xsi:schemaLocation="http://www.topografix.com/GPX/1/1 http://www.topografix.com/GPX/1/1/gpx.xsd" xmlns:xsi="http://www.w3.org/2001/XMLSchema-instance">
    <metadata>
        <name>KJXN - KJXN</name>
        <time>2026-06-03T02:10:54.693573063Z</time>
        <bounds minlat="42.018523681947975" maxlat="42.26529223382684" minlon="-84.78121368222384" maxlon="-84.43648511551733"/>
    </metadata>
    <trk>
        <number>1</number>
        <trkseg>
            <trkpt lat="42.2554307045582" lon="-84.46132810682622">
                <ele>-99999.9999999999</ele>
                <time>2026-05-28T19:35:10.982268333Z</time>
            </trkpt>
            <trkpt lat="42.25540563255723" lon="-84.46126906918322">
                <ele>-99999.9999999999</ele>
                <time>2026-05-28T19:35:13.383144855Z</time>
            </trkpt>
            <trkpt lat="42.255244217852365" lon="-84.46150040261863">
                <ele>303.7149925231931</ele>
                <time>2026-05-28T19:35:15.324327945Z</time>
            </trkpt>
            <trkpt lat="42.255369988309454" lon="-84.46149378091512">
                <ele>308.19686508178677</ele>
                <time>2026-05-28T19:35:16.592866897Z</time>
            </trkpt>
            <trkpt lat="42.25536261223466" lon="-84.46146813229142">
                <ele>313.285793304443</ele>
                <time>2026-05-28T19:35:17.594383001Z</time>
            </trkpt>
            <trkpt lat="42.255372796247016" lon="-84.46148430936454">
                <ele>314.5966453552243</ele>
                <time>2026-05-28T19:35:18.593852043Z</time>
            </trkpt>
            <trkpt lat="42.25532975517423" lon="-84.46151532240627">
                <ele>316.8360252380368</ele>
                <time>2026-05-28T19:35:19.593806028Z</time>
            </trkpt>
            <trkpt lat="42.25531714040996" lon="-84.46148137569843">
                <ele>307.7118797302243</ele>
                <time>2026-05-28T19:35:21.002597808Z</time>
            </trkpt>
            <trkpt lat="42.25530792031647" lon="-84.46147492163298">
                <ele>308.8728294372556</ele>
                <time>2026-05-28T19:35:22.002432346Z</time>
            </trkpt>
            <trkpt lat="42.255312404634665" lon="-84.46146955721495">
                <ele>309.55282211303677</ele>
                <time>2026-05-28T19:35:23.002269029Z</time>
            </trkpt>
            <trkpt lat="42.2553140810153" lon="-84.46146436043499">
                <ele>308.75033187866177</ele>
                <time>2026-05-28T19:35:24.002101898Z</time>
            </trkpt>
            <trkpt lat="42.25531299136789" lon="-84.46146335460661">
                <ele>308.77877426147427</ele>
                <time>2026-05-28T19:35:25.001954555Z</time>
            </trkpt>
            <trkpt lat="42.25531693086238" lon="-84.46145949893115">
                <ele>309.13595199584927</ele>
                <time>2026-05-28T19:35:26.001822471Z</time>
            </trkpt>
            <trkpt lat="42.255319990257036" lon="-84.46145765491245">
                <ele>309.212795257568</ele>
                <time>2026-05-28T19:35:27.001686096Z</time>
            </trkpt>
            <trkpt lat="42.2553217504567" lon="-84.461456481446">
                <ele>309.6469993591305</ele>
                <time>2026-05-28T19:35:28.001568794Z</time>
            </trkpt>
            <trkpt lat="42.255323343018304" lon="-84.46145455360828">
                <ele>309.57723617553677</ele>
                <time>2026-05-28T19:35:29.001461505Z</time>
            </trkpt>
            <trkpt lat="42.25532451648475" lon="-84.46145413451312">
                <ele>309.72286605834927</ele>
                <time>2026-05-28T19:35:30.001348733Z</time>
            </trkpt>
            <trkpt lat="42.25532460030378" lon="-84.46145396687506">
                <ele>309.7334251403805</ele>
                <time>2026-05-28T19:35:31.001253604Z</time>
            </trkpt>
            <trkpt lat="42.25532468412281" lon="-84.46145388305602">
                <ele>309.75863265991177</ele>
                <time>2026-05-28T19:35:32.001167297Z</time>
            </trkpt>
            <trkpt lat="42.255324558394264" lon="-84.46145405069409">
                <ele>309.7483787536618</ele>
                <time>2026-05-28T19:35:33.001072168Z</time>
            </trkpt>
            <trkpt lat="42.255324558394264" lon="-84.46145413451312">
                <ele>309.7423973083493</ele>
                <time>2026-05-28T19:35:34.000991821Z</time>
            </trkpt>
            <trkpt lat="42.25532447457523" lon="-84.46145421833215">
                <ele>309.7519798278805</ele>
                <time>2026-05-28T19:35:35.000910282Z</time>
            </trkpt>
            <trkpt lat="42.25532451648475" lon="-84.46145421833215">
                <ele>309.75570297241177</ele>
                <time>2026-05-28T19:35:36.000833272Z</time>
            </trkpt>
            <trkpt lat="42.255324348846685" lon="-84.46145438597021">
                <ele>309.76852035522427</ele>
                <time>2026-05-28T19:35:37.000761747Z</time>
            </trkpt>
            <trkpt lat="42.2553243907562" lon="-84.46145438597021">
                <ele>309.77157211303677</ele>
                <time>2026-05-28T19:35:38.000692367Z</time>
            </trkpt>
            <trkpt lat="42.2553243907562" lon="-84.46145438597021">
                <ele>309.7715110778806</ele>
                <time>2026-05-28T19:35:39.000627517Z</time>
            </trkpt>
            <trkpt lat="42.255324348846685" lon="-84.46145446978925">
                <ele>309.7825584411618</ele>
                <time>2026-05-28T19:35:40.000565528Z</time>
            </trkpt>
            <trkpt lat="42.25532426502765" lon="-84.46145446978925">
                <ele>309.79037094116177</ele>
                <time>2026-05-28T19:35:41.000506877Z</time>
            </trkpt>
            <trkpt lat="42.25532430693717" lon="-84.46145446978925">
                <ele>309.78634262084927</ele>
                <time>2026-05-28T19:35:42.000450134Z</time>
            </trkpt>
            <trkpt lat="42.25532426502765" lon="-84.46145455360828">
                <ele>309.7849388122555</ele>
                <time>2026-05-28T19:35:43.000397443Z</time>
            </trkpt>
            <trkpt lat="42.25532422311814" lon="-84.46145455360828">
                <ele>309.78207015991177</ele>
                <time>2026-05-28T19:35:44.000346899Z</time>
            </trkpt>
            <trkpt lat="42.25531986452849" lon="-84.46146511480627">
                <ele>309.4560203552243</ele>
                <time>2026-05-28T19:35:45.000298976Z</time>
            </trkpt>
            <trkpt lat="42.25531324282498" lon="-84.46147249088106">
                <ele>309.3135032653806</ele>
                <time>2026-05-28T19:35:46.000252723Z</time>
            </trkpt>
            <trkpt lat="42.25531177599193" lon="-84.46147693328975">
                <ele>308.99447250366177</ele>
                <time>2026-05-28T19:35:47.000209331Z</time>
            </trkpt>
            <trkpt lat="42.25530716594518" lon="-84.46147534072814">
                <ele>308.8483543395993</ele>
                <time>2026-05-28T19:35:48.000167369Z</time>
            </trkpt>
            <trkpt lat="42.25530498665036" lon="-84.46147710092781">
                <ele>308.6366233825681</ele>
                <time>2026-05-28T19:35:49.000127315Z</time>
            </trkpt>
            <trkpt lat="42.255304609464716" lon="-84.46147726856587">
                <ele>308.5987815856931</ele>
                <time>2026-05-28T19:35:50.000089645Z</time>
            </trkpt>
            <trkpt lat="42.25530385509343" lon="-84.46147684947071">
                <ele>308.63241195678677</ele>
                <time>2026-05-28T19:35:51.000053882Z</time>
            </trkpt>
            <trkpt lat="42.255303897002946" lon="-84.4614760112804">
                <ele>308.7693748474118</ele>
                <time>2026-05-28T19:35:52.000018119Z</time>
            </trkpt>
            <trkpt lat="42.255300879517804" lon="-84.46147559218524">
                <ele>308.65438461303677</ele>
                <time>2026-05-28T19:35:53.999952316Z</time>
            </trkpt>
            <trkpt lat="42.255300167056035" lon="-84.4614739158046">
                <ele>308.5089988708493</ele>
                <time>2026-05-28T19:35:54.999921798Z</time>
            </trkpt>
            <trkpt lat="42.25529911931814" lon="-84.46147190414784">
                <ele>308.1885643005368</ele>
                <time>2026-05-28T19:35:55.999892234Z</time>
            </trkpt>
            <trkpt lat="42.255298951680075" lon="-84.46147173650978">
                <ele>308.1878318786618</ele>
                <time>2026-05-28T19:35:56.999863624Z</time>
            </trkpt>
            <trkpt lat="42.25529828112782" lon="-84.46147140123365">
                <ele>308.19186019897427</ele>
                <time>2026-05-28T19:35:57.999835968Z</time>
            </trkpt>
            <trkpt lat="42.255298155399274" lon="-84.46147148505268">
                <ele>308.20186996459927</ele>
                <time>2026-05-28T19:35:58.999809503Z</time>
            </trkpt>
            <trkpt lat="42.25529840685637" lon="-84.46147148505268">
                <ele>308.2275657653806</ele>
                <time>2026-05-28T19:35:59.999783992Z</time>
            </trkpt>
            <trkpt lat="42.2552984906754" lon="-84.46147148505268">
                <ele>308.2428855895993</ele>
                <time>2026-05-28T19:36:00.999758481Z</time>
            </trkpt>
            <trkpt lat="42.255298448765885" lon="-84.46147156887172">
                <ele>308.24666976928677</ele>
                <time>2026-05-28T19:36:01.999734401Z</time>
            </trkpt>
            <trkpt lat="42.255298155399274" lon="-84.46147156887172">
                <ele>308.25130844116177</ele>
                <time>2026-05-28T19:36:02.999711990Z</time>
            </trkpt>
            <trkpt lat="42.25529807158024" lon="-84.46147156887172">
                <ele>308.25558090209927</ele>
                <time>2026-05-28T19:36:03.999689579Z</time>
            </trkpt>
            <trkpt lat="42.25529798776121" lon="-84.46147165269075">
                <ele>308.2547264099118</ele>
                <time>2026-05-28T19:36:04.999667882Z</time>
            </trkpt>
            <trkpt lat="42.255297945851694" lon="-84.46147173650978">
                <ele>308.25716781616177</ele>
                <time>2026-05-28T19:36:05.999646425Z</time>
            </trkpt>
            <trkpt lat="42.255297736304115" lon="-84.46147182032881">
                <ele>308.26534652709927</ele>
                <time>2026-05-28T19:36:06.999626159Z</time>
            </trkpt>
            <trkpt lat="42.25529765248508" lon="-84.46147190414784">
                <ele>308.26449203491177</ele>
                <time>2026-05-28T19:36:07.999606132Z</time>
            </trkpt>
            <trkpt lat="42.25529748484702" lon="-84.4614720717859">
                <ele>308.2799339294431</ele>
                <time>2026-05-28T19:36:08.999586582Z</time>
            </trkpt>
            <trkpt lat="42.25529740102799" lon="-84.46147215560494">
                <ele>308.2762718200681</ele>
                <time>2026-05-28T19:36:09.999567747Z</time>
            </trkpt>
            <trkpt lat="42.25529731720896" lon="-84.46147215560494">
                <ele>308.2746238708493</ele>
                <time>2026-05-28T19:36:10.999548912Z</time>
            </trkpt>
            <trkpt lat="42.255297233389925" lon="-84.46147215560494">
                <ele>308.2716941833493</ele>
                <time>2026-05-28T19:36:11.999530076Z</time>
            </trkpt>
            <trkpt lat="42.25529714957089" lon="-84.46147223942397">
                <ele>308.2669334411618</ele>
                <time>2026-05-28T19:36:12.999513387Z</time>
            </trkpt>
            <trkpt lat="42.25529706575186" lon="-84.46147223942397">
                <ele>308.2658348083493</ele>
                <time>2026-05-28T19:36:13.999495744Z</time>
            </trkpt>
            <trkpt lat="42.25529698193283" lon="-84.461472323243">
                <ele>308.2698631286618</ele>
                <time>2026-05-28T19:36:14.999478101Z</time>
            </trkpt>
            <trkpt lat="42.2552968981138" lon="-84.461472323243">
                <ele>308.2655906677243</ele>
                <time>2026-05-28T19:36:15.999461412Z</time>
            </trkpt>
            <trkpt lat="42.25529685620428" lon="-84.46147240706203">
                <ele>308.2665672302243</ele>
                <time>2026-05-28T19:36:16.999445199Z</time>
            </trkpt>
            <trkpt lat="42.255296814294766" lon="-84.46147240706203">
                <ele>308.26827621459927</ele>
                <time>2026-05-28T19:36:17.999428749Z</time>
            </trkpt>
            <trkpt lat="42.255296730475735" lon="-84.46147240706203">
                <ele>308.27108383178677</ele>
                <time>2026-05-28T19:36:18.999412536Z</time>
            </trkpt>
            <trkpt lat="42.25529660474719" lon="-84.46147240706203">
                <ele>308.28622055053677</ele>
                <time>2026-05-28T19:36:19.999397277Z</time>
            </trkpt>
            <trkpt lat="42.255296520928155" lon="-84.46147249088106">
                <ele>308.29183578491177</ele>
                <time>2026-05-28T19:36:20.999382019Z</time>
            </trkpt>
            <trkpt lat="42.25529643710912" lon="-84.46147249088106">
                <ele>308.3019065856931</ele>
                <time>2026-05-28T19:36:21.999367237Z</time>
            </trkpt>
            <trkpt lat="42.25529635329009" lon="-84.46147249088106">
                <ele>308.3035545349118</ele>
                <time>2026-05-28T19:36:22.999351978Z</time>
            </trkpt>
            <trkpt lat="42.25529626947106" lon="-84.46147249088106">
                <ele>308.3034324645993</ele>
                <time>2026-05-28T19:36:23.999337196Z</time>
            </trkpt>
            <trkpt lat="42.255296227561544" lon="-84.4614725747001">
                <ele>308.3064842224118</ele>
                <time>2026-05-28T19:36:24.999323129Z</time>
            </trkpt>
            <trkpt lat="42.25529618565203" lon="-84.4614725747001">
                <ele>308.30868148803677</ele>
                <time>2026-05-28T19:36:25.999307632Z</time>
            </trkpt>
            <trkpt lat="42.25529614374251" lon="-84.46147265851913">
                <ele>308.3112449645993</ele>
                <time>2026-05-28T19:36:26.999293327Z</time>
            </trkpt>
            <trkpt lat="42.25529605992348" lon="-84.46147265851913">
                <ele>308.3102684020993</ele>
                <time>2026-05-28T19:36:27.999280214Z</time>
            </trkpt>
            <trkpt lat="42.25529597610445" lon="-84.46147265851913">
                <ele>308.3144187927243</ele>
                <time>2026-05-28T19:36:28.999265670Z</time>
            </trkpt>
            <trkpt lat="42.25529589228542" lon="-84.46147274233816">
                <ele>308.3171043395993</ele>
                <time>2026-05-28T19:36:29.999251365Z</time>
            </trkpt>
            <trkpt lat="42.255295808466386" lon="-84.46147282615719">
                <ele>308.31673812866177</ele>
                <time>2026-05-28T19:36:30.999238252Z</time>
            </trkpt>
            <trkpt lat="42.255295724647354" lon="-84.46147290997622">
                <ele>308.3169822692868</ele>
                <time>2026-05-28T19:36:31.999224185Z</time>
            </trkpt>
            <trkpt lat="42.25529564082832" lon="-84.46147290997622">
                <ele>308.3162498474118</ele>
                <time>2026-05-28T19:36:32.999211788Z</time>
            </trkpt>
            <trkpt lat="42.25529555700929" lon="-84.46147299379525">
                <ele>308.316310882568</ele>
                <time>2026-05-28T19:36:33.999197959Z</time>
            </trkpt>
            <trkpt lat="42.25529547319026" lon="-84.46147307761429">
                <ele>308.3194847106931</ele>
                <time>2026-05-28T19:36:34.999183654Z</time>
            </trkpt>
            <trkpt lat="42.25529543128074" lon="-84.46147307761429">
                <ele>308.3210105895993</ele>
                <time>2026-05-28T19:36:35.999170780Z</time>
            </trkpt>
            <trkpt lat="42.25529534746171" lon="-84.46147316143332">
                <ele>308.32259750366177</ele>
                <time>2026-05-28T19:36:36.999157905Z</time>
            </trkpt>
            <trkpt lat="42.25529526364268" lon="-84.46147316143332">
                <ele>308.3232688903805</ele>
                <time>2026-05-28T19:36:37.999144554Z</time>
            </trkpt>
            <trkpt lat="42.255295221733164" lon="-84.46147324525235">
                <ele>308.32259750366177</ele>
                <time>2026-05-28T19:36:38.999131679Z</time>
            </trkpt>
            <trkpt lat="42.25529513791413" lon="-84.46147324525235">
                <ele>308.32467269897427</ele>
                <time>2026-05-28T19:36:39.999118804Z</time>
            </trkpt>
            <trkpt lat="42.255295096004616" lon="-84.46147332907138">
                <ele>308.3250389099118</ele>
                <time>2026-05-28T19:36:40.999105930Z</time>
            </trkpt>
            <trkpt lat="42.255295012185584" lon="-84.46147332907138">
                <ele>308.328273773193</ele>
                <time>2026-05-28T19:36:41.999093294Z</time>
            </trkpt>
            <trkpt lat="42.25529497027607" lon="-84.46147341289041">
                <ele>308.3311424255368</ele>
                <time>2026-05-28T19:36:42.999080181Z</time>
            </trkpt>
            <trkpt lat="42.25529488645704" lon="-84.46147341289041">
                <ele>308.3340110778805</ele>
                <time>2026-05-28T19:36:43.999067544Z</time>
            </trkpt>
            <trkpt lat="42.255294802638005" lon="-84.46147349670944">
                <ele>308.33468246459927</ele>
                <time>2026-05-28T19:36:44.999055385Z</time>
            </trkpt>
            <trkpt lat="42.25529471881897" lon="-84.46147358052848">
                <ele>308.33358383178677</ele>
                <time>2026-05-28T19:36:45.999042987Z</time>
            </trkpt>
            <trkpt lat="42.25529463499994" lon="-84.46147358052848">
                <ele>308.3357200622556</ele>
                <time>2026-05-28T19:36:46.999030590Z</time>
            </trkpt>
            <trkpt lat="42.255294593090426" lon="-84.46147366434751">
                <ele>308.3352928161618</ele>
                <time>2026-05-28T19:36:47.999017238Z</time>
            </trkpt>
            <trkpt lat="42.255294509271394" lon="-84.46147374816654">
                <ele>308.3349266052243</ele>
                <time>2026-05-28T19:36:48.999005317Z</time>
            </trkpt>
            <trkpt lat="42.25529442545236" lon="-84.46147374816654">
                <ele>308.3352928161618</ele>
                <time>2026-05-28T19:36:49.998993396Z</time>
            </trkpt>
            <trkpt lat="42.25529438354285" lon="-84.46147383198557">
                <ele>308.3362693786618</ele>
                <time>2026-05-28T19:36:50.998980045Z</time>
            </trkpt>
            <trkpt lat="42.255294299723815" lon="-84.46147383198557">
                <ele>308.3367576599118</ele>
                <time>2026-05-28T19:36:51.998968124Z</time>
            </trkpt>
            <trkpt lat="42.2552942578143" lon="-84.4614739158046">
                <ele>308.3360252380368</ele>
                <time>2026-05-28T19:36:52.998956203Z</time>
            </trkpt>
            <trkpt lat="42.25529417399527" lon="-84.4614739158046">
                <ele>308.3349266052243</ele>
                <time>2026-05-28T19:36:53.998944282Z</time>
            </trkpt>
            <trkpt lat="42.25529413208575" lon="-84.46147399962364">
                <ele>308.333156585693</ele>
                <time>2026-05-28T19:36:54.998931884Z</time>
            </trkpt>
            <trkpt lat="42.25529404826672" lon="-84.46147399962364">
                <ele>308.3313255310056</ele>
                <time>2026-05-28T19:36:55.998918533Z</time>
            </trkpt>
            <trkpt lat="42.255294006357204" lon="-84.46147408344267">
                <ele>308.3321189880368</ele>
                <time>2026-05-28T19:36:56.998906612Z</time>
            </trkpt>
            <trkpt lat="42.25529396444769" lon="-84.46147408344267">
                <ele>308.3314476013181</ele>
                <time>2026-05-28T19:36:57.998895406Z</time>
            </trkpt>
            <trkpt lat="42.25529392253817" lon="-84.4614741672617">
                <ele>308.3301658630368</ele>
                <time>2026-05-28T19:36:58.998882293Z</time>
            </trkpt>
            <trkpt lat="42.255293880628656" lon="-84.4614741672617">
                <ele>308.32955551147427</ele>
                <time>2026-05-28T19:36:59.998870372Z</time>
            </trkpt>
            <trkpt lat="42.25529383871914" lon="-84.46147425108073">
                <ele>308.32674789428677</ele>
                <time>2026-05-28T19:37:00.998858451Z</time>
            </trkpt>
            <trkpt lat="42.255293796809624" lon="-84.46147425108073">
                <ele>308.324123382568</ele>
                <time>2026-05-28T19:37:01.998846530Z</time>
            </trkpt>
            <trkpt lat="42.25529375490011" lon="-84.46147433489976">
                <ele>308.32479476928677</ele>
                <time>2026-05-28T19:37:02.998834609Z</time>
            </trkpt>
            <trkpt lat="42.25529371299059" lon="-84.46147433489976">
                <ele>308.32552719116177</ele>
                <time>2026-05-28T19:37:03.998821735Z</time>
            </trkpt>
            <trkpt lat="42.25529367108108" lon="-84.46147433489976">
                <ele>308.3222923278805</ele>
                <time>2026-05-28T19:37:04.998810768Z</time>
            </trkpt>
            <trkpt lat="42.25529367108108" lon="-84.4614744187188">
                <ele>308.3225364685056</ele>
                <time>2026-05-28T19:37:05.998797416Z</time>
            </trkpt>
            <trkpt lat="42.25529362917156" lon="-84.4614744187188">
                <ele>308.3255882263181</ele>
                <time>2026-05-28T19:37:06.998785972Z</time>
            </trkpt>
            <trkpt lat="42.25529362917156" lon="-84.4614744187188">
                <ele>308.325344085693</ele>
                <time>2026-05-28T19:37:07.998774528Z</time>
            </trkpt>
            <trkpt lat="42.25529362917156" lon="-84.46147450253783">
                <ele>308.3254051208493</ele>
                <time>2026-05-28T19:37:08.998761653Z</time>
            </trkpt>
            <trkpt lat="42.25529362917156" lon="-84.46147450253783">
                <ele>308.32650375366177</ele>
                <time>2026-05-28T19:37:09.998749732Z</time>
            </trkpt>
            <trkpt lat="42.25529362917156" lon="-84.46147458635686">
                <ele>308.3251609802243</ele>
                <time>2026-05-28T19:37:10.998737335Z</time>
            </trkpt>
            <trkpt lat="42.255293587262045" lon="-84.46147458635686">
                <ele>308.32186508178677</ele>
                <time>2026-05-28T19:37:11.998725652Z</time>
            </trkpt>
            <trkpt lat="42.25529354535253" lon="-84.46147458635686">
                <ele>308.3230857849118</ele>
                <time>2026-05-28T19:37:12.998714447Z</time>
            </trkpt>
            <trkpt lat="42.25529354535253" lon="-84.46147458635686">
                <ele>308.32284164428677</ele>
                <time>2026-05-28T19:37:13.998702049Z</time>
            </trkpt>
            <trkpt lat="42.25529354535253" lon="-84.46147467017589">
                <ele>308.3209495544431</ele>
                <time>2026-05-28T19:37:14.998689651Z</time>
            </trkpt>
            <trkpt lat="42.25529350344301" lon="-84.46147467017589">
                <ele>308.3199729919431</ele>
                <time>2026-05-28T19:37:15.998678207Z</time>
            </trkpt>
            <trkpt lat="42.25529350344301" lon="-84.46147467017589">
                <ele>308.32052230834927</ele>
                <time>2026-05-28T19:37:16.998665809Z</time>
            </trkpt>
            <trkpt lat="42.2552934615335" lon="-84.46147467017589">
                <ele>308.3174705505368</ele>
                <time>2026-05-28T19:37:17.998653888Z</time>
            </trkpt>
            <trkpt lat="42.25529341962398" lon="-84.46147475399492">
                <ele>308.31661605834927</ele>
                <time>2026-05-28T19:37:18.998641967Z</time>
            </trkpt>
            <trkpt lat="42.25529341962398" lon="-84.46147475399492">
                <ele>308.3153953552243</ele>
                <time>2026-05-28T19:37:19.998631Z</time>
            </trkpt>
            <trkpt lat="42.255293377714466" lon="-84.46147475399492">
                <ele>308.3144187927243</ele>
                <time>2026-05-28T19:37:20.998618602Z</time>
            </trkpt>
            <trkpt lat="42.25529341962398" lon="-84.46147475399492">
                <ele>308.31783676147427</ele>
                <time>2026-05-28T19:37:21.998606204Z</time>
            </trkpt>
            <trkpt lat="42.255293377714466" lon="-84.46147483781395">
                <ele>308.3153953552243</ele>
                <time>2026-05-28T19:37:22.998594045Z</time>
            </trkpt>
            <trkpt lat="42.25529333580495" lon="-84.46147483781395">
                <ele>308.3134422302243</ele>
                <time>2026-05-28T19:37:23.998582839Z</time>
            </trkpt>
            <trkpt lat="42.25529333580495" lon="-84.46147492163298">
                <ele>308.31393051147427</ele>
                <time>2026-05-28T19:37:24.998570680Z</time>
            </trkpt>
            <trkpt lat="42.255293293895434" lon="-84.46147492163298">
                <ele>308.3131980895993</ele>
                <time>2026-05-28T19:37:25.999110221Z</time>
            </trkpt>
            <trkpt lat="42.25529325198592" lon="-84.46147492163298">
                <ele>308.316310882568</ele>
                <time>2026-05-28T19:37:26.999119281Z</time>
            </trkpt>
            <trkpt lat="42.25529325198592" lon="-84.46147492163298">
                <ele>308.3182029724118</ele>
                <time>2026-05-28T19:37:27.999125480Z</time>
            </trkpt>
            <trkpt lat="42.25529325198592" lon="-84.46147492163298">
                <ele>308.3212547302243</ele>
                <time>2026-05-28T19:37:28.999141931Z</time>
            </trkpt>
            <trkpt lat="42.25529325198592" lon="-84.46147492163298">
                <ele>308.3201560974118</ele>
                <time>2026-05-28T19:37:29.999161720Z</time>
            </trkpt>
            <trkpt lat="42.25529325198592" lon="-84.46147500545202">
                <ele>308.3191184997555</ele>
                <time>2026-05-28T19:37:30.999176979Z</time>
            </trkpt>
            <trkpt lat="42.2552932100764" lon="-84.46147500545202">
                <ele>308.3193016052243</ele>
                <time>2026-05-28T19:37:31.999198913Z</time>
            </trkpt>
            <trkpt lat="42.25529325198592" lon="-84.46147500545202">
                <ele>308.32149887084927</ele>
                <time>2026-05-28T19:37:32.999221801Z</time>
            </trkpt>
            <trkpt lat="42.25529325198592" lon="-84.46147500545202">
                <ele>308.32052230834927</ele>
                <time>2026-05-28T19:37:33.999240398Z</time>
            </trkpt>
            <trkpt lat="42.2552932100764" lon="-84.46147500545202">
                <ele>308.3199729919431</ele>
                <time>2026-05-28T19:37:34.999265670Z</time>
            </trkpt>
            <trkpt lat="42.2552932100764" lon="-84.46147508927105">
                <ele>308.3162498474118</ele>
                <time>2026-05-28T19:37:35.999289512Z</time>
            </trkpt>
            <trkpt lat="42.25529316816689" lon="-84.46147508927105">
                <ele>308.3133201599118</ele>
                <time>2026-05-28T19:37:36.999307155Z</time>
            </trkpt>
            <trkpt lat="42.25529316816689" lon="-84.46147517309008">
                <ele>308.31258773803677</ele>
                <time>2026-05-28T19:37:37.999331474Z</time>
            </trkpt>
            <trkpt lat="42.25529316816689" lon="-84.46147517309008">
                <ele>308.3103294372555</ele>
                <time>2026-05-28T19:37:38.999354839Z</time>
            </trkpt>
            <trkpt lat="42.25529312625737" lon="-84.46147517309008">
                <ele>308.3091087341306</ele>
                <time>2026-05-28T19:37:39.999371290Z</time>
            </trkpt>
            <trkpt lat="42.25529312625737" lon="-84.46147525690911">
                <ele>308.31100082397427</ele>
                <time>2026-05-28T19:37:40.999387502Z</time>
            </trkpt>
            <trkpt lat="42.255293084347855" lon="-84.46147525690911">
                <ele>308.3100242614743</ele>
                <time>2026-05-28T19:37:41.999402046Z</time>
            </trkpt>
            <trkpt lat="42.255293084347855" lon="-84.46147525690911">
                <ele>308.312404632568</ele>
                <time>2026-05-28T19:37:42.999414682Z</time>
            </trkpt>
            <trkpt lat="42.25529304243834" lon="-84.46147534072814">
                <ele>308.31393051147427</ele>
                <time>2026-05-28T19:37:43.999427318Z</time>
            </trkpt>
            <trkpt lat="42.25529304243834" lon="-84.46147534072814">
                <ele>308.31368637084927</ele>
                <time>2026-05-28T19:37:44.999437808Z</time>
            </trkpt>
            <trkpt lat="42.25529300052882" lon="-84.46147534072814">
                <ele>308.3144187927243</ele>
                <time>2026-05-28T19:37:45.999445915Z</time>
            </trkpt>
            <trkpt lat="42.25529295861931" lon="-84.46147542454717">
                <ele>308.31185531616177</ele>
                <time>2026-05-28T19:37:46.999454498Z</time>
            </trkpt>
            <trkpt lat="42.25529295861931" lon="-84.46147542454717">
                <ele>308.3149681091306</ele>
                <time>2026-05-28T19:37:47.999461174Z</time>
            </trkpt>
            <trkpt lat="42.25529291670979" lon="-84.46147542454717">
                <ele>308.3151512145993</ele>
                <time>2026-05-28T19:37:48.999467372Z</time>
            </trkpt>
            <trkpt lat="42.25529291670979" lon="-84.46147542454717">
                <ele>308.3161277770993</ele>
                <time>2026-05-28T19:37:49.999472379Z</time>
            </trkpt>
            <trkpt lat="42.255292874800276" lon="-84.46147542454717">
                <ele>308.3164939880368</ele>
                <time>2026-05-28T19:37:50.999476432Z</time>
            </trkpt>
            <trkpt lat="42.25529283289076" lon="-84.4614755083662">
                <ele>308.31283187866177</ele>
                <time>2026-05-28T19:37:51.999479770Z</time>
            </trkpt>
            <trkpt lat="42.255292790981244" lon="-84.4614755083662">
                <ele>308.3080101013181</ele>
                <time>2026-05-28T19:37:52.999482631Z</time>
            </trkpt>
            <trkpt lat="42.25529274907173" lon="-84.46147559218524">
                <ele>308.30294418334927</ele>
                <time>2026-05-28T19:37:53.999484777Z</time>
            </trkpt>
            <trkpt lat="42.25529270716221" lon="-84.46147559218524">
                <ele>308.3017845153806</ele>
                <time>2026-05-28T19:37:54.999485015Z</time>
            </trkpt>
            <trkpt lat="42.255292665252696" lon="-84.46147559218524">
                <ele>308.3011131286618</ele>
                <time>2026-05-28T19:37:55.999485969Z</time>
            </trkpt>
            <trkpt lat="42.25529262334318" lon="-84.46147559218524">
                <ele>308.2956199645993</ele>
                <time>2026-05-28T19:37:56.999486684Z</time>
            </trkpt>
            <trkpt lat="42.255292581433665" lon="-84.46147567600427">
                <ele>308.2913475036618</ele>
                <time>2026-05-28T19:37:57.999485969Z</time>
            </trkpt>
            <trkpt lat="42.25529253952415" lon="-84.46147567600427">
                <ele>308.2854270935055</ele>
                <time>2026-05-28T19:37:58.999484777Z</time>
            </trkpt>
            <trkpt lat="42.25529253952415" lon="-84.4614757598233">
                <ele>308.28109359741177</ele>
                <time>2026-05-28T19:37:59.999483108Z</time>
            </trkpt>
            <trkpt lat="42.25529245570512" lon="-84.4614757598233">
                <ele>308.2775535583493</ele>
                <time>2026-05-28T19:38:00.999481678Z</time>
            </trkpt>
            <trkpt lat="42.2552924137956" lon="-84.46147584364233">
                <ele>308.27413558959927</ele>
                <time>2026-05-28T19:38:01.999478816Z</time>
            </trkpt>
            <trkpt lat="42.255292371886085" lon="-84.46147584364233">
                <ele>308.2700462341306</ele>
                <time>2026-05-28T19:38:02.999475955Z</time>
            </trkpt>
            <trkpt lat="42.25529232997657" lon="-84.46147592746136">
                <ele>308.26644515991177</ele>
                <time>2026-05-28T19:38:03.999472141Z</time>
            </trkpt>
            <trkpt lat="42.25529232997657" lon="-84.46147592746136">
                <ele>308.2636375427243</ele>
                <time>2026-05-28T19:38:04.999468326Z</time>
            </trkpt>
            <trkpt lat="42.255292288067054" lon="-84.46147592746136">
                <ele>308.26046371459927</ele>
                <time>2026-05-28T19:38:05.999465465Z</time>
            </trkpt>
            <trkpt lat="42.25529224615754" lon="-84.4614760112804">
                <ele>308.2568626403805</ele>
                <time>2026-05-28T19:38:06.999461174Z</time>
            </trkpt>
            <trkpt lat="42.25529220424802" lon="-84.4614760112804">
                <ele>308.25326156616177</ele>
                <time>2026-05-28T19:38:07.999456405Z</time>
            </trkpt>
            <trkpt lat="42.255292162338506" lon="-84.46147609509943">
                <ele>308.25045394897427</ele>
                <time>2026-05-28T19:38:08.999451637Z</time>
            </trkpt>
            <trkpt lat="42.25529212042899" lon="-84.46147609509943">
                <ele>308.24740219116177</ele>
                <time>2026-05-28T19:38:09.999446868Z</time>
            </trkpt>
            <trkpt lat="42.255292078519474" lon="-84.46147617891846">
                <ele>308.2429466247555</ele>
                <time>2026-05-28T19:38:10.999441146Z</time>
            </trkpt>
            <trkpt lat="42.25529203660996" lon="-84.46147617891846">
                <ele>308.23946762084927</ele>
                <time>2026-05-28T19:38:11.999436140Z</time>
            </trkpt>
            <trkpt lat="42.25529203660996" lon="-84.46147617891846">
                <ele>308.2378196716306</ele>
                <time>2026-05-28T19:38:12.999430179Z</time>
            </trkpt>
            <trkpt lat="42.25529199470044" lon="-84.46147626273749">
                <ele>308.235256195068</ele>
                <time>2026-05-28T19:38:13.999424219Z</time>
            </trkpt>
            <trkpt lat="42.25529195279093" lon="-84.46147634655652">
                <ele>308.23348617553677</ele>
                <time>2026-05-28T19:38:14.999417781Z</time>
            </trkpt>
            <trkpt lat="42.25529191088141" lon="-84.46147634655652">
                <ele>308.23067855834927</ele>
                <time>2026-05-28T19:38:15.999411582Z</time>
            </trkpt>
            <trkpt lat="42.255291868971895" lon="-84.46147634655652">
                <ele>308.23067855834927</ele>
                <time>2026-05-28T19:38:16.999404668Z</time>
            </trkpt>
            <trkpt lat="42.255291868971895" lon="-84.46147634655652">
                <ele>308.23153305053677</ele>
                <time>2026-05-28T19:38:17.999398231Z</time>
            </trkpt>
            <trkpt lat="42.25529182706238" lon="-84.46147643037555">
                <ele>308.22884750366177</ele>
                <time>2026-05-28T19:38:18.999392509Z</time>
            </trkpt>
            <trkpt lat="42.25529178515286" lon="-84.46147643037555">
                <ele>308.2303733825681</ele>
                <time>2026-05-28T19:38:19.999385356Z</time>
            </trkpt>
            <trkpt lat="42.25529174324335" lon="-84.46147643037555">
                <ele>308.22957992553677</ele>
                <time>2026-05-28T19:38:20.999378681Z</time>
            </trkpt>
            <trkpt lat="42.255291659424316" lon="-84.46147651419459">
                <ele>308.2290916442868</ele>
                <time>2026-05-28T19:38:21.999371051Z</time>
            </trkpt>
            <trkpt lat="42.2552916175148" lon="-84.46147651419459">
                <ele>308.2299461364743</ele>
                <time>2026-05-28T19:38:22.999363899Z</time>
            </trkpt>
            <trkpt lat="42.255291575605284" lon="-84.46147659801362">
                <ele>308.23067855834927</ele>
                <time>2026-05-28T19:38:23.999356269Z</time>
            </trkpt>
            <trkpt lat="42.25529153369577" lon="-84.46147659801362">
                <ele>308.2312889099118</ele>
                <time>2026-05-28T19:38:24.999348640Z</time>
            </trkpt>
            <trkpt lat="42.25529149178625" lon="-84.46147659801362">
                <ele>308.2328758239743</ele>
                <time>2026-05-28T19:38:25.999341487Z</time>
            </trkpt>
            <trkpt lat="42.25529140796722" lon="-84.46147659801362">
                <ele>308.2362937927243</ele>
                <time>2026-05-28T19:38:26.999333381Z</time>
            </trkpt>
            <trkpt lat="42.255291366057705" lon="-84.46147659801362">
                <ele>308.2382469177243</ele>
                <time>2026-05-28T19:38:27.999326705Z</time>
            </trkpt>
            <trkpt lat="42.25529132414819" lon="-84.46147668183265">
                <ele>308.2412986755368</ele>
                <time>2026-05-28T19:38:28.999317646Z</time>
            </trkpt>
            <trkpt lat="42.25529128223867" lon="-84.46147668183265">
                <ele>308.24459457397427</ele>
                <time>2026-05-28T19:38:29.999310493Z</time>
            </trkpt>
            <trkpt lat="42.25529124032916" lon="-84.46147668183265">
                <ele>308.2458152770993</ele>
                <time>2026-05-28T19:38:30.999303102Z</time>
            </trkpt>
            <trkpt lat="42.25529119841964" lon="-84.46147668183265">
                <ele>308.24837875366177</ele>
                <time>2026-05-28T19:38:31.999294757Z</time>
            </trkpt>
            <trkpt lat="42.255291156510125" lon="-84.46147668183265">
                <ele>308.25045394897427</ele>
                <time>2026-05-28T19:38:32.999287128Z</time>
            </trkpt>
            <trkpt lat="42.25529111460061" lon="-84.46147676565168">
                <ele>308.249904632568</ele>
                <time>2026-05-28T19:38:33.999278783Z</time>
            </trkpt>
            <trkpt lat="42.25529111460061" lon="-84.46147676565168">
                <ele>308.24642562866177</ele>
                <time>2026-05-28T19:38:34.999270677Z</time>
            </trkpt>
            <trkpt lat="42.25529103078158" lon="-84.46147684947071">
                <ele>308.24532699584927</ele>
                <time>2026-05-28T19:38:35.999262094Z</time>
            </trkpt>
            <trkpt lat="42.25529098887206" lon="-84.46147684947071">
                <ele>308.24654769897427</ele>
                <time>2026-05-28T19:38:36.999253749Z</time>
            </trkpt>
            <trkpt lat="42.25529090505303" lon="-84.46147684947071">
                <ele>308.24654769897427</ele>
                <time>2026-05-28T19:38:37.999245405Z</time>
            </trkpt>
            <trkpt lat="42.255290863143514" lon="-84.46147693328975">
                <ele>308.24862289428677</ele>
                <time>2026-05-28T19:38:38.999237298Z</time>
            </trkpt>
            <trkpt lat="42.25529077932448" lon="-84.46147693328975">
                <ele>308.2490501403805</ele>
                <time>2026-05-28T19:38:39.999228477Z</time>
            </trkpt>
            <trkpt lat="42.25528746847273" lon="-84.4614778552991">
                <ele>308.65597152709927</ele>
                <time>2026-05-28T19:38:40.999221086Z</time>
            </trkpt>
            <trkpt lat="42.25528000857891" lon="-84.4614807889652">
                <ele>308.8506736755368</ele>
                <time>2026-05-28T19:38:41.999211788Z</time>
            </trkpt>
            <trkpt lat="42.255280343855034" lon="-84.46147986695586">
                <ele>309.4462547302243</ele>
                <time>2026-05-28T19:38:42.999204158Z</time>
            </trkpt>
            <trkpt lat="42.25527875129343" lon="-84.46148246534584">
                <ele>309.7143821716305</ele>
                <time>2026-05-28T19:38:43.999195575Z</time>
            </trkpt>
            <trkpt lat="42.255277703555535" lon="-84.46148355499325">
                <ele>310.0398826599118</ele>
                <time>2026-05-28T19:38:44.999186515Z</time>
            </trkpt>
            <trkpt lat="42.25527774546505" lon="-84.4614858181071">
                <ele>310.3189353942868</ele>
                <time>2026-05-28T19:38:45.999178886Z</time>
            </trkpt>
            <trkpt lat="42.25527686536522" lon="-84.46148782976387">
                <ele>310.4358787536618</ele>
                <time>2026-05-28T19:38:46.999169826Z</time>
            </trkpt>
            <trkpt lat="42.25527502134652" lon="-84.46149000905869">
                <ele>310.8218650817868</ele>
                <time>2026-05-28T19:38:47.999161720Z</time>
            </trkpt>
            <trkpt lat="42.25527422506572" lon="-84.4614947867435">
                <ele>311.1343650817868</ele>
                <time>2026-05-28T19:38:48.999152660Z</time>
            </trkpt>
            <trkpt lat="42.25527489561797" lon="-84.46149210453449">
                <ele>311.6137962341306</ele>
                <time>2026-05-28T19:38:49.999144077Z</time>
            </trkpt>
            <trkpt lat="42.25527468607039" lon="-84.46149587639091">
                <ele>311.83248519897427</ele>
                <time>2026-05-28T19:38:50.999135255Z</time>
            </trkpt>
            <trkpt lat="42.25527250677557" lon="-84.46149948060928">
                <ele>312.0559959411618</ele>
                <time>2026-05-28T19:38:51.999126434Z</time>
            </trkpt>
            <trkpt lat="42.255271836223315" lon="-84.46149964824734">
                <ele>312.17611312866177</ele>
                <time>2026-05-28T19:38:52.999117851Z</time>
            </trkpt>
            <trkpt lat="42.25527217149944" lon="-84.46149512201963">
                <ele>312.1677513122556</ele>
                <time>2026-05-28T19:38:53.999108791Z</time>
            </trkpt>
            <trkpt lat="42.25527124949009" lon="-84.46149118252514">
                <ele>312.06014633178677</ele>
                <time>2026-05-28T19:38:54.999100208Z</time>
            </trkpt>
            <trkpt lat="42.255272548685085" lon="-84.46148942232547">
                <ele>311.9567527770993</ele>
                <time>2026-05-28T19:38:55.999092102Z</time>
            </trkpt>
            <trkpt lat="42.25527464416088" lon="-84.46148690775452">
                <ele>311.83553695678677</ele>
                <time>2026-05-28T19:38:56.999083518Z</time>
            </trkpt>
            <trkpt lat="42.25527640436054" lon="-84.46148648865936">
                <ele>311.9994773864743</ele>
                <time>2026-05-28T19:38:57.999074935Z</time>
            </trkpt>
            <trkpt lat="42.25527782928408" lon="-84.46148699157355">
                <ele>312.1692771911618</ele>
                <time>2026-05-28T19:38:58.999065876Z</time>
            </trkpt>
            <trkpt lat="42.25527875129343" lon="-84.46148657247839">
                <ele>312.1604270935056</ele>
                <time>2026-05-28T19:38:59.999057054Z</time>
            </trkpt>
            <trkpt lat="42.25527937993617" lon="-84.46148724303065">
                <ele>312.3118553161618</ele>
                <time>2026-05-28T19:39:00.999049186Z</time>
            </trkpt>
            <trkpt lat="42.25527967330278" lon="-84.46148774594484">
                <ele>312.4343528747555</ele>
                <time>2026-05-28T19:39:01.999039173Z</time>
            </trkpt>
            <trkpt lat="42.25527967330278" lon="-84.46148782976387">
                <ele>312.45479965209927</ele>
                <time>2026-05-28T19:39:02.999031543Z</time>
            </trkpt>
            <trkpt lat="42.25527967330278" lon="-84.46148808122096">
                <ele>312.482082366943</ele>
                <time>2026-05-28T19:39:03.999022722Z</time>
            </trkpt>
            <trkpt lat="42.25528252314986" lon="-84.46148799740193">
                <ele>312.83749008178677</ele>
                <time>2026-05-28T19:39:04.999013185Z</time>
            </trkpt>
            <trkpt lat="42.25528575018258" lon="-84.46149352945802">
                <ele>312.108058929443</ele>
                <time>2026-05-28T19:39:05.999004840Z</time>
            </trkpt>
            <trkpt lat="42.255285079630326" lon="-84.46150476120827">
                <ele>312.1316795349118</ele>
                <time>2026-05-28T19:39:06.998996257Z</time>
            </trkpt>
            <trkpt lat="42.25528193641664" lon="-84.46151289165435">
                <ele>311.3080101013181</ele>
                <time>2026-05-28T19:39:07.998986721Z</time>
            </trkpt>
            <trkpt lat="42.25528021812649" lon="-84.46152144119559">
                <ele>311.70113754272427</ele>
                <time>2026-05-28T19:39:08.998977422Z</time>
            </trkpt>
            <trkpt lat="42.25527766164602" lon="-84.4615309965652">
                <ele>312.17770004272427</ele>
                <time>2026-05-28T19:39:09.998969316Z</time>
            </trkpt>
            <trkpt lat="42.25527435079427" lon="-84.46154331796286">
                <ele>311.6888084411618</ele>
                <time>2026-05-28T19:39:10.998960971Z</time>
            </trkpt>
            <trkpt lat="42.25526953119994" lon="-84.46155630991278">
                <ele>311.94027328491177</ele>
                <time>2026-05-28T19:39:11.998952150Z</time>
            </trkpt>
            <trkpt lat="42.25526240658225" lon="-84.46156821221528">
                <ele>311.72494125366177</ele>
                <time>2026-05-28T19:39:12.998943328Z</time>
            </trkpt>
            <trkpt lat="42.25525138437958" lon="-84.46158028215585">
                <ele>311.4599266052243</ele>
                <time>2026-05-28T19:39:13.998934268Z</time>
            </trkpt>
            <trkpt lat="42.25523705132515" lon="-84.46159101099191">
                <ele>311.43087387084927</ele>
                <time>2026-05-28T19:39:14.998924732Z</time>
            </trkpt>
            <trkpt lat="42.255219533147525" lon="-84.46159595631478">
                <ele>311.02816390991177</ele>
                <time>2026-05-28T19:39:15.998916625Z</time>
            </trkpt>
            <trkpt lat="42.25520155396522" lon="-84.46159344174383">
                <ele>310.5323753356931</ele>
                <time>2026-05-28T19:39:16.998908042Z</time>
            </trkpt>
            <trkpt lat="42.25518403578759" lon="-84.4615830481839">
                <ele>310.6749534606931</ele>
                <time>2026-05-28T19:39:17.998899459Z</time>
            </trkpt>
            <trkpt lat="42.25516605660529" lon="-84.46156427272079">
                <ele>310.5022850036618</ele>
                <time>2026-05-28T19:39:18.998890399Z</time>
            </trkpt>
            <trkpt lat="42.25515197500796" lon="-84.46154063575385">
                <ele>310.8673973083493</ele>
                <time>2026-05-28T19:39:19.998880624Z</time>
            </trkpt>
            <trkpt lat="42.25514246154786" lon="-84.4615135622066">
                <ele>311.45785140991177</ele>
                <time>2026-05-28T19:39:20.998872280Z</time>
            </trkpt>
            <trkpt lat="42.255139192605625" lon="-84.46148221388874">
                <ele>312.354152679443</ele>
                <time>2026-05-28T19:39:21.998863220Z</time>
            </trkpt>
            <trkpt lat="42.25514300637157" lon="-84.46145053029475">
                <ele>311.90975570678677</ele>
                <time>2026-05-28T19:39:22.998853683Z</time>
            </trkpt>
            <trkpt lat="42.25515222646506" lon="-84.46142320529042">
                <ele>311.7708396911618</ele>
                <time>2026-05-28T19:39:23.998846054Z</time>
            </trkpt>
            <trkpt lat="42.25516534414352" lon="-84.46139948450444">
                <ele>311.45162582397427</ele>
                <time>2026-05-28T19:39:24.998837232Z</time>
            </trkpt>
            <trkpt lat="42.25517984483601" lon="-84.4613790326607">
                <ele>311.1907615661618</ele>
                <time>2026-05-28T19:39:25.998828411Z</time>
            </trkpt>
            <trkpt lat="42.255196147637676" lon="-84.46136109538791">
                <ele>311.0631980895993</ele>
                <time>2026-05-28T19:39:26.998818635Z</time>
            </trkpt>
            <trkpt lat="42.25521236662031" lon="-84.46134475067673">
                <ele>310.7948875427243</ele>
                <time>2026-05-28T19:39:27.998810291Z</time>
            </trkpt>
            <trkpt lat="42.25522921424569" lon="-84.46132916033683">
                <ele>310.72433090209927</ele>
                <time>2026-05-28T19:39:28.998801708Z</time>
            </trkpt>
            <trkpt lat="42.255246145690094" lon="-84.46131465964434">
                <ele>310.6632957458493</ele>
                <time>2026-05-28T19:39:29.998792409Z</time>
            </trkpt>
            <trkpt lat="42.25526219703467" lon="-84.46130208678959">
                <ele>310.5495262145993</ele>
                <time>2026-05-28T19:39:30.998784065Z</time>
            </trkpt>
            <trkpt lat="42.25527908656956" lon="-84.46129085503934">
                <ele>310.4675559997555</ele>
                <time>2026-05-28T19:39:31.998993873Z</time>
            </trkpt>
            <trkpt lat="42.255297945851694" lon="-84.46127995856521">
                <ele>310.51461410522427</ele>
                <time>2026-05-28T19:39:32.998996734Z</time>
            </trkpt>
            <trkpt lat="42.25531739186705" lon="-84.46127098992882">
                <ele>310.75619125366177</ele>
                <time>2026-05-28T19:39:33.999003410Z</time>
            </trkpt>
            <trkpt lat="42.25533675406338" lon="-84.46126503877757">
                <ele>310.92440414428677</ele>
                <time>2026-05-28T19:39:34.999014854Z</time>
            </trkpt>
            <trkpt lat="42.25535720590712" lon="-84.46126126692114">
                <ele>310.87777328491177</ele>
                <time>2026-05-28T19:39:35.999032497Z</time>
            </trkpt>
            <trkpt lat="42.25537824448408" lon="-84.46125933908341">
                <ele>311.00924301147427</ele>
                <time>2026-05-28T19:39:36.999051570Z</time>
            </trkpt>
            <trkpt lat="42.255400624165546" lon="-84.46125707596956">
                <ele>311.0393943786618</ele>
                <time>2026-05-28T19:39:37.999074935Z</time>
            </trkpt>
            <trkpt lat="42.25542283620895" lon="-84.46125330411313">
                <ele>310.94979476928677</ele>
                <time>2026-05-28T19:39:38.999098777Z</time>
            </trkpt>
            <trkpt lat="42.255445844533156" lon="-84.46124752059994">
                <ele>311.22201156616177</ele>
                <time>2026-05-28T19:39:39.999122142Z</time>
            </trkpt>
            <trkpt lat="42.25546860140027" lon="-84.4612410665345">
                <ele>311.4384422302243</ele>
                <time>2026-05-28T19:39:40.999148368Z</time>
            </trkpt>
            <trkpt lat="42.25549110681028" lon="-84.46123528302131">
                <ele>311.5727806091305</ele>
                <time>2026-05-28T19:39:41.999170780Z</time>
            </trkpt>
            <trkpt lat="42.25551541432948" lon="-84.46123167880295">
                <ele>311.362941741943</ele>
                <time>2026-05-28T19:39:42.999194860Z</time>
            </trkpt>
            <trkpt lat="42.25554009903432" lon="-84.4612302538794">
                <ele>311.2898826599118</ele>
                <time>2026-05-28T19:39:43.999220848Z</time>
            </trkpt>
            <trkpt lat="42.25556583147706" lon="-84.46122949950812">
                <ele>311.06454086303677</ele>
                <time>2026-05-28T19:39:44.999245643Z</time>
            </trkpt>
            <trkpt lat="42.255593575576555" lon="-84.46122782312749">
                <ele>310.9880027770993</ele>
                <time>2026-05-28T19:39:45.999269008Z</time>
            </trkpt>
            <trkpt lat="42.2556214454046" lon="-84.46122514091847">
                <ele>310.80355453491177</ele>
                <time>2026-05-28T19:39:46.999290943Z</time>
            </trkpt>
            <trkpt lat="42.25564965050877" lon="-84.4612222910714">
                <ele>310.6053123474118</ele>
                <time>2026-05-28T19:39:47.999310970Z</time>
            </trkpt>
            <trkpt lat="42.25567697551311" lon="-84.46121935740528">
                <ele>310.4248313903805</ele>
                <time>2026-05-28T19:39:48.999330282Z</time>
            </trkpt>
            <trkpt lat="42.255699313285064" lon="-84.46121717811046">
                <ele>310.249660491943</ele>
                <time>2026-05-28T19:39:49.999347448Z</time>
            </trkpt>
            <trkpt lat="42.25571758583398" lon="-84.46121583700595">
                <ele>309.96249008178677</ele>
                <time>2026-05-28T19:39:50.999363422Z</time>
            </trkpt>
            <trkpt lat="42.255732086526464" lon="-84.46121592082498">
                <ele>310.03268051147427</ele>
                <time>2026-05-28T19:39:51.999378681Z</time>
            </trkpt>
            <trkpt lat="42.255741180891405" lon="-84.46121592082498">
                <ele>309.7984275817868</ele>
                <time>2026-05-28T19:39:52.999392509Z</time>
            </trkpt>
            <trkpt lat="42.25574507847638" lon="-84.46121600464402">
                <ele>309.4978904724118</ele>
                <time>2026-05-28T19:39:53.999404430Z</time>
            </trkpt>
            <trkpt lat="42.25574558139057" lon="-84.46121642373917">
                <ele>309.34884262084927</ele>
                <time>2026-05-28T19:39:54.999416351Z</time>
            </trkpt>
            <trkpt lat="42.255745623300086" lon="-84.4612170104724">
                <ele>309.3415794372555</ele>
                <time>2026-05-28T19:39:55.999425411Z</time>
            </trkpt>
            <trkpt lat="42.255745329933475" lon="-84.46121784866271">
                <ele>309.6590232849118</ele>
                <time>2026-05-28T19:39:56.999433517Z</time>
            </trkpt>
            <trkpt lat="42.25574495274783" lon="-84.46121927358625">
                <ele>309.9191551208493</ele>
                <time>2026-05-28T19:39:57.999440670Z</time>
            </trkpt>
            <trkpt lat="42.255745120385896" lon="-84.46122036323366">
                <ele>310.1331443786618</ele>
                <time>2026-05-28T19:39:58.999445438Z</time>
            </trkpt>
            <trkpt lat="42.255744827019285" lon="-84.46122162051914">
                <ele>310.39779281616177</ele>
                <time>2026-05-28T19:39:59.999451398Z</time>
            </trkpt>
            <trkpt lat="42.25574491083832" lon="-84.46122237489043">
                <ele>310.4562034606931</ele>
                <time>2026-05-28T19:40:00.999455451Z</time>
            </trkpt>
            <trkpt lat="42.25574520420493" lon="-84.46122271016655">
                <ele>310.5109519958493</ele>
                <time>2026-05-28T19:40:01.999459981Z</time>
            </trkpt>
            <trkpt lat="42.25571071295749" lon="-84.46124390580741">
                <ele>-99999.9999999999</ele>
                <time>2026-05-28T19:40:16.982273101Z</time>
            </trkpt>
            <trkpt lat="42.25569993734157" lon="-84.46125044496016">
                <ele>310.2062939237962</ele>
                <time>2026-05-28T19:40:26.565171957Z</time>
            </trkpt>
            <trkpt lat="42.255691288261545" lon="-84.46125569363048">
                <ele>310.2062939237962</ele>
                <time>2026-05-28T19:40:32.574717044Z</time>
            </trkpt>
            <trkpt lat="42.25568419261247" lon="-84.46125999960552">
                <ele>310.2062939237962</ele>
                <time>2026-05-28T19:40:39.014001846Z</time>
            </trkpt>
            <trkpt lat="42.25567826638723" lon="-84.46126359591892">
                <ele>310.2062939237962</ele>
                <time>2026-05-28T19:40:45.077787876Z</time>
            </trkpt>
            <trkpt lat="42.25567302903635" lon="-84.46126677419082">
                <ele>310.2062939237962</ele>
                <time>2026-05-28T19:40:54.659214973Z</time>
            </trkpt>
            <trkpt lat="42.255659419174364" lon="-84.46127503329795">
                <ele>310.2062939237962</ele>
                <time>2026-05-28T19:41:00.667943954Z</time>
            </trkpt>
            <trkpt lat="42.255642567371474" lon="-84.46128525976795">
                <ele>310.2062939237962</ele>
                <time>2026-05-28T19:41:06.673995971Z</time>
            </trkpt>
            <trkpt lat="42.25563039991029" lon="-84.46129264355814">
                <ele>310.2062939237962</ele>
                <time>2026-05-28T19:41:12.683634996Z</time>
            </trkpt>
            <trkpt lat="42.255623255592496" lon="-84.46129697906761">
                <ele>310.2062939237962</ele>
                <time>2026-05-28T19:41:19.882296085Z</time>
            </trkpt>
            <trkpt lat="42.255618745430176" lon="-84.46129971604715">
                <ele>310.2062939237962</ele>
                <time>2026-05-28T19:41:25.886949062Z</time>
            </trkpt>
            <trkpt lat="42.255616018527434" lon="-84.46130137086053">
                <ele>310.2062939237962</ele>
                <time>2026-05-28T19:41:31.896831035Z</time>
            </trkpt>
            <trkpt lat="42.255614425058944" lon="-84.46130233785249">
                <ele>310.2062939237962</ele>
                <time>2026-05-28T19:41:37.906086921Z</time>
            </trkpt>
            <trkpt lat="42.255613532067386" lon="-84.46130287976193">
                <ele>310.2062939237962</ele>
                <time>2026-05-28T19:41:43.914914131Z</time>
            </trkpt>
            <trkpt lat="42.25561300776736" lon="-84.46130319793195">
                <ele>310.2062939237962</ele>
                <time>2026-05-28T19:41:49.924378871Z</time>
            </trkpt>
            <trkpt lat="42.25561270754147" lon="-84.46130338012323">
                <ele>310.2062939237962</ele>
                <time>2026-05-28T19:41:55.932131052Z</time>
            </trkpt>
            <trkpt lat="42.25784101527395" lon="-84.46141113534985">
                <ele>287.4344139099118</ele>
                <time>2026-05-28T19:42:02.580961227Z</time>
            </trkpt>
            <trkpt lat="42.25788673855575" lon="-84.46126679897723">
                <ele>289.3112449645993</ele>
                <time>2026-05-28T19:42:03.580956220Z</time>
            </trkpt>
            <trkpt lat="42.2580031631908" lon="-84.46129705764768">
                <ele>306.4618797302243</ele>
                <time>2026-05-28T19:42:04.998945474Z</time>
            </trkpt>
            <trkpt lat="42.258053286971766" lon="-84.46131147452114">
                <ele>310.117336273193</ele>
                <time>2026-05-28T19:42:05.998942375Z</time>
            </trkpt>
            <trkpt lat="42.258114013860244" lon="-84.46131449200628">
                <ele>309.89022445678677</ele>
                <time>2026-05-28T19:42:06.998979806Z</time>
            </trkpt>
            <trkpt lat="42.25816313181283" lon="-84.46131298326371">
                <ele>309.5136375427243</ele>
                <time>2026-05-28T19:42:07.998989582Z</time>
            </trkpt>
            <trkpt lat="42.2582130041367" lon="-84.46131658748207">
                <ele>309.0940818786618</ele>
                <time>2026-05-28T19:42:08.999001026Z</time>
            </trkpt>
            <trkpt lat="42.25826065525623" lon="-84.46132480174718">
                <ele>308.96871566772427</ele>
                <time>2026-05-28T19:42:09.999019145Z</time>
            </trkpt>
            <trkpt lat="42.258308767380434" lon="-84.46133905098257">
                <ele>308.8003807067868</ele>
                <time>2026-05-28T19:42:10.999042272Z</time>
            </trkpt>
            <trkpt lat="42.258353275286275" lon="-84.46135933518825">
                <ele>308.7695579528805</ele>
                <time>2026-05-28T19:42:11.999067783Z</time>
            </trkpt>
            <trkpt lat="42.25839308932634" lon="-84.46138992913482">
                <ele>308.95992660522427</ele>
                <time>2026-05-28T19:42:12.999094963Z</time>
            </trkpt>
            <trkpt lat="42.258431687990445" lon="-84.46142270237623">
                <ele>308.4280662536618</ele>
                <time>2026-05-28T19:42:13.999124526Z</time>
            </trkpt>
            <trkpt lat="42.258469825649875" lon="-84.46146528244434">
                <ele>308.74227523803677</ele>
                <time>2026-05-28T19:42:14.999152898Z</time>
            </trkpt>
            <trkpt lat="42.25850783758076" lon="-84.46150467738924">
                <ele>309.0317039489743</ele>
                <time>2026-05-28T19:42:15.999181509Z</time>
            </trkpt>
            <trkpt lat="42.25853960499378" lon="-84.46154667072413">
                <ele>308.9772605895993</ele>
                <time>2026-05-28T19:42:16.999209880Z</time>
            </trkpt>
            <trkpt lat="42.25857166577341" lon="-84.46159193300126">
                <ele>308.8910789489743</ele>
                <time>2026-05-28T19:42:17.999238252Z</time>
            </trkpt>
            <trkpt lat="42.25860091861548" lon="-84.46163711145935">
                <ele>308.8694114685055</ele>
                <time>2026-05-28T19:42:18.999266624Z</time>
            </trkpt>
            <trkpt lat="42.25862945899578" lon="-84.46168354720292">
                <ele>308.4506492614743</ele>
                <time>2026-05-28T19:42:19.999295711Z</time>
            </trkpt>
            <trkpt lat="42.258657706009465" lon="-84.46173040204165">
                <ele>308.4916648864743</ele>
                <time>2026-05-28T19:42:20.999321222Z</time>
            </trkpt>
            <trkpt lat="42.2586860787517" lon="-84.46177708924232">
                <ele>308.73849105834927</ele>
                <time>2026-05-28T19:42:21.999344825Z</time>
            </trkpt>
            <trkpt lat="42.25871269129427" lon="-84.4618280512136">
                <ele>308.6152000427243</ele>
                <time>2026-05-28T19:42:22.999366760Z</time>
            </trkpt>
            <trkpt lat="42.2587431595123" lon="-84.46187658243296">
                <ele>308.5752220153806</ele>
                <time>2026-05-28T19:42:23.999387502Z</time>
            </trkpt>
            <trkpt lat="42.2587690595931" lon="-84.4619245269191">
                <ele>308.38814926147427</ele>
                <time>2026-05-28T19:42:24.999406337Z</time>
            </trkpt>
            <trkpt lat="42.258797222787756" lon="-84.46197146557687">
                <ele>307.9880027770993</ele>
                <time>2026-05-28T19:42:25.999424219Z</time>
            </trkpt>
            <trkpt lat="42.258828193919975" lon="-84.4620183204156">
                <ele>308.090480804443</ele>
                <time>2026-05-28T19:42:26.999440670Z</time>
            </trkpt>
            <trkpt lat="42.258866038212794" lon="-84.46206266068337">
                <ele>307.8542137145993</ele>
                <time>2026-05-28T19:42:27.999455928Z</time>
            </trkpt>
            <trkpt lat="42.25889977537306" lon="-84.46211278446434">
                <ele>308.2270164489743</ele>
                <time>2026-05-28T19:42:28.999470710Z</time>
            </trkpt>
            <trkpt lat="42.25893808067055" lon="-84.46216039367435">
                <ele>308.3778343200681</ele>
                <time>2026-05-28T19:42:29.999483585Z</time>
            </trkpt>
            <trkpt lat="42.25897697270127" lon="-84.46220900871275">
                <ele>308.36703109741177</ele>
                <time>2026-05-28T19:42:30.999496221Z</time>
            </trkpt>
            <trkpt lat="42.259017583022136" lon="-84.46225695319889">
                <ele>308.2854881286618</ele>
                <time>2026-05-28T19:42:31.999507427Z</time>
            </trkpt>
            <trkpt lat="42.25905601404818" lon="-84.462304813866">
                <ele>308.2854881286618</ele>
                <time>2026-05-28T19:42:32.999517917Z</time>
            </trkpt>
            <trkpt lat="42.25909645673098" lon="-84.46235116579054">
                <ele>308.1936302185055</ele>
                <time>2026-05-28T19:42:33.999527454Z</time>
            </trkpt>
            <trkpt lat="42.259134342933315" lon="-84.46240162484763">
                <ele>308.1093406677243</ele>
                <time>2026-05-28T19:42:34.999536752Z</time>
            </trkpt>
            <trkpt lat="42.259164811151344" lon="-84.46245669395147">
                <ele>307.9244041442868</ele>
                <time>2026-05-28T19:42:35.999545097Z</time>
            </trkpt>
            <trkpt lat="42.259201230520624" lon="-84.46251377471206">
                <ele>307.8468284606931</ele>
                <time>2026-05-28T19:42:36.999553203Z</time>
            </trkpt>
            <trkpt lat="42.25923354275735" lon="-84.46256800562558">
                <ele>307.5218162536618</ele>
                <time>2026-05-28T19:42:37.999559164Z</time>
            </trkpt>
            <trkpt lat="42.25925856273832" lon="-84.46262743331907">
                <ele>307.30257797241177</ele>
                <time>2026-05-28T19:42:38.999566078Z</time>
            </trkpt>
            <trkpt lat="42.25927289579274" lon="-84.462688034479">
                <ele>307.3958396911618</ele>
                <time>2026-05-28T19:42:39.999571323Z</time>
            </trkpt>
            <trkpt lat="42.25928312171461" lon="-84.46275123402891">
                <ele>307.9867820739743</ele>
                <time>2026-05-28T19:42:40.999576807Z</time>
            </trkpt>
            <trkpt lat="42.25929464683147" lon="-84.46280965589402">
                <ele>308.14339828491177</ele>
                <time>2026-05-28T19:42:41.999582529Z</time>
            </trkpt>
            <trkpt lat="42.25929670039775" lon="-84.46286330007432">
                <ele>308.09420394897427</ele>
                <time>2026-05-28T19:42:42.999586105Z</time>
            </trkpt>
            <trkpt lat="42.25929527547421" lon="-84.46292448796747">
                <ele>308.18624496459927</ele>
                <time>2026-05-28T19:42:43.999590396Z</time>
            </trkpt>
            <trkpt lat="42.25928869568022" lon="-84.46298223928032">
                <ele>308.3200340270993</ele>
                <time>2026-05-28T19:42:44.999594211Z</time>
            </trkpt>
            <trkpt lat="42.25927691910626" lon="-84.46303261451838">
                <ele>308.08407211303677</ele>
                <time>2026-05-28T19:42:45.999597311Z</time>
            </trkpt>
            <trkpt lat="42.259256676810104" lon="-84.46308483377514">
                <ele>308.4992332458493</ele>
                <time>2026-05-28T19:42:46.999600887Z</time>
            </trkpt>
            <trkpt lat="42.259234003762025" lon="-84.46314384237347">
                <ele>308.2531394958493</ele>
                <time>2026-05-28T19:42:47.999602794Z</time>
            </trkpt>
            <trkpt lat="42.25921078589024" lon="-84.46319622926829">
                <ele>308.43246078491177</ele>
                <time>2026-05-28T19:42:48.999605417Z</time>
            </trkpt>
            <trkpt lat="42.25918597545685" lon="-84.4632528071147">
                <ele>308.5791893005368</ele>
                <time>2026-05-28T19:42:49.999606609Z</time>
            </trkpt>
            <trkpt lat="42.259163470046836" lon="-84.46331340827463">
                <ele>308.6433372497556</ele>
                <time>2026-05-28T19:42:50.999608993Z</time>
            </trkpt>
            <trkpt lat="42.25914125800343" lon="-84.4633733388823">
                <ele>308.5209617614743</ele>
                <time>2026-05-28T19:42:51.999610185Z</time>
            </trkpt>
            <trkpt lat="42.25911808204116" lon="-84.4634343591374">
                <ele>308.6376609802243</ele>
                <time>2026-05-28T19:42:52.999611854Z</time>
            </trkpt>
            <trkpt lat="42.25909209814133" lon="-84.46349697195409">
                <ele>308.9590110778806</ele>
                <time>2026-05-28T19:42:53.999612092Z</time>
            </trkpt>
            <trkpt lat="42.25906732961746" lon="-84.4635599200469">
                <ele>309.3848533630368</ele>
                <time>2026-05-28T19:42:54.999613285Z</time>
            </trkpt>
            <trkpt lat="42.25904599767389" lon="-84.46362429306326">
                <ele>309.62789535522427</ele>
                <time>2026-05-28T19:42:55.999613046Z</time>
            </trkpt>
            <trkpt lat="42.2590254201016" lon="-84.46369587451635">
                <ele>309.69112777709927</ele>
                <time>2026-05-28T19:42:56.999614715Z</time>
            </trkpt>
            <trkpt lat="42.259003627153355" lon="-84.46376779124556">
                <ele>309.6899070739743</ele>
                <time>2026-05-28T19:42:57.999614238Z</time>
            </trkpt>
            <trkpt lat="42.25898133129092" lon="-84.46384171963153">
                <ele>309.8628807067868</ele>
                <time>2026-05-28T19:42:58.999614953Z</time>
            </trkpt>
            <trkpt lat="42.2589598736188" lon="-84.463914306913">
                <ele>309.89229965209927</ele>
                <time>2026-05-28T19:42:59.999614715Z</time>
            </trkpt>
            <trkpt lat="42.25893682338508" lon="-84.46398764856575">
                <ele>310.025295257568</ele>
                <time>2026-05-28T19:43:00.999614238Z</time>
            </trkpt>
            <trkpt lat="42.25891289305152" lon="-84.46406342097042">
                <ele>309.9337425231931</ele>
                <time>2026-05-28T19:43:01.999613285Z</time>
            </trkpt>
            <trkpt lat="42.25888833407523" lon="-84.46413961247025">
                <ele>310.1508445739743</ele>
                <time>2026-05-28T19:43:02.999613761Z</time>
            </trkpt>
            <trkpt lat="42.258861470075566" lon="-84.46421706125555">
                <ele>310.38705062866177</ele>
                <time>2026-05-28T19:43:03.999613285Z</time>
            </trkpt>
            <trkpt lat="42.258832426781076" lon="-84.46429694079278">
                <ele>310.4191551208493</ele>
                <time>2026-05-28T19:43:04.999611377Z</time>
            </trkpt>
            <trkpt lat="42.25880384449126" lon="-84.4643770717871">
                <ele>310.44417953491177</ele>
                <time>2026-05-28T19:43:05.999611377Z</time>
            </trkpt>
            <trkpt lat="42.25877534602048" lon="-84.46445996880946">
                <ele>310.4352073669431</ele>
                <time>2026-05-28T19:43:06.999610185Z</time>
            </trkpt>
            <trkpt lat="42.25875237960579" lon="-84.46453624412833">
                <ele>310.019435882568</ele>
                <time>2026-05-28T19:43:07.999609470Z</time>
            </trkpt>
            <trkpt lat="42.2587249288729" lon="-84.4646218233597">
                <ele>310.023342132568</ele>
                <time>2026-05-28T19:43:08.999608993Z</time>
            </trkpt>
            <trkpt lat="42.2586966399497" lon="-84.46470513947723">
                <ele>309.9478416442868</ele>
                <time>2026-05-28T19:43:09.999607086Z</time>
            </trkpt>
            <trkpt lat="42.25866533354135" lon="-84.46479214363215">
                <ele>310.0956687927243</ele>
                <time>2026-05-28T19:43:10.999606132Z</time>
            </trkpt>
            <trkpt lat="42.25863599688025" lon="-84.46487545974968">
                <ele>310.1830101013181</ele>
                <time>2026-05-28T19:43:11.999604701Z</time>
            </trkpt>
            <trkpt lat="42.25860565439077" lon="-84.46496045224784">
                <ele>310.26424789428677</ele>
                <time>2026-05-28T19:43:12.999603033Z</time>
            </trkpt>
            <trkpt lat="42.258577281648535" lon="-84.46504821077404">
                <ele>310.28792953491177</ele>
                <time>2026-05-28T19:43:13.999601840Z</time>
            </trkpt>
            <trkpt lat="42.258547944987434" lon="-84.46513596930025">
                <ele>310.2045555114743</ele>
                <time>2026-05-28T19:43:14.999600410Z</time>
            </trkpt>
            <trkpt lat="42.25851793777408" lon="-84.46522397928355">
                <ele>310.3002586364743</ele>
                <time>2026-05-28T19:43:15.999599456Z</time>
            </trkpt>
            <trkpt lat="42.25849304352166" lon="-84.46530955851493">
                <ele>310.33822250366177</ele>
                <time>2026-05-28T19:43:16.999597787Z</time>
            </trkpt>
            <trkpt lat="42.25847150203051" lon="-84.46539362900374">
                <ele>310.08517074584927</ele>
                <time>2026-05-28T19:43:17.999596118Z</time>
            </trkpt>
            <trkpt lat="42.25845197219612" lon="-84.46547686130224">
                <ele>309.55074691772427</ele>
                <time>2026-05-28T19:43:18.999594211Z</time>
            </trkpt>
            <trkpt lat="42.25842502437742" lon="-84.46556596093295">
                <ele>309.4330101013181</ele>
                <time>2026-05-28T19:43:19.999591827Z</time>
            </trkpt>
            <trkpt lat="42.258397280277926" lon="-84.46565564729688">
                <ele>309.4548606872556</ele>
                <time>2026-05-28T19:43:20.999591112Z</time>
            </trkpt>
            <trkpt lat="42.25836861416908" lon="-84.46574768059371">
                <ele>309.4533348083493</ele>
                <time>2026-05-28T19:43:21.999588489Z</time>
            </trkpt>
            <trkpt lat="42.258338397408146" lon="-84.46583786987183">
                <ele>309.3185691833493</ele>
                <time>2026-05-28T19:43:22.999587059Z</time>
            </trkpt>
            <trkpt lat="42.258308348285276" lon="-84.46593241773961">
                <ele>309.5349388122556</ele>
                <time>2026-05-28T19:43:23.999585151Z</time>
            </trkpt>
            <trkpt lat="42.2582801431811" lon="-84.46602973163543">
                <ele>309.77425765991177</ele>
                <time>2026-05-28T19:43:24.999582767Z</time>
            </trkpt>
            <trkpt lat="42.25825114179613" lon="-84.46612327367482">
                <ele>309.9846458435055</ele>
                <time>2026-05-28T19:43:25.999581336Z</time>
            </trkpt>
            <trkpt lat="42.258226415181774" lon="-84.46621396586714">
                <ele>309.74679183959927</ele>
                <time>2026-05-28T19:43:26.999579668Z</time>
            </trkpt>
            <trkpt lat="42.258199383544046" lon="-84.4663111121249">
                <ele>309.7023582458493</ele>
                <time>2026-05-28T19:43:27.999577999Z</time>
            </trkpt>
            <trkpt lat="42.258175117934364" lon="-84.46640800692556">
                <ele>309.87728500366177</ele>
                <time>2026-05-28T19:43:28.999575614Z</time>
            </trkpt>
            <trkpt lat="42.25814695473971" lon="-84.46650171660302">
                <ele>309.9096946716306</ele>
                <time>2026-05-28T19:43:29.999574184Z</time>
            </trkpt>
            <trkpt lat="42.25811535496475" lon="-84.46659752175627">
                <ele>310.02193832397427</ele>
                <time>2026-05-28T19:43:30.999571323Z</time>
            </trkpt>
            <trkpt lat="42.258082120718676" lon="-84.46669500329016">
                <ele>310.1182518005368</ele>
                <time>2026-05-28T19:43:31.999569892Z</time>
            </trkpt>
            <trkpt lat="42.258047922553736" lon="-84.46678988643406">
                <ele>310.07027816772427</ele>
                <time>2026-05-28T19:43:32.999567508Z</time>
            </trkpt>
            <trkpt lat="42.25801498167427" lon="-84.4668840990257">
                <ele>310.2309226989743</ele>
                <time>2026-05-28T19:43:33.999565601Z</time>
            </trkpt>
            <trkpt lat="42.25798220843287" lon="-84.46697982035992">
                <ele>310.3434104919431</ele>
                <time>2026-05-28T19:43:34.999563694Z</time>
            </trkpt>
            <trkpt lat="42.25795065056743" lon="-84.46707637988446">
                <ele>310.4169578552243</ele>
                <time>2026-05-28T19:43:35.999561309Z</time>
            </trkpt>
            <trkpt lat="42.257923786567765" lon="-84.46717369378028">
                <ele>310.4562034606931</ele>
                <time>2026-05-28T19:43:36.999558687Z</time>
            </trkpt>
            <trkpt lat="42.25789503663989" lon="-84.46727293551383">
                <ele>310.57979965209927</ele>
                <time>2026-05-28T19:43:37.999557256Z</time>
            </trkpt>
            <trkpt lat="42.257868340278286" lon="-84.46737125523804">
                <ele>310.70443344116177</ele>
                <time>2026-05-28T19:43:38.999554395Z</time>
            </trkpt>
            <trkpt lat="42.25783808160784" lon="-84.46746831767676">
                <ele>310.7171287536618</ele>
                <time>2026-05-28T19:43:39.999553203Z</time>
            </trkpt>
            <trkpt lat="42.2578062722853" lon="-84.4675683137816">
                <ele>310.5743064880368</ele>
                <time>2026-05-28T19:43:40.999550104Z</time>
            </trkpt>
            <trkpt lat="42.25777521733405" lon="-84.46766755551515">
                <ele>310.67171859741177</ele>
                <time>2026-05-28T19:43:41.999548912Z</time>
            </trkpt>
            <trkpt lat="42.25774395283522" lon="-84.46776805453418">
                <ele>310.7156028747556</ele>
                <time>2026-05-28T19:43:42.999546527Z</time>
            </trkpt>
            <trkpt lat="42.25771252069833" lon="-84.46786846973417">
                <ele>311.10226058959927</ele>
                <time>2026-05-28T19:43:43.999543428Z</time>
            </trkpt>
            <trkpt lat="42.257680250371116" lon="-84.46796796292482">
                <ele>310.9938621520993</ele>
                <time>2026-05-28T19:43:44.999542236Z</time>
            </trkpt>
            <trkpt lat="42.2576447949207" lon="-84.46806837812481">
                <ele>311.0678977966306</ele>
                <time>2026-05-28T19:43:45.999539613Z</time>
            </trkpt>
            <trkpt lat="42.257608040275294" lon="-84.46817130789576">
                <ele>310.8929100036618</ele>
                <time>2026-05-28T19:43:46.999537229Z</time>
            </trkpt>
            <trkpt lat="42.25757254291536" lon="-84.46827407002864">
                <ele>310.8161888122556</ele>
                <time>2026-05-28T19:43:47.999535560Z</time>
            </trkpt>
            <trkpt lat="42.25753784183623" lon="-84.46837632924733">
                <ele>310.8279685974118</ele>
                <time>2026-05-28T19:43:48.999532938Z</time>
            </trkpt>
            <trkpt lat="42.257505026685315" lon="-84.46847674444734">
                <ele>310.8135032653806</ele>
                <time>2026-05-28T19:43:49.999531030Z</time>
            </trkpt>
            <trkpt lat="42.257470828520376" lon="-84.46857766256153">
                <ele>310.867580413818</ele>
                <time>2026-05-28T19:43:50.999528884Z</time>
            </trkpt>
            <trkpt lat="42.25743742663624" lon="-84.468679335047">
                <ele>311.0009422302243</ele>
                <time>2026-05-28T19:43:51.999526500Z</time>
            </trkpt>
            <trkpt lat="42.257405282037574" lon="-84.4687826839131">
                <ele>311.03585433959927</ele>
                <time>2026-05-28T19:43:52.999524116Z</time>
            </trkpt>
            <trkpt lat="42.257388182955104" lon="-84.46887530394315">
                <ele>310.48299789428677</ele>
                <time>2026-05-28T19:43:53.999521493Z</time>
            </trkpt>
            <trkpt lat="42.25736685101153" lon="-84.46897236638188">
                <ele>310.1549949645993</ele>
                <time>2026-05-28T19:43:54.999520063Z</time>
            </trkpt>
            <trkpt lat="42.257342250125724" lon="-84.4690744579625">
                <ele>309.8146629333493</ele>
                <time>2026-05-28T19:43:55.999516963Z</time>
            </trkpt>
            <trkpt lat="42.25731266200753" lon="-84.46917847738086">
                <ele>309.48458480834927</ele>
                <time>2026-05-28T19:43:56.999514579Z</time>
            </trkpt>
            <trkpt lat="42.25728311579885" lon="-84.46927922785699">
                <ele>308.91939926147427</ele>
                <time>2026-05-28T19:43:57.999513149Z</time>
            </trkpt>
            <trkpt lat="42.25725051019551" lon="-84.46938140325665">
                <ele>308.91231918334927</ele>
                <time>2026-05-28T19:43:58.999510765Z</time>
            </trkpt>
            <trkpt lat="42.257223562376815" lon="-84.46947427474379">
                <ele>309.0060691833493</ele>
                <time>2026-05-28T19:43:59.999508619Z</time>
            </trkpt>
            <trkpt lat="42.257198165210205" lon="-84.46956102744161">
                <ele>309.0443992614743</ele>
                <time>2026-05-28T19:44:00.999506473Z</time>
            </trkpt>
            <trkpt lat="42.25717385769101" lon="-84.46964233190238">
                <ele>308.9549827575681</ele>
                <time>2026-05-28T19:44:01.999503374Z</time>
            </trkpt>
            <trkpt lat="42.2571474127865" lon="-84.46970745929002">
                <ele>308.74508285522427</ele>
                <time>2026-05-28T19:44:02.999501705Z</time>
            </trkpt>
            <trkpt lat="42.2571170283875" lon="-84.46976671934544">
                <ele>308.7237205505368</ele>
                <time>2026-05-28T19:44:03.999499320Z</time>
            </trkpt>
            <trkpt lat="42.257075789423894" lon="-84.46981499910771">
                <ele>308.9021263122555</ele>
                <time>2026-05-28T19:44:04.999496936Z</time>
            </trkpt>
            <trkpt lat="42.25703434091271" lon="-84.46985372350036">
                <ele>308.8319969177243</ele>
                <time>2026-05-28T19:44:05.999494075Z</time>
            </trkpt>
            <trkpt lat="42.25699113220186" lon="-84.46988062940954">
                <ele>308.8811302185055</ele>
                <time>2026-05-28T19:44:06.999492406Z</time>
            </trkpt>
            <trkpt lat="42.256943648720394" lon="-84.46990602657615">
                <ele>308.8247947692868</ele>
                <time>2026-05-28T19:44:07.999490022Z</time>
            </trkpt>
            <trkpt lat="42.25689930845262" lon="-84.46993159138083">
                <ele>308.7134056091306</ele>
                <time>2026-05-28T19:44:08.999487400Z</time>
            </trkpt>
            <trkpt lat="42.256856015922736" lon="-84.46995673709034">
                <ele>308.8161277770993</ele>
                <time>2026-05-28T19:44:09.999485492Z</time>
            </trkpt>
            <trkpt lat="42.256814441683005" lon="-84.46999227635979">
                <ele>308.5545310974118</ele>
                <time>2026-05-28T19:44:10.999483108Z</time>
            </trkpt>
            <trkpt lat="42.256770813877" lon="-84.47002974346697">
                <ele>308.5481224060056</ele>
                <time>2026-05-28T19:44:11.999480247Z</time>
            </trkpt>
            <trkpt lat="42.25673682525964" lon="-84.47007408373474">
                <ele>308.89645004272427</ele>
                <time>2026-05-28T19:44:12.999534130Z</time>
            </trkpt>
            <trkpt lat="42.25671222437383" lon="-84.47011666380286">
                <ele>308.6064720153806</ele>
                <time>2026-05-28T19:44:13.999535799Z</time>
            </trkpt>
            <trkpt lat="42.25669378418685" lon="-84.47015890859484">
                <ele>308.86593246459927</ele>
                <time>2026-05-28T19:44:14.999538898Z</time>
            </trkpt>
            <trkpt lat="42.25667760711373" lon="-84.47020442232906">
                <ele>308.8584861755368</ele>
                <time>2026-05-28T19:44:15.999544143Z</time>
            </trkpt>
            <trkpt lat="42.25666557908268" lon="-84.4702436496359">
                <ele>308.6115989685056</ele>
                <time>2026-05-28T19:44:16.999552965Z</time>
            </trkpt>
            <trkpt lat="42.25666101094545" lon="-84.47029083975076">
                <ele>308.50790023803677</ele>
                <time>2026-05-28T19:44:17.999560832Z</time>
            </trkpt>
            <trkpt lat="42.256662268230926" lon="-84.47033199489533">
                <ele>308.6933250427243</ele>
                <time>2026-05-28T19:44:18.999570846Z</time>
            </trkpt>
            <trkpt lat="42.25667111113877" lon="-84.470362840299">
                <ele>308.3073387145993</ele>
                <time>2026-05-28T19:44:19.999580383Z</time>
            </trkpt>
            <trkpt lat="42.2566870367548" lon="-84.47039159022688">
                <ele>308.2409324645993</ele>
                <time>2026-05-28T19:44:20.999589920Z</time>
            </trkpt>
            <trkpt lat="42.25670556076081" lon="-84.47041179061353">
                <ele>308.3095970153806</ele>
                <time>2026-05-28T19:44:21.999598503Z</time>
            </trkpt>
            <trkpt lat="42.25672416858585" lon="-84.4704199210596">
                <ele>308.39779281616177</ele>
                <time>2026-05-28T19:44:22.999609947Z</time>
            </trkpt>
            <trkpt lat="42.25673921410204" lon="-84.47042436346828">
                <ele>308.0558738708493</ele>
                <time>2026-05-28T19:44:23.999621391Z</time>
            </trkpt>
            <trkpt lat="42.25674885329069" lon="-84.47042612366795">
                <ele>307.7516136169431</ele>
                <time>2026-05-28T19:44:24.999632596Z</time>
            </trkpt>
            <trkpt lat="42.25675350524695" lon="-84.47042629130601">
                <ele>307.4948387145993</ele>
                <time>2026-05-28T19:44:25.999644756Z</time>
            </trkpt>
            <trkpt lat="42.25675409198017" lon="-84.47042344145893">
                <ele>307.4381980895993</ele>
                <time>2026-05-28T19:44:26.999655485Z</time>
            </trkpt>
            <trkpt lat="42.25675467871339" lon="-84.47042168125927">
                <ele>307.40157699584927</ele>
                <time>2026-05-28T19:44:27.999666213Z</time>
            </trkpt>
            <trkpt lat="42.25675551690371" lon="-84.47042050779282">
                <ele>307.4139060974118</ele>
                <time>2026-05-28T19:44:28.999676227Z</time>
            </trkpt>
            <trkpt lat="42.256756480822574" lon="-84.4704196696025">
                <ele>307.32503890991177</ele>
                <time>2026-05-28T19:44:29.999684810Z</time>
            </trkpt>
            <trkpt lat="42.256757570469986" lon="-84.47041883141219">
                <ele>307.23324203491177</ele>
                <time>2026-05-28T19:44:30.999693870Z</time>
            </trkpt>
            <trkpt lat="42.2567584086603" lon="-84.4704185799551">
                <ele>307.2178611755368</ele>
                <time>2026-05-28T19:44:31.999701261Z</time>
            </trkpt>
            <trkpt lat="42.25675912112207" lon="-84.47041866377413">
                <ele>307.2170066833493</ele>
                <time>2026-05-28T19:44:32.999709129Z</time>
            </trkpt>
            <trkpt lat="42.256759707855295" lon="-84.47041874759316">
                <ele>307.2456932067868</ele>
                <time>2026-05-28T19:44:33.999714851Z</time>
            </trkpt>
            <trkpt lat="42.256760210769485" lon="-84.47041883141219">
                <ele>307.30526351928677</ele>
                <time>2026-05-28T19:44:34.999721527Z</time>
            </trkpt>
            <trkpt lat="42.25676054604561" lon="-84.47041891523122">
                <ele>307.34408187866177</ele>
                <time>2026-05-28T19:44:35.999727725Z</time>
            </trkpt>
            <trkpt lat="42.25676083941222" lon="-84.47041916668832">
                <ele>307.3363914489743</ele>
                <time>2026-05-28T19:44:36.999732971Z</time>
            </trkpt>
            <trkpt lat="42.25676109086932" lon="-84.47041933432638">
                <ele>307.3561668395993</ele>
                <time>2026-05-28T19:44:37.999738454Z</time>
            </trkpt>
            <trkpt lat="42.25676138423593" lon="-84.47041950196444">
                <ele>307.3711204528805</ele>
                <time>2026-05-28T19:44:38.999742269Z</time>
            </trkpt>
            <trkpt lat="42.25676159378351" lon="-84.47041975342154">
                <ele>307.3809471130368</ele>
                <time>2026-05-28T19:44:39.999747276Z</time>
            </trkpt>
            <trkpt lat="42.256761845240604" lon="-84.4704199210596">
                <ele>307.39059066772427</ele>
                <time>2026-05-28T19:44:40.999751329Z</time>
            </trkpt>
            <trkpt lat="42.2567620966977" lon="-84.47042008869767">
                <ele>307.4002952575681</ele>
                <time>2026-05-28T19:44:41.999754905Z</time>
            </trkpt>
            <trkpt lat="42.256762348154794" lon="-84.47042025633573">
                <ele>307.4089012145993</ele>
                <time>2026-05-28T19:44:42.999758481Z</time>
            </trkpt>
            <trkpt lat="42.25676255770237" lon="-84.47042034015476">
                <ele>307.4184226989743</ele>
                <time>2026-05-28T19:44:43.999760627Z</time>
            </trkpt>
            <trkpt lat="42.25676276724995" lon="-84.47042050779282">
                <ele>307.4282493591306</ele>
                <time>2026-05-28T19:44:44.999763965Z</time>
            </trkpt>
            <trkpt lat="42.25676297679753" lon="-84.47042067543089">
                <ele>307.43917465209927</ele>
                <time>2026-05-28T19:44:45.999765872Z</time>
            </trkpt>
            <trkpt lat="42.25676318634511" lon="-84.47042075924992">
                <ele>307.44991683959927</ele>
                <time>2026-05-28T19:44:46.999768257Z</time>
            </trkpt>
            <trkpt lat="42.256763353983175" lon="-84.47042092688798">
                <ele>307.4602928161618</ele>
                <time>2026-05-28T19:44:47.999770641Z</time>
            </trkpt>
            <trkpt lat="42.25676352162124" lon="-84.47042101070701">
                <ele>307.4693260192868</ele>
                <time>2026-05-28T19:44:48.999772787Z</time>
            </trkpt>
            <trkpt lat="42.2567636892593" lon="-84.47042117834508">
                <ele>307.4781150817868</ele>
                <time>2026-05-28T19:44:49.999774456Z</time>
            </trkpt>
            <trkpt lat="42.256763856897365" lon="-84.47042126216411">
                <ele>307.486965179443</ele>
                <time>2026-05-28T19:44:50.999776363Z</time>
            </trkpt>
            <trkpt lat="42.25676398262591" lon="-84.47042142980217">
                <ele>307.49532699584927</ele>
                <time>2026-05-28T19:44:51.999777317Z</time>
            </trkpt>
            <trkpt lat="42.256764150263976" lon="-84.4704215136212">
                <ele>307.5039939880368</ele>
                <time>2026-05-28T19:44:52.999778270Z</time>
            </trkpt>
            <trkpt lat="42.25676427599252" lon="-84.47042159744024">
                <ele>307.51205062866177</ele>
                <time>2026-05-28T19:44:53.999780178Z</time>
            </trkpt>
            <trkpt lat="42.25676440172107" lon="-84.4704217650783">
                <ele>307.5198631286618</ele>
                <time>2026-05-28T19:44:54.999780416Z</time>
            </trkpt>
            <trkpt lat="42.256764569359134" lon="-84.47042184889733">
                <ele>307.5268821716306</ele>
                <time>2026-05-28T19:44:55.999781131Z</time>
            </trkpt>
            <trkpt lat="42.25676469508768" lon="-84.47042193271636">
                <ele>307.5343894958493</ele>
                <time>2026-05-28T19:44:56.999782085Z</time>
            </trkpt>
            <trkpt lat="42.25676482081623" lon="-84.47042210035443">
                <ele>307.5426902770993</ele>
                <time>2026-05-28T19:44:57.999783039Z</time>
            </trkpt>
            <trkpt lat="42.25676494654478" lon="-84.47042218417346">
                <ele>307.55172348022427</ele>
                <time>2026-05-28T19:44:58.999783515Z</time>
            </trkpt>
            <trkpt lat="42.256765072273325" lon="-84.47042226799249">
                <ele>307.5605735778806</ele>
                <time>2026-05-28T19:44:59.999784231Z</time>
            </trkpt>
            <trkpt lat="42.25676515609236" lon="-84.47042235181152">
                <ele>307.5701560974118</ele>
                <time>2026-05-28T19:45:00.999783515Z</time>
            </trkpt>
            <trkpt lat="42.25676523991139" lon="-84.47042243563055">
                <ele>307.5779685974118</ele>
                <time>2026-05-28T19:45:01.999784469Z</time>
            </trkpt>
            <trkpt lat="42.25676532373042" lon="-84.47042251944958">
                <ele>307.58456039428677</ele>
                <time>2026-05-28T19:45:02.999784946Z</time>
            </trkpt>
            <trkpt lat="42.25676419217349" lon="-84.47042101070701">
                <ele>307.38936996459927</ele>
                <time>2026-05-28T19:45:03.999784946Z</time>
            </trkpt>
            <trkpt lat="42.25676117468835" lon="-84.47041740648865">
                <ele>307.640529632568</ele>
                <time>2026-05-28T19:45:04.999784231Z</time>
            </trkpt>
            <trkpt lat="42.256757696198534" lon="-84.47041438900351">
                <ele>307.5147361755368</ele>
                <time>2026-05-28T19:45:05.999784469Z</time>
            </trkpt>
            <trkpt lat="42.25675467871339" lon="-84.47041338317513">
                <ele>307.1305809020993</ele>
                <time>2026-05-28T19:45:06.999783992Z</time>
            </trkpt>
            <trkpt lat="42.25675321188034" lon="-84.470413047899">
                <ele>307.0171775817868</ele>
                <time>2026-05-28T19:45:07.999783992Z</time>
            </trkpt>
            <trkpt lat="42.256751703137766" lon="-84.47041321553706">
                <ele>306.97079086303677</ele>
                <time>2026-05-28T19:45:08.999783992Z</time>
            </trkpt>
            <trkpt lat="42.25675036203326" lon="-84.47041288026094">
                <ele>306.99459457397427</ele>
                <time>2026-05-28T19:45:09.999783992Z</time>
            </trkpt>
            <trkpt lat="42.256748895200204" lon="-84.47041262880384">
                <ele>306.9919090270993</ele>
                <time>2026-05-28T19:45:10.999783277Z</time>
            </trkpt>
            <trkpt lat="42.25674793128134" lon="-84.47041246116578">
                <ele>306.9791526794431</ele>
                <time>2026-05-28T19:45:11.999782562Z</time>
            </trkpt>
            <trkpt lat="42.25674793128134" lon="-84.47041237734675">
                <ele>307.00960922241177</ele>
                <time>2026-05-28T19:45:12.999783039Z</time>
            </trkpt>
            <trkpt lat="42.256748266557466" lon="-84.47041271262287">
                <ele>306.95504379272427</ele>
                <time>2026-05-28T19:45:13.999782085Z</time>
            </trkpt>
            <trkpt lat="42.25674843419553" lon="-84.47041288026094">
                <ele>306.92342758178677</ele>
                <time>2026-05-28T19:45:14.999781608Z</time>
            </trkpt>
            <trkpt lat="42.25674843419553" lon="-84.470413047899">
                <ele>306.9128684997555</ele>
                <time>2026-05-28T19:45:15.999780654Z</time>
            </trkpt>
            <trkpt lat="42.2567483503765" lon="-84.47041313171803">
                <ele>306.8971824645993</ele>
                <time>2026-05-28T19:45:16.999780178Z</time>
            </trkpt>
            <trkpt lat="42.25674822464795" lon="-84.4704132993561">
                <ele>306.8894309997555</ele>
                <time>2026-05-28T19:45:17.999780178Z</time>
            </trkpt>
            <trkpt lat="42.2567480989194" lon="-84.47041338317513">
                <ele>306.8800926208493</ele>
                <time>2026-05-28T19:45:18.999779462Z</time>
            </trkpt>
            <trkpt lat="42.25674793128134" lon="-84.47041338317513">
                <ele>306.85811996459927</ele>
                <time>2026-05-28T19:45:19.999778270Z</time>
            </trkpt>
            <trkpt lat="42.256747763643276" lon="-84.47041346699416">
                <ele>306.8474388122556</ele>
                <time>2026-05-28T19:45:20.999777317Z</time>
            </trkpt>
            <trkpt lat="42.25674759600521" lon="-84.47041346699416">
                <ele>306.84017562866177</ele>
                <time>2026-05-28T19:45:21.999777317Z</time>
            </trkpt>
            <trkpt lat="42.256747470276665" lon="-84.47041355081319">
                <ele>306.8337059020993</ele>
                <time>2026-05-28T19:45:22.999776124Z</time>
            </trkpt>
            <trkpt lat="42.25674734454812" lon="-84.47041363463222">
                <ele>306.8251609802243</ele>
                <time>2026-05-28T19:45:23.999775409Z</time>
            </trkpt>
            <trkpt lat="42.25674721881957" lon="-84.47041371845125">
                <ele>306.8162498474118</ele>
                <time>2026-05-28T19:45:24.999774456Z</time>
            </trkpt>
            <trkpt lat="42.25674709309102" lon="-84.47041380227029">
                <ele>306.8098411560056</ele>
                <time>2026-05-28T19:45:25.999773979Z</time>
            </trkpt>
            <trkpt lat="42.256746967362474" lon="-84.47041380227029">
                <ele>306.8044090270993</ele>
                <time>2026-05-28T19:45:26.999773502Z</time>
            </trkpt>
            <trkpt lat="42.25674679972441" lon="-84.47041388608932">
                <ele>306.8000144958493</ele>
                <time>2026-05-28T19:45:27.999772071Z</time>
            </trkpt>
            <trkpt lat="42.25674667399586" lon="-84.47041396990835">
                <ele>306.79391098022427</ele>
                <time>2026-05-28T19:45:28.999772071Z</time>
            </trkpt>
            <trkpt lat="42.2567465063578" lon="-84.47041405372738">
                <ele>306.7864646911618</ele>
                <time>2026-05-28T19:45:29.999770164Z</time>
            </trkpt>
            <trkpt lat="42.25674638062925" lon="-84.47041405372738">
                <ele>306.7803611755368</ele>
                <time>2026-05-28T19:45:30.999769210Z</time>
            </trkpt>
            <trkpt lat="42.256746254900705" lon="-84.47041413754641">
                <ele>306.787258148193</ele>
                <time>2026-05-28T19:45:31.999769210Z</time>
            </trkpt>
            <trkpt lat="42.25674612917216" lon="-84.47041413754641">
                <ele>306.7877464294431</ele>
                <time>2026-05-28T19:45:32.999767780Z</time>
            </trkpt>
            <trkpt lat="42.25674600344361" lon="-84.47041422136544">
                <ele>306.7884178161618</ele>
                <time>2026-05-28T19:45:33.999767303Z</time>
            </trkpt>
            <trkpt lat="42.25674587771506" lon="-84.47041430518448">
                <ele>306.7933006286618</ele>
                <time>2026-05-28T19:45:34.999766349Z</time>
            </trkpt>
            <trkpt lat="42.256745710077" lon="-84.47041438900351">
                <ele>306.7978782653806</ele>
                <time>2026-05-28T19:45:35.999765396Z</time>
            </trkpt>
            <trkpt lat="42.25674558434845" lon="-84.47041447282254">
                <ele>306.7994651794431</ele>
                <time>2026-05-28T19:45:36.999764204Z</time>
            </trkpt>
            <trkpt lat="42.2567454586199" lon="-84.47041447282254">
                <ele>306.80160140991177</ele>
                <time>2026-05-28T19:45:37.999762773Z</time>
            </trkpt>
            <trkpt lat="42.256745332891356" lon="-84.47041455664157">
                <ele>306.8022117614743</ele>
                <time>2026-05-28T19:45:38.999762535Z</time>
            </trkpt>
            <trkpt lat="42.25674520716281" lon="-84.4704146404606">
                <ele>306.8029441833493</ele>
                <time>2026-05-28T19:45:39.999761581Z</time>
            </trkpt>
            <trkpt lat="42.25674508143426" lon="-84.47041472427964">
                <ele>306.8019676208493</ele>
                <time>2026-05-28T19:45:40.999760627Z</time>
            </trkpt>
            <trkpt lat="42.25674499761523" lon="-84.47041480809867">
                <ele>306.8019065856931</ele>
                <time>2026-05-28T19:45:41.999759197Z</time>
            </trkpt>
            <trkpt lat="42.25674487188668" lon="-84.47041480809867">
                <ele>306.802150726318</ele>
                <time>2026-05-28T19:45:42.999758243Z</time>
            </trkpt>
            <trkpt lat="42.25674478806765" lon="-84.4704148919177">
                <ele>306.8017845153806</ele>
                <time>2026-05-28T19:45:43.999757528Z</time>
            </trkpt>
            <trkpt lat="42.2567446623391" lon="-84.4704148919177">
                <ele>306.8028831481931</ele>
                <time>2026-05-28T19:45:44.999756336Z</time>
            </trkpt>
            <trkpt lat="42.25674457852007" lon="-84.47041497573673">
                <ele>306.80257797241177</ele>
                <time>2026-05-28T19:45:45.999755382Z</time>
            </trkpt>
            <trkpt lat="42.25674445279152" lon="-84.47041505955576">
                <ele>306.7998313903806</ele>
                <time>2026-05-28T19:45:46.999754905Z</time>
            </trkpt>
            <trkpt lat="42.25674436897249" lon="-84.4704151433748">
                <ele>306.7967796325681</ele>
                <time>2026-05-28T19:45:47.999753952Z</time>
            </trkpt>
            <trkpt lat="42.25674428515346" lon="-84.47041522719383">
                <ele>306.7950096130368</ele>
                <time>2026-05-28T19:45:48.999752998Z</time>
            </trkpt>
            <trkpt lat="42.25674415942491" lon="-84.47041522719383">
                <ele>306.7912864685055</ele>
                <time>2026-05-28T19:45:49.999751806Z</time>
            </trkpt>
            <trkpt lat="42.256744117515396" lon="-84.47041531101286">
                <ele>306.78683090209927</ele>
                <time>2026-05-28T19:45:50.999750852Z</time>
            </trkpt>
            <trkpt lat="42.256744033696364" lon="-84.47041539483189">
                <ele>306.7823143005368</ele>
                <time>2026-05-28T19:45:51.999749183Z</time>
            </trkpt>
            <trkpt lat="42.25674394987733" lon="-84.47041539483189">
                <ele>306.7766990661618</ele>
                <time>2026-05-28T19:45:52.999748706Z</time>
            </trkpt>
            <trkpt lat="42.2567438660583" lon="-84.47041547865092">
                <ele>306.7704734802243</ele>
                <time>2026-05-28T19:45:53.999747276Z</time>
            </trkpt>
            <trkpt lat="42.25674378223927" lon="-84.47041547865092">
                <ele>306.7664451599118</ele>
                <time>2026-05-28T19:45:54.999746799Z</time>
            </trkpt>
            <trkpt lat="42.25674369842024" lon="-84.47041556246995">
                <ele>306.75997543334927</ele>
                <time>2026-05-28T19:45:55.999745607Z</time>
            </trkpt>
            <trkpt lat="42.256743614601206" lon="-84.47041556246995">
                <ele>306.7554588317868</ele>
                <time>2026-05-28T19:45:56.999744415Z</time>
            </trkpt>
            <trkpt lat="42.256743530782174" lon="-84.47041556246995">
                <ele>306.7523460388181</ele>
                <time>2026-05-28T19:45:57.999743461Z</time>
            </trkpt>
            <trkpt lat="42.25674348887266" lon="-84.47041564628898">
                <ele>306.74618148803677</ele>
                <time>2026-05-28T19:45:58.999742507Z</time>
            </trkpt>
            <trkpt lat="42.256743405053626" lon="-84.47041564628898">
                <ele>306.7409324645993</ele>
                <time>2026-05-28T19:45:59.999741315Z</time>
            </trkpt>
            <trkpt lat="42.256743321234595" lon="-84.47041573010802">
                <ele>306.7362327575681</ele>
                <time>2026-05-28T19:46:00.999739646Z</time>
            </trkpt>
            <trkpt lat="42.25674323741556" lon="-84.47041573010802">
                <ele>306.7302513122556</ele>
                <time>2026-05-28T19:46:01.999738693Z</time>
            </trkpt>
            <trkpt lat="42.25674315359653" lon="-84.47041581392705">
                <ele>306.72652816772427</ele>
                <time>2026-05-28T19:46:02.999738216Z</time>
            </trkpt>
            <trkpt lat="42.256743111687015" lon="-84.47041589774608">
                <ele>306.7220115661618</ele>
                <time>2026-05-28T19:46:03.999737024Z</time>
            </trkpt>
            <trkpt lat="42.256743027867984" lon="-84.47041589774608">
                <ele>306.71847152709927</ele>
                <time>2026-05-28T19:46:04.999735832Z</time>
            </trkpt>
            <trkpt lat="42.25674294404895" lon="-84.47041598156511">
                <ele>306.7160301208493</ele>
                <time>2026-05-28T19:46:05.999734878Z</time>
            </trkpt>
            <trkpt lat="42.25674286022992" lon="-84.47041606538414">
                <ele>306.7128562927243</ele>
                <time>2026-05-28T19:46:06.999734163Z</time>
            </trkpt>
            <trkpt lat="42.256742818320404" lon="-84.47041606538414">
                <ele>306.7064476013181</ele>
                <time>2026-05-28T19:46:07.999732971Z</time>
            </trkpt>
            <trkpt lat="42.25674273450137" lon="-84.47041614920317">
                <ele>306.7002830505368</ele>
                <time>2026-05-28T19:46:08.999731540Z</time>
            </trkpt>
            <trkpt lat="42.25674269259186" lon="-84.47041614920317">
                <ele>306.6931419372556</ele>
                <time>2026-05-28T19:46:09.999730348Z</time>
            </trkpt>
            <trkpt lat="42.25674265068234" lon="-84.4704162330222">
                <ele>306.6877098083493</ele>
                <time>2026-05-28T19:46:10.999729633Z</time>
            </trkpt>
            <trkpt lat="42.25674256686331" lon="-84.4704162330222">
                <ele>306.68185043334927</ele>
                <time>2026-05-28T19:46:11.999729156Z</time>
            </trkpt>
            <trkpt lat="42.25674252495379" lon="-84.4704162330222">
                <ele>306.67489242553677</ele>
                <time>2026-05-28T19:46:12.999727725Z</time>
            </trkpt>
            <trkpt lat="42.256743530782174" lon="-84.47041681975543">
                <ele>305.6885032653806</ele>
                <time>2026-05-28T19:46:13.999726295Z</time>
            </trkpt>
            <trkpt lat="42.25674273450137" lon="-84.47041447282254">
                <ele>304.8338279724118</ele>
                <time>2026-05-28T19:46:14.999724864Z</time>
            </trkpt>
            <trkpt lat="42.25674143530638" lon="-84.4704132993561">
                <ele>303.9537620544431</ele>
                <time>2026-05-28T19:46:15.999724864Z</time>
            </trkpt>
            <trkpt lat="42.256739968473326" lon="-84.4704117067945">
                <ele>303.2121849060055</ele>
                <time>2026-05-28T19:46:16.999723196Z</time>
            </trkpt>
            <trkpt lat="42.25673913028301" lon="-84.47041153915643">
                <ele>302.8337059020993</ele>
                <time>2026-05-28T19:46:17.999722003Z</time>
            </trkpt>
            <trkpt lat="42.2567377891785" lon="-84.47041053332805">
                <ele>302.6265525817868</ele>
                <time>2026-05-28T19:46:18.999705076Z</time>
            </trkpt>
            <trkpt lat="42.256736741440605" lon="-84.47041086860418">
                <ele>302.3391990661618</ele>
                <time>2026-05-28T19:46:19.999705553Z</time>
            </trkpt>
            <trkpt lat="42.25673535842658" lon="-84.47041095242321">
                <ele>302.15462875366177</ele>
                <time>2026-05-28T19:46:20.999707460Z</time>
            </trkpt>
            <trkpt lat="42.25673485551239" lon="-84.4704112038803">
                <ele>301.8947410583493</ele>
                <time>2026-05-28T19:46:21.999710083Z</time>
            </trkpt>
            <trkpt lat="42.256735735612224" lon="-84.47041044950902">
                <ele>302.1896018981931</ele>
                <time>2026-05-28T19:46:22.999712944Z</time>
            </trkpt>
            <trkpt lat="42.25673648998351" lon="-84.47041003041386">
                <ele>302.29330062866177</ele>
                <time>2026-05-28T19:46:23.999718666Z</time>
            </trkpt>
            <trkpt lat="42.25673669953109" lon="-84.4704098627758">
                <ele>302.2516136169431</ele>
                <time>2026-05-28T19:46:24.999725103Z</time>
            </trkpt>
            <trkpt lat="42.2567369928977" lon="-84.47040977895676">
                <ele>302.26449203491177</ele>
                <time>2026-05-28T19:46:25.999729871Z</time>
            </trkpt>
            <trkpt lat="42.256737034807216" lon="-84.4704098627758">
                <ele>302.2450828552243</ele>
                <time>2026-05-28T19:46:26.999764680Z</time>
            </trkpt>
            <trkpt lat="42.256737244354795" lon="-84.47040994659483">
                <ele>302.2975730895993</ele>
                <time>2026-05-28T19:46:27.999745368Z</time>
            </trkpt>
            <trkpt lat="42.25673741199286" lon="-84.47040994659483">
                <ele>302.32589340209927</ele>
                <time>2026-05-28T19:46:28.999749898Z</time>
            </trkpt>
            <trkpt lat="42.256737453902375" lon="-84.47040994659483">
                <ele>302.3224754333493</ele>
                <time>2026-05-28T19:46:29.999756097Z</time>
            </trkpt>
            <trkpt lat="42.256737453902375" lon="-84.47040994659483">
                <ele>302.3284568786618</ele>
                <time>2026-05-28T19:46:30.999763965Z</time>
            </trkpt>
            <trkpt lat="42.256737453902375" lon="-84.47040994659483">
                <ele>302.3274192810055</ele>
                <time>2026-05-28T19:46:31.999771118Z</time>
            </trkpt>
            <trkpt lat="42.256737453902375" lon="-84.47041003041386">
                <ele>302.33089828491177</ele>
                <time>2026-05-28T19:46:32.999779224Z</time>
            </trkpt>
            <trkpt lat="42.256737453902375" lon="-84.47041003041386">
                <ele>302.3336448669431</ele>
                <time>2026-05-28T19:46:33.999786376Z</time>
            </trkpt>
            <trkpt lat="42.256737453902375" lon="-84.47041003041386">
                <ele>302.3395652770993</ele>
                <time>2026-05-28T19:46:34.999793052Z</time>
            </trkpt>
            <trkpt lat="42.256737453902375" lon="-84.47041003041386">
                <ele>302.3431053161618</ele>
                <time>2026-05-28T19:46:35.999800443Z</time>
            </trkpt>
            <trkpt lat="42.25673741199286" lon="-84.47041003041386">
                <ele>302.34579086303677</ele>
                <time>2026-05-28T19:46:36.999806404Z</time>
            </trkpt>
            <trkpt lat="42.25673741199286" lon="-84.47040994659483">
                <ele>302.34762191772427</ele>
                <time>2026-05-28T19:46:37.999812126Z</time>
            </trkpt>
            <trkpt lat="42.25673929792107" lon="-84.47040977895676">
                <ele>303.2052879333493</ele>
                <time>2026-05-28T19:46:38.999817609Z</time>
            </trkpt>
            <trkpt lat="42.256743321234595" lon="-84.4704093598616">
                <ele>304.0006980895993</ele>
                <time>2026-05-28T19:46:39.999823331Z</time>
            </trkpt>
            <trkpt lat="42.256745039524745" lon="-84.47041053332805">
                <ele>304.0400047302243</ele>
                <time>2026-05-28T19:46:40.999828338Z</time>
            </trkpt>
            <trkpt lat="42.25674734454812" lon="-84.47041070096611">
                <ele>304.2102928161618</ele>
                <time>2026-05-28T19:46:41.999832630Z</time>
            </trkpt>
            <trkpt lat="42.25674931429536" lon="-84.47041103624224">
                <ele>304.5180320739743</ele>
                <time>2026-05-28T19:46:42.999837398Z</time>
            </trkpt>
            <trkpt lat="42.25674977530004" lon="-84.47041162297546">
                <ele>304.5452537536618</ele>
                <time>2026-05-28T19:46:43.999841213Z</time>
            </trkpt>
            <trkpt lat="42.25675052967132" lon="-84.47041237734675">
                <ele>304.83053207397427</ele>
                <time>2026-05-28T19:46:44.999844789Z</time>
            </trkpt>
            <trkpt lat="42.25675187077583" lon="-84.4704127964419">
                <ele>304.9975242614743</ele>
                <time>2026-05-28T19:46:45.999847888Z</time>
            </trkpt>
            <trkpt lat="42.256752625147115" lon="-84.4704127964419">
                <ele>305.18575668334927</ele>
                <time>2026-05-28T19:46:46.999851226Z</time>
            </trkpt>
            <trkpt lat="42.25675308615179" lon="-84.47041262880384">
                <ele>305.2306785583493</ele>
                <time>2026-05-28T19:46:47.999853849Z</time>
            </trkpt>
            <trkpt lat="42.25675321188034" lon="-84.47041262880384">
                <ele>305.20162582397427</ele>
                <time>2026-05-28T19:46:48.999856472Z</time>
            </trkpt>
            <trkpt lat="42.25675316997082" lon="-84.47041262880384">
                <ele>305.1824607849118</ele>
                <time>2026-05-28T19:46:49.999859571Z</time>
            </trkpt>
            <trkpt lat="42.256753128061305" lon="-84.47041254498481">
                <ele>305.18478012084927</ele>
                <time>2026-05-28T19:46:50.999862670Z</time>
            </trkpt>
            <trkpt lat="42.256753044242274" lon="-84.47041254498481">
                <ele>305.189357757568</ele>
                <time>2026-05-28T19:46:51.999864578Z</time>
            </trkpt>
            <trkpt lat="42.25675296042324" lon="-84.47041246116578">
                <ele>305.1885643005368</ele>
                <time>2026-05-28T19:46:52.999866485Z</time>
            </trkpt>
            <trkpt lat="42.25675287660421" lon="-84.47041246116578">
                <ele>305.1901512145993</ele>
                <time>2026-05-28T19:46:53.999868869Z</time>
            </trkpt>
            <trkpt lat="42.25675279278518" lon="-84.47041237734675">
                <ele>305.1890525817868</ele>
                <time>2026-05-28T19:46:54.999870300Z</time>
            </trkpt>
            <trkpt lat="42.25675270896615" lon="-84.47041237734675">
                <ele>305.1879539489743</ele>
                <time>2026-05-28T19:46:55.999871730Z</time>
            </trkpt>
            <trkpt lat="42.256752625147115" lon="-84.47041229352772">
                <ele>305.1631736755368</ele>
                <time>2026-05-28T19:46:56.999873161Z</time>
            </trkpt>
            <trkpt lat="42.2567525832376" lon="-84.47041220970868">
                <ele>305.1613426208493</ele>
                <time>2026-05-28T19:46:57.999874114Z</time>
            </trkpt>
            <trkpt lat="42.25675249941857" lon="-84.47041220970868">
                <ele>305.16195297241177</ele>
                <time>2026-05-28T19:46:58.999875545Z</time>
            </trkpt>
            <trkpt lat="42.25675245750905" lon="-84.47041212588965">
                <ele>305.1625633239743</ele>
                <time>2026-05-28T19:46:59.999877452Z</time>
            </trkpt>
            <trkpt lat="42.256752415599536" lon="-84.47041212588965">
                <ele>305.1634178161618</ele>
                <time>2026-05-28T19:47:00.999878644Z</time>
            </trkpt>
            <trkpt lat="42.256752415599536" lon="-84.47041212588965">
                <ele>305.1647605895993</ele>
                <time>2026-05-28T19:47:01.999879360Z</time>
            </trkpt>
            <trkpt lat="42.25675237369002" lon="-84.47041212588965">
                <ele>305.1676902770993</ele>
                <time>2026-05-28T19:47:02.999880313Z</time>
            </trkpt>
            <trkpt lat="42.256752331780504" lon="-84.47041204207062">
                <ele>305.17000961303677</ele>
                <time>2026-05-28T19:47:03.999881744Z</time>
            </trkpt>
            <trkpt lat="42.256752331780504" lon="-84.47041204207062">
                <ele>305.1720848083493</ele>
                <time>2026-05-28T19:47:04.999882221Z</time>
            </trkpt>
            <trkpt lat="42.256752331780504" lon="-84.47041204207062">
                <ele>305.1723289489743</ele>
                <time>2026-05-28T19:47:05.999882698Z</time>
            </trkpt>
            <trkpt lat="42.25675228987099" lon="-84.47041204207062">
                <ele>305.1733055114743</ele>
                <time>2026-05-28T19:47:06.999883651Z</time>
            </trkpt>
            <trkpt lat="42.25675228987099" lon="-84.47041204207062">
                <ele>305.1756248474118</ele>
                <time>2026-05-28T19:47:07.999884605Z</time>
            </trkpt>
            <trkpt lat="42.25675224796147" lon="-84.47041204207062">
                <ele>305.1774559020993</ele>
                <time>2026-05-28T19:47:08.999884605Z</time>
            </trkpt>
            <trkpt lat="42.25675220605196" lon="-84.47041204207062">
                <ele>305.17770004272427</ele>
                <time>2026-05-28T19:47:09.999885559Z</time>
            </trkpt>
            <trkpt lat="42.25675216414244" lon="-84.47041204207062">
                <ele>305.1780662536618</ele>
                <time>2026-05-28T19:47:10.999885559Z</time>
            </trkpt>
            <trkpt lat="42.25675216414244" lon="-84.47041204207062">
                <ele>305.1785545349118</ele>
                <time>2026-05-28T19:47:11.999886512Z</time>
            </trkpt>
            <trkpt lat="42.256752122232925" lon="-84.47041212588965">
                <ele>305.1811180114743</ele>
                <time>2026-05-28T19:47:12.999886035Z</time>
            </trkpt>
            <trkpt lat="42.25675208032341" lon="-84.47041212588965">
                <ele>305.1830101013181</ele>
                <time>2026-05-28T19:47:13.999886274Z</time>
            </trkpt>
            <trkpt lat="42.25675203841389" lon="-84.47041212588965">
                <ele>305.186183929443</ele>
                <time>2026-05-28T19:47:14.999886512Z</time>
            </trkpt>
            <trkpt lat="42.25675199650438" lon="-84.47041212588965">
                <ele>305.1889305114743</ele>
                <time>2026-05-28T19:47:15.999887466Z</time>
            </trkpt>
            <trkpt lat="42.25675199650438" lon="-84.47041212588965">
                <ele>305.1929588317868</ele>
                <time>2026-05-28T19:47:16.999887943Z</time>
            </trkpt>
            <trkpt lat="42.25675195459486" lon="-84.47041212588965">
                <ele>305.19674301147427</ele>
                <time>2026-05-28T19:47:17.999887943Z</time>
            </trkpt>
            <trkpt lat="42.25675195459486" lon="-84.47041212588965">
                <ele>305.2009544372555</ele>
                <time>2026-05-28T19:47:18.999887943Z</time>
            </trkpt>
            <trkpt lat="42.25675195459486" lon="-84.47041212588965">
                <ele>305.2051658630368</ele>
                <time>2026-05-28T19:47:19.999887943Z</time>
            </trkpt>
            <trkpt lat="42.25675195459486" lon="-84.47041212588965">
                <ele>305.2090721130368</ele>
                <time>2026-05-28T19:47:20.999888420Z</time>
            </trkpt>
            <trkpt lat="42.256751912685345" lon="-84.47041212588965">
                <ele>305.21358871459927</ele>
                <time>2026-05-28T19:47:21.999888420Z</time>
            </trkpt>
            <trkpt lat="42.256751912685345" lon="-84.47041220970868">
                <ele>305.2167015075681</ele>
                <time>2026-05-28T19:47:22.999888658Z</time>
            </trkpt>
            <trkpt lat="42.256751912685345" lon="-84.47041220970868">
                <ele>305.21932601928677</ele>
                <time>2026-05-28T19:47:23.999888658Z</time>
            </trkpt>
            <trkpt lat="42.256751912685345" lon="-84.47041220970868">
                <ele>305.2211570739743</ele>
                <time>2026-05-28T19:47:24.999887943Z</time>
            </trkpt>
            <trkpt lat="42.256751912685345" lon="-84.47041220970868">
                <ele>305.22542953491177</ele>
                <time>2026-05-28T19:47:25.999888420Z</time>
            </trkpt>
            <trkpt lat="42.25675187077583" lon="-84.47041220970868">
                <ele>305.2285423278806</ele>
                <time>2026-05-28T19:47:26.999888658Z</time>
            </trkpt>
            <trkpt lat="42.25675187077583" lon="-84.47041220970868">
                <ele>305.2306785583493</ele>
                <time>2026-05-28T19:47:27.999888896Z</time>
            </trkpt>
            <trkpt lat="42.25675187077583" lon="-84.47041220970868">
                <ele>305.23226547241177</ele>
                <time>2026-05-28T19:47:28.999888181Z</time>
            </trkpt>
            <trkpt lat="42.256751828866314" lon="-84.47041220970868">
                <ele>305.2339134216306</ele>
                <time>2026-05-28T19:47:29.999887943Z</time>
            </trkpt>
            <trkpt lat="42.2567517869568" lon="-84.47041229352772">
                <ele>305.2360496520993</ele>
                <time>2026-05-28T19:47:30.999888420Z</time>
            </trkpt>
            <trkpt lat="42.25675174504728" lon="-84.47041229352772">
                <ele>305.23727035522427</ele>
                <time>2026-05-28T19:47:31.999887704Z</time>
            </trkpt>
            <trkpt lat="42.25675174504728" lon="-84.47041229352772">
                <ele>305.2397727966305</ele>
                <time>2026-05-28T19:47:32.999888181Z</time>
            </trkpt>
            <trkpt lat="42.256751703137766" lon="-84.47041229352772">
                <ele>305.2388572692868</ele>
                <time>2026-05-28T19:47:33.999887704Z</time>
            </trkpt>
            <trkpt lat="42.25674981720955" lon="-84.4704162330222">
                <ele>304.9515037536618</ele>
                <time>2026-05-28T19:47:34.999887228Z</time>
            </trkpt>
            <trkpt lat="42.256749272385846" lon="-84.47041891523122">
                <ele>304.0934715270993</ele>
                <time>2026-05-28T19:47:35.999887228Z</time>
            </trkpt>
            <trkpt lat="42.25674973339052" lon="-84.47041941814541">
                <ele>303.3924217224118</ele>
                <time>2026-05-28T19:47:36.999887466Z</time>
            </trkpt>
            <trkpt lat="42.256750403942775" lon="-84.47041916668832">
                <ele>302.9513206481931</ele>
                <time>2026-05-28T19:47:37.999886989Z</time>
            </trkpt>
            <trkpt lat="42.2567507392189" lon="-84.47041958578347">
                <ele>303.1018943786618</ele>
                <time>2026-05-28T19:47:38.999886751Z</time>
            </trkpt>
            <trkpt lat="42.25675136786164" lon="-84.47042025633573">
                <ele>303.0478172302243</ele>
                <time>2026-05-28T19:47:39.999887228Z</time>
            </trkpt>
            <trkpt lat="42.25675279278518" lon="-84.4704201725167">
                <ele>302.97701644897427</ele>
                <time>2026-05-28T19:47:40.999886512Z</time>
            </trkpt>
            <trkpt lat="42.25675375670404" lon="-84.47042075924992">
                <ele>302.9441795349118</ele>
                <time>2026-05-28T19:47:41.999886989Z</time>
            </trkpt>
            <trkpt lat="42.25675446916581" lon="-84.47042142980217">
                <ele>302.9120750427243</ele>
                <time>2026-05-28T19:47:42.999886035Z</time>
            </trkpt>
            <trkpt lat="42.256755055899035" lon="-84.47042168125927">
                <ele>302.8391380310056</ele>
                <time>2026-05-28T19:47:43.999886512Z</time>
            </trkpt>
            <trkpt lat="42.25675568454177" lon="-84.47042168125927">
                <ele>302.8463401794431</ele>
                <time>2026-05-28T19:47:44.999885797Z</time>
            </trkpt>
            <trkpt lat="42.2567560198179" lon="-84.47042159744024">
                <ele>302.836086273193</ele>
                <time>2026-05-28T19:47:45.999886035Z</time>
            </trkpt>
            <trkpt lat="42.25675614554645" lon="-84.4704215136212">
                <ele>302.8247947692868</ele>
                <time>2026-05-28T19:47:46.999885559Z</time>
            </trkpt>
            <trkpt lat="42.25675622936548" lon="-84.4704215136212">
                <ele>302.820217132568</ele>
                <time>2026-05-28T19:47:47.999885320Z</time>
            </trkpt>
            <trkpt lat="42.25675631318451" lon="-84.4704215136212">
                <ele>302.8191795349118</ele>
                <time>2026-05-28T19:47:48.999885082Z</time>
            </trkpt>
            <trkpt lat="42.256756355094026" lon="-84.4704215136212">
                <ele>302.8140525817868</ele>
                <time>2026-05-28T19:47:49.999884843Z</time>
            </trkpt>
            <trkpt lat="42.256756355094026" lon="-84.47042142980217">
                <ele>302.8072166442868</ele>
                <time>2026-05-28T19:47:50.999884605Z</time>
            </trkpt>
            <trkpt lat="42.25675639700354" lon="-84.47042142980217">
                <ele>302.7987937927243</ele>
                <time>2026-05-28T19:47:51.999884128Z</time>
            </trkpt>
            <trkpt lat="42.25675639700354" lon="-84.47042142980217">
                <ele>302.7951316833493</ele>
                <time>2026-05-28T19:47:52.999884605Z</time>
            </trkpt>
            <trkpt lat="42.25675639700354" lon="-84.47042134598314">
                <ele>302.79391098022427</ele>
                <time>2026-05-28T19:47:53.999883890Z</time>
            </trkpt>
            <trkpt lat="42.25675639700354" lon="-84.47042134598314">
                <ele>302.7903709411618</ele>
                <time>2026-05-28T19:47:54.999883890Z</time>
            </trkpt>
            <trkpt lat="42.25675639700354" lon="-84.47042134598314">
                <ele>302.7874412536618</ele>
                <time>2026-05-28T19:47:55.999883651Z</time>
            </trkpt>
            <trkpt lat="42.256756355094026" lon="-84.47042134598314">
                <ele>302.7854881286618</ele>
                <time>2026-05-28T19:47:56.999883174Z</time>
            </trkpt>
            <trkpt lat="42.256756355094026" lon="-84.47042134598314">
                <ele>302.7805442810055</ele>
                <time>2026-05-28T19:47:57.999883174Z</time>
            </trkpt>
            <trkpt lat="42.25675631318451" lon="-84.47042134598314">
                <ele>302.7729148864743</ele>
                <time>2026-05-28T19:47:58.999882698Z</time>
            </trkpt>
            <trkpt lat="42.256756271274995" lon="-84.47042134598314">
                <ele>302.7685203552243</ele>
                <time>2026-05-28T19:47:59.999882221Z</time>
            </trkpt>
            <trkpt lat="42.256756271274995" lon="-84.47042134598314">
                <ele>302.76632308959927</ele>
                <time>2026-05-28T19:48:00.999881982Z</time>
            </trkpt>
            <trkpt lat="42.25675622936548" lon="-84.47042134598314">
                <ele>302.76522445678677</ele>
                <time>2026-05-28T19:48:01.999881982Z</time>
            </trkpt>
            <trkpt lat="42.25675618745596" lon="-84.47042134598314">
                <ele>302.7648582458493</ele>
                <time>2026-05-28T19:48:02.999881267Z</time>
            </trkpt>
            <trkpt lat="42.25675618745596" lon="-84.47042134598314">
                <ele>302.7578392028805</ele>
                <time>2026-05-28T19:48:03.999881744Z</time>
            </trkpt>
            <trkpt lat="42.25675614554645" lon="-84.47042126216411">
                <ele>302.7522850036618</ele>
                <time>2026-05-28T19:48:04.999880790Z</time>
            </trkpt>
            <trkpt lat="42.25675610363693" lon="-84.47042126216411">
                <ele>302.74740219116177</ele>
                <time>2026-05-28T19:48:05.999881267Z</time>
            </trkpt>
            <trkpt lat="42.256756061727415" lon="-84.47042126216411">
                <ele>302.7447166442868</ele>
                <time>2026-05-28T19:48:06.999880552Z</time>
            </trkpt>
            <trkpt lat="42.256755977908384" lon="-84.47042126216411">
                <ele>302.7374534606931</ele>
                <time>2026-05-28T19:48:07.999880790Z</time>
            </trkpt>
            <trkpt lat="42.25675593599887" lon="-84.47042126216411">
                <ele>302.7314109802243</ele>
                <time>2026-05-28T19:48:08.999880075Z</time>
            </trkpt>
            <trkpt lat="42.25675589408935" lon="-84.47042126216411">
                <ele>302.7245750427243</ele>
                <time>2026-05-28T19:48:09.999880313Z</time>
            </trkpt>
            <trkpt lat="42.256755852179836" lon="-84.47042117834508">
                <ele>302.71676254272427</ele>
                <time>2026-05-28T19:48:10.999879360Z</time>
            </trkpt>
            <trkpt lat="42.25675581027032" lon="-84.47042117834508">
                <ele>302.7093162536618</ele>
                <time>2026-05-28T19:48:11.999880075Z</time>
            </trkpt>
            <trkpt lat="42.256755768360804" lon="-84.47042117834508">
                <ele>302.7041893005368</ele>
                <time>2026-05-28T19:48:12.999879360Z</time>
            </trkpt>
            <trkpt lat="42.25675572645129" lon="-84.47042117834508">
                <ele>302.6991233825681</ele>
                <time>2026-05-28T19:48:13.999879121Z</time>
            </trkpt>
            <trkpt lat="42.25675568454177" lon="-84.47042117834508">
                <ele>302.6928367614743</ele>
                <time>2026-05-28T19:48:14.999878406Z</time>
            </trkpt>
            <trkpt lat="42.25675564263226" lon="-84.47042117834508">
                <ele>302.68819808959927</ele>
                <time>2026-05-28T19:48:15.999877929Z</time>
            </trkpt>
            <trkpt lat="42.25675560072274" lon="-84.47042117834508">
                <ele>302.68722152709927</ele>
                <time>2026-05-28T19:48:16.999878168Z</time>
            </trkpt>
            <trkpt lat="42.25675564263226" lon="-84.47042117834508">
                <ele>302.6857566833493</ele>
                <time>2026-05-28T19:48:17.999877452Z</time>
            </trkpt>
            <trkpt lat="42.25675740283192" lon="-84.47042067543089">
                <ele>302.7901878356931</ele>
                <time>2026-05-28T19:48:18.999877452Z</time>
            </trkpt>
            <trkpt lat="42.25675966594578" lon="-84.47042101070701">
                <ele>302.8609275817868</ele>
                <time>2026-05-28T19:48:19.999877214Z</time>
            </trkpt>
            <trkpt lat="42.25676347971172" lon="-84.4704215136212">
                <ele>302.3670310974118</ele>
                <time>2026-05-28T19:48:20.999876976Z</time>
            </trkpt>
            <trkpt lat="42.256765784735094" lon="-84.47042126216411">
                <ele>302.7073631286618</ele>
                <time>2026-05-28T19:48:21.999876499Z</time>
            </trkpt>
            <trkpt lat="42.25676733538718" lon="-84.47042050779282">
                <ele>302.8026390075681</ele>
                <time>2026-05-28T19:48:22.999876976Z</time>
            </trkpt>
            <trkpt lat="42.256770017596196" lon="-84.47042084306895">
                <ele>302.8521385192868</ele>
                <time>2026-05-28T19:48:23.999876260Z</time>
            </trkpt>
            <trkpt lat="42.25677269980521" lon="-84.47042168125927">
                <ele>303.1922264099118</ele>
                <time>2026-05-28T19:48:24.999848365Z</time>
            </trkpt>
            <trkpt lat="42.256775884928416" lon="-84.47042260326862">
                <ele>303.4189109802243</ele>
                <time>2026-05-28T19:48:25.999849796Z</time>
            </trkpt>
            <trkpt lat="42.25677877668501" lon="-84.47042386055409">
                <ele>303.49349594116177</ele>
                <time>2026-05-28T19:48:26.999850749Z</time>
            </trkpt>
            <trkpt lat="42.25678179417015" lon="-84.47042511783957">
                <ele>303.57760238647427</ele>
                <time>2026-05-28T19:48:27.999851703Z</time>
            </trkpt>
            <trkpt lat="42.256784811655294" lon="-84.47042629130601">
                <ele>303.654445648193</ele>
                <time>2026-05-28T19:48:28.999852180Z</time>
            </trkpt>
            <trkpt lat="42.256787745321404" lon="-84.47042754859149">
                <ele>303.7228660583493</ele>
                <time>2026-05-28T19:48:29.999855041Z</time>
            </trkpt>
            <trkpt lat="42.25679013416381" lon="-84.47042880587696">
                <ele>303.7566795349118</ele>
                <time>2026-05-28T19:48:30.999856472Z</time>
            </trkpt>
            <trkpt lat="42.256792397277664" lon="-84.47042989552438">
                <ele>303.8047752380368</ele>
                <time>2026-05-28T19:48:31.999861001Z</time>
            </trkpt>
            <trkpt lat="42.25679428320588" lon="-84.47043090135276">
                <ele>303.8643455505368</ele>
                <time>2026-05-28T19:48:32.999865055Z</time>
            </trkpt>
            <trkpt lat="42.25679587576748" lon="-84.47043173954307">
                <ele>303.92708969116177</ele>
                <time>2026-05-28T19:48:33.999869346Z</time>
            </trkpt>
            <trkpt lat="42.25679721687199" lon="-84.47043241009533">
                <ele>303.9869041442868</ele>
                <time>2026-05-28T19:48:34.999924898Z</time>
            </trkpt>
            <trkpt lat="42.256798348428916" lon="-84.47043299682855">
                <ele>304.04073715209927</ele>
                <time>2026-05-28T19:48:35.999875307Z</time>
            </trkpt>
            <trkpt lat="42.256799270438265" lon="-84.47043349974274">
                <ele>304.0870018005368</ele>
                <time>2026-05-28T19:48:36.999880790Z</time>
            </trkpt>
            <trkpt lat="42.25680010862858" lon="-84.47043400265693">
                <ele>304.1255760192868</ele>
                <time>2026-05-28T19:48:37.999883651Z</time>
            </trkpt>
            <trkpt lat="42.25680082109035" lon="-84.47043433793306">
                <ele>304.1539573669431</ele>
                <time>2026-05-28T19:48:38.999887943Z</time>
            </trkpt>
            <trkpt lat="42.25680144973309" lon="-84.47043467320918">
                <ele>304.17354965209927</ele>
                <time>2026-05-28T19:48:39.999891757Z</time>
            </trkpt>
            <trkpt lat="42.25680203646631" lon="-84.47043500848531">
                <ele>304.189846038818</ele>
                <time>2026-05-28T19:48:40.999895095Z</time>
            </trkpt>
            <trkpt lat="42.2568025393805" lon="-84.4704352599424">
                <ele>304.2045555114743</ele>
                <time>2026-05-28T19:48:41.999898433Z</time>
            </trkpt>
            <trkpt lat="42.25680304229469" lon="-84.4704355113995">
                <ele>304.2195091247555</ele>
                <time>2026-05-28T19:48:42.999902248Z</time>
            </trkpt>
            <trkpt lat="42.25680346138985" lon="-84.47043567903756">
                <ele>304.2343406677243</ele>
                <time>2026-05-28T19:48:43.999904870Z</time>
            </trkpt>
            <trkpt lat="42.25680388048501" lon="-84.47043593049466">
                <ele>304.2521629333493</ele>
                <time>2026-05-28T19:48:44.999907970Z</time>
            </trkpt>
            <trkpt lat="42.25680429958017" lon="-84.47043609813272">
                <ele>304.2708396911618</ele>
                <time>2026-05-28T19:48:45.999911308Z</time>
            </trkpt>
            <trkpt lat="42.256804634856294" lon="-84.47043634958982">
                <ele>304.2903099060056</ele>
                <time>2026-05-28T19:48:46.999913692Z</time>
            </trkpt>
            <trkpt lat="42.25680501204194" lon="-84.47043651722788">
                <ele>304.3084373474118</ele>
                <time>2026-05-28T19:48:47.999916076Z</time>
            </trkpt>
            <trkpt lat="42.25680530540855" lon="-84.47043668486594">
                <ele>304.3193016052243</ele>
                <time>2026-05-28T19:48:48.999917984Z</time>
            </trkpt>
            <trkpt lat="42.25680555686564" lon="-84.47043685250401">
                <ele>304.3319969177243</ele>
                <time>2026-05-28T19:48:49.999920368Z</time>
            </trkpt>
            <trkpt lat="42.25680580832274" lon="-84.4704371039611">
                <ele>304.3449363708493</ele>
                <time>2026-05-28T19:48:50.999922752Z</time>
            </trkpt>
            <trkpt lat="42.256806059779834" lon="-84.47043727159917">
                <ele>304.3589744567868</ele>
                <time>2026-05-28T19:48:51.999924182Z</time>
            </trkpt>
            <trkpt lat="42.25680626932741" lon="-84.47043743923723">
                <ele>304.3702659606931</ele>
                <time>2026-05-28T19:48:52.999925613Z</time>
            </trkpt>
            <trkpt lat="42.256806436965476" lon="-84.4704376068753">
                <ele>304.3824729919431</ele>
                <time>2026-05-28T19:48:53.999927043Z</time>
            </trkpt>
            <trkpt lat="42.256806646513056" lon="-84.47043777451336">
                <ele>304.3966941833493</ele>
                <time>2026-05-28T19:48:54.999929904Z</time>
            </trkpt>
            <trkpt lat="42.25680681415112" lon="-84.47043794215142">
                <ele>304.4074363708493</ele>
                <time>2026-05-28T19:48:55.999930381Z</time>
            </trkpt>
            <trkpt lat="42.25680698178918" lon="-84.47043802597045">
                <ele>304.4201316833493</ele>
                <time>2026-05-28T19:48:56.999932289Z</time>
            </trkpt>
            <trkpt lat="42.256807149427246" lon="-84.47043819360852">
                <ele>304.43282699584927</ele>
                <time>2026-05-28T19:48:57.999933719Z</time>
            </trkpt>
            <trkpt lat="42.25680731706531" lon="-84.47043836124658">
                <ele>304.4422264099118</ele>
                <time>2026-05-28T19:48:58.999935150Z</time>
            </trkpt>
            <trkpt lat="42.25680748470337" lon="-84.47043852888464">
                <ele>304.4521751403806</ele>
                <time>2026-05-28T19:48:59.999935626Z</time>
            </trkpt>
            <trkpt lat="42.256807652341436" lon="-84.47043861270367">
                <ele>304.4631004333493</ele>
                <time>2026-05-28T19:49:00.999937295Z</time>
            </trkpt>
            <trkpt lat="42.2568078199795" lon="-84.47043878034174">
                <ele>304.4724998474118</ele>
                <time>2026-05-28T19:49:01.999937534Z</time>
            </trkpt>
            <trkpt lat="42.25680794570805" lon="-84.47043886416077">
                <ele>304.4826316833493</ele>
                <time>2026-05-28T19:49:02.999938726Z</time>
            </trkpt>
            <trkpt lat="42.256808071436595" lon="-84.47043903179883">
                <ele>304.49203109741177</ele>
                <time>2026-05-28T19:49:03.999939918Z</time>
            </trkpt>
            <trkpt lat="42.25680819716514" lon="-84.47043911561786">
                <ele>304.4994773864743</ele>
                <time>2026-05-28T19:49:04.999941349Z</time>
            </trkpt>
            <trkpt lat="42.256808280984174" lon="-84.47043928325593">
                <ele>304.50790023803677</ele>
                <time>2026-05-28T19:49:06.000058174Z</time>
            </trkpt>
            <trkpt lat="42.25680844862224" lon="-84.47043945089399">
                <ele>304.52486801147427</ele>
                <time>2026-05-28T19:49:07.999943494Z</time>
            </trkpt>
            <trkpt lat="42.25680853244127" lon="-84.47043953471302">
                <ele>304.5340232849118</ele>
                <time>2026-05-28T19:49:08.999943971Z</time>
            </trkpt>
            <trkpt lat="42.2568086162603" lon="-84.47043970235109">
                <ele>304.5413475036618</ele>
                <time>2026-05-28T19:49:09.999945163Z</time>
            </trkpt>
            <trkpt lat="42.25680865816982" lon="-84.47043978617012">
                <ele>304.54842758178677</ele>
                <time>2026-05-28T19:49:10.999945163Z</time>
            </trkpt>
            <trkpt lat="42.25680874198885" lon="-84.47043986998915">
                <ele>304.5568504333493</ele>
                <time>2026-05-28T19:49:11.999946117Z</time>
            </trkpt>
            <trkpt lat="42.25680882580788" lon="-84.47043995380818">
                <ele>304.5645408630368</ele>
                <time>2026-05-28T19:49:12.999946594Z</time>
            </trkpt>
            <trkpt lat="42.25680890962691" lon="-84.47044003762721">
                <ele>304.5736961364743</ele>
                <time>2026-05-28T19:49:13.999947071Z</time>
            </trkpt>
            <trkpt lat="42.25680895153643" lon="-84.47044012144625">
                <ele>304.5804100036618</ele>
                <time>2026-05-28T19:49:14.999947547Z</time>
            </trkpt>
            <trkpt lat="42.25680903535546" lon="-84.47044020526528">
                <ele>304.5868797302243</ele>
                <time>2026-05-28T19:49:15.999948501Z</time>
            </trkpt>
            <trkpt lat="42.25680911917449" lon="-84.47044028908431">
                <ele>304.5945701599118</ele>
                <time>2026-05-28T19:49:16.999948978Z</time>
            </trkpt>
            <trkpt lat="42.25680916108401" lon="-84.47044037290334">
                <ele>304.5993919372555</ele>
                <time>2026-05-28T19:49:17.999949216Z</time>
            </trkpt>
            <trkpt lat="42.25680924490304" lon="-84.47044045672237">
                <ele>304.6066551208493</ele>
                <time>2026-05-28T19:49:18.999950170Z</time>
            </trkpt>
            <trkpt lat="42.256809286812555" lon="-84.4704405405414">
                <ele>304.6121482849118</ele>
                <time>2026-05-28T19:49:19.999949932Z</time>
            </trkpt>
            <trkpt lat="42.256809370631586" lon="-84.47044062436044">
                <ele>304.6178245544431</ele>
                <time>2026-05-28T19:49:20.999951362Z</time>
            </trkpt>
            <trkpt lat="42.2568094125411" lon="-84.47044070817947">
                <ele>304.62557601928677</ele>
                <time>2026-05-28T19:49:21.999950885Z</time>
            </trkpt>
            <trkpt lat="42.25680551495613" lon="-84.47044146255075">
                <ele>304.6626243591305</ele>
                <time>2026-05-28T19:49:22.999950885Z</time>
            </trkpt>
            <trkpt lat="42.25679767787666" lon="-84.47044012144625">
                <ele>304.7072410583493</ele>
                <time>2026-05-28T19:49:23.999951839Z</time>
            </trkpt>
            <trkpt lat="42.25679105617316" lon="-84.47043802597045">
                <ele>304.5352439880368</ele>
                <time>2026-05-28T19:49:24.999951839Z</time>
            </trkpt>
            <trkpt lat="42.25678623657883" lon="-84.47043718778013">
                <ele>304.5877952575681</ele>
                <time>2026-05-28T19:49:25.999952793Z</time>
            </trkpt>
            <trkpt lat="42.25678208753676" lon="-84.47043534376144">
                <ele>304.37716293334927</ele>
                <time>2026-05-28T19:49:26.999953269Z</time>
            </trkpt>
            <trkpt lat="42.256778734775494" lon="-84.4704339188379">
                <ele>304.33163070678677</ele>
                <time>2026-05-28T19:49:27.999953031Z</time>
            </trkpt>
            <trkpt lat="42.256776806937765" lon="-84.47043282919049">
                <ele>304.3537254333493</ele>
                <time>2026-05-28T19:49:28.999953508Z</time>
            </trkpt>
            <trkpt lat="42.256776094475995" lon="-84.47043190718114">
                <ele>304.4349632263181</ele>
                <time>2026-05-28T19:49:29.999953269Z</time>
            </trkpt>
            <trkpt lat="42.25677571729035" lon="-84.47043123662888">
                <ele>304.4746971130368</ele>
                <time>2026-05-28T19:49:30.999954223Z</time>
            </trkpt>
            <trkpt lat="42.25677534010471" lon="-84.47043090135276">
                <ele>304.45040512084927</ele>
                <time>2026-05-28T19:49:31.999954223Z</time>
            </trkpt>
            <trkpt lat="42.256775298195194" lon="-84.4704307337147">
                <ele>304.44942855834927</ele>
                <time>2026-05-28T19:49:32.999955177Z</time>
            </trkpt>
            <trkpt lat="42.25677613638551" lon="-84.4704302308005">
                <ele>304.35750961303677</ele>
                <time>2026-05-28T19:49:33.999955177Z</time>
            </trkpt>
            <trkpt lat="42.25677471146197" lon="-84.4704302308005">
                <ele>304.5188255310056</ele>
                <time>2026-05-28T19:49:34.999955177Z</time>
            </trkpt>
            <trkpt lat="42.25677232261957" lon="-84.470428889696">
                <ele>304.4017601013181</ele>
                <time>2026-05-28T19:49:35.999955177Z</time>
            </trkpt>
            <trkpt lat="42.256770017596196" lon="-84.47042570457279">
                <ele>304.2899436950681</ele>
                <time>2026-05-28T19:49:36.999955654Z</time>
            </trkpt>
            <trkpt lat="42.25676855076314" lon="-84.47042386055409">
                <ele>304.3737449645993</ele>
                <time>2026-05-28T19:49:37.999955654Z</time>
            </trkpt>
            <trkpt lat="42.25676670674444" lon="-84.47042319000184">
                <ele>304.4023094177243</ele>
                <time>2026-05-28T19:49:38.999956130Z</time>
            </trkpt>
            <trkpt lat="42.25676565900655" lon="-84.47042293854474">
                <ele>304.48226547241177</ele>
                <time>2026-05-28T19:49:39.999956607Z</time>
            </trkpt>
            <trkpt lat="42.2567644855401" lon="-84.47042226799249">
                <ele>304.38705062866177</ele>
                <time>2026-05-28T19:49:40.999956130Z</time>
            </trkpt>
            <trkpt lat="42.25676352162124" lon="-84.47042210035443">
                <ele>304.3461570739743</ele>
                <time>2026-05-28T19:49:41.999956369Z</time>
            </trkpt>
            <trkpt lat="42.25676251579286" lon="-84.47042218417346">
                <ele>304.2212791442868</ele>
                <time>2026-05-28T19:49:42.999957084Z</time>
            </trkpt>
            <trkpt lat="42.25676239006431" lon="-84.47042260326862">
                <ele>304.2063865661618</ele>
                <time>2026-05-28T19:49:43.999957561Z</time>
            </trkpt>
            <trkpt lat="42.256762641521405" lon="-84.47042285472571">
                <ele>304.20125961303677</ele>
                <time>2026-05-28T19:49:44.999957084Z</time>
            </trkpt>
            <trkpt lat="42.25676331207366" lon="-84.47042319000184">
                <ele>304.2606468200681</ele>
                <time>2026-05-28T19:49:45.999957323Z</time>
            </trkpt>
            <trkpt lat="42.25676360544027" lon="-84.47042344145893">
                <ele>304.2640037536618</ele>
                <time>2026-05-28T19:49:46.999957561Z</time>
            </trkpt>
            <trkpt lat="42.256763856897365" lon="-84.47042352527797">
                <ele>304.2792015075681</ele>
                <time>2026-05-28T19:49:47.999958515Z</time>
            </trkpt>
            <trkpt lat="42.2567639407164" lon="-84.470423609097">
                <ele>304.2766380310056</ele>
                <time>2026-05-28T19:49:48.999958992Z</time>
            </trkpt>
            <trkpt lat="42.25676389880688" lon="-84.47042369291603">
                <ele>304.2770042419431</ele>
                <time>2026-05-28T19:49:49.999958515Z</time>
            </trkpt>
            <trkpt lat="42.25676381498785" lon="-84.47042377673506">
                <ele>304.2793235778806</ele>
                <time>2026-05-28T19:49:50.999958992Z</time>
            </trkpt>
            <trkpt lat="42.2567636892593" lon="-84.47042377673506">
                <ele>304.27828598022427</ele>
                <time>2026-05-28T19:49:51.999959468Z</time>
            </trkpt>
            <trkpt lat="42.256763563530754" lon="-84.47042377673506">
                <ele>304.2768821716305</ele>
                <time>2026-05-28T19:49:52.999959468Z</time>
            </trkpt>
            <trkpt lat="42.256763437802206" lon="-84.47042377673506">
                <ele>304.27437973022427</ele>
                <time>2026-05-28T19:49:53.999959707Z</time>
            </trkpt>
            <trkpt lat="42.25676331207366" lon="-84.47042386055409">
                <ele>304.27425765991177</ele>
                <time>2026-05-28T19:49:54.999959707Z</time>
            </trkpt>
            <trkpt lat="42.256763144435595" lon="-84.47042386055409">
                <ele>304.2729148864743</ele>
                <time>2026-05-28T19:49:55.999959468Z</time>
            </trkpt>
            <trkpt lat="42.25676301870705" lon="-84.47042386055409">
                <ele>304.27132797241177</ele>
                <time>2026-05-28T19:49:56.999959945Z</time>
            </trkpt>
            <trkpt lat="42.2567628929785" lon="-84.47042394437312">
                <ele>304.2746238708493</ele>
                <time>2026-05-28T19:49:57.999960422Z</time>
            </trkpt>
            <trkpt lat="42.25676276724995" lon="-84.47042394437312">
                <ele>304.2719993591305</ele>
                <time>2026-05-28T19:49:58.999960422Z</time>
            </trkpt>
            <trkpt lat="42.256762641521405" lon="-84.47042394437312">
                <ele>304.27035140991177</ele>
                <time>2026-05-28T19:49:59.999960422Z</time>
            </trkpt>
            <trkpt lat="42.25676251579286" lon="-84.47042402819216">
                <ele>304.26949691772427</ele>
                <time>2026-05-28T19:50:00.999960660Z</time>
            </trkpt>
            <trkpt lat="42.25676239006431" lon="-84.47042402819216">
                <ele>304.2668724060055</ele>
                <time>2026-05-28T19:50:01.999960660Z</time>
            </trkpt>
            <trkpt lat="42.25676222242625" lon="-84.47042402819216">
                <ele>304.2622337341306</ele>
                <time>2026-05-28T19:50:02.999960899Z</time>
            </trkpt>
            <trkpt lat="42.2567620966977" lon="-84.47042411201119">
                <ele>304.2587547302243</ele>
                <time>2026-05-28T19:50:03.999960422Z</time>
            </trkpt>
            <trkpt lat="42.256761929059635" lon="-84.47042411201119">
                <ele>304.254055023193</ele>
                <time>2026-05-28T19:50:04.999960899Z</time>
            </trkpt>
            <trkpt lat="42.25676180333109" lon="-84.47042419583022">
                <ele>304.2498435974118</ele>
                <time>2026-05-28T19:50:05.999960899Z</time>
            </trkpt>
            <trkpt lat="42.256761635693024" lon="-84.47042419583022">
                <ele>304.2464256286618</ele>
                <time>2026-05-28T19:50:06.999961853Z</time>
            </trkpt>
            <trkpt lat="42.25676150996448" lon="-84.47042427964925">
                <ele>304.2447776794431</ele>
                <time>2026-05-28T19:50:07.999961853Z</time>
            </trkpt>
            <trkpt lat="42.25676138423593" lon="-84.47042427964925">
                <ele>304.24264144897427</ele>
                <time>2026-05-28T19:50:08.999961137Z</time>
            </trkpt>
            <trkpt lat="42.25676125850738" lon="-84.47042436346828">
                <ele>304.2400169372556</ele>
                <time>2026-05-28T19:50:09.999961853Z</time>
            </trkpt>
            <trkpt lat="42.25676117468835" lon="-84.47042436346828">
                <ele>304.23568344116177</ele>
                <time>2026-05-28T19:50:10.999961614Z</time>
            </trkpt>
            <trkpt lat="42.2567610489598" lon="-84.47042444728731">
                <ele>304.2305564880368</ele>
                <time>2026-05-28T19:50:11.999961853Z</time>
            </trkpt>
            <trkpt lat="42.256760923231255" lon="-84.47042444728731">
                <ele>304.2237205505368</ele>
                <time>2026-05-28T19:50:12.999961853Z</time>
            </trkpt>
            <trkpt lat="42.25676079750271" lon="-84.47042444728731">
                <ele>304.2192039489743</ele>
                <time>2026-05-28T19:50:13.999962329Z</time>
            </trkpt>
            <trkpt lat="42.25676067177416" lon="-84.47042453110635">
                <ele>304.2152976989743</ele>
                <time>2026-05-28T19:50:14.999962806Z</time>
            </trkpt>
            <trkpt lat="42.25676058795513" lon="-84.47042453110635">
                <ele>304.2076072692868</ele>
                <time>2026-05-28T19:50:15.999962806Z</time>
            </trkpt>
            <trkpt lat="42.25676046222658" lon="-84.47042461492538">
                <ele>304.1997947692868</ele>
                <time>2026-05-28T19:50:16.999962806Z</time>
            </trkpt>
            <trkpt lat="42.25676033649803" lon="-84.47042461492538">
                <ele>304.19430160522427</ele>
                <time>2026-05-28T19:50:17.999963283Z</time>
            </trkpt>
            <trkpt lat="42.25676016885997" lon="-84.47042461492538">
                <ele>304.1889305114743</ele>
                <time>2026-05-28T19:50:18.999963045Z</time>
            </trkpt>
            <trkpt lat="42.25676004313142" lon="-84.47042469874441">
                <ele>304.18319320678677</ele>
                <time>2026-05-28T19:50:19.999963283Z</time>
            </trkpt>
            <trkpt lat="42.256759917402874" lon="-84.47042478256344">
                <ele>304.1777000427243</ele>
                <time>2026-05-28T19:50:20.999963283Z</time>
            </trkpt>
            <trkpt lat="42.25675974976481" lon="-84.47042478256344">
                <ele>304.17147445678677</ele>
                <time>2026-05-28T19:50:21.999963760Z</time>
            </trkpt>
            <trkpt lat="42.25675962403626" lon="-84.47042486638247">
                <ele>304.1659812927243</ele>
                <time>2026-05-28T19:50:22.999963760Z</time>
            </trkpt>
            <trkpt lat="42.256759498307716" lon="-84.4704249502015">
                <ele>304.1613426208493</ele>
                <time>2026-05-28T19:50:23.999963760Z</time>
            </trkpt>
            <trkpt lat="42.25675933066965" lon="-84.47042503402054">
                <ele>304.1559104919431</ele>
                <time>2026-05-28T19:50:24.999963760Z</time>
            </trkpt>
            <trkpt lat="42.256759204941105" lon="-84.47042511783957">
                <ele>304.1464500427243</ele>
                <time>2026-05-28T19:50:25.999964714Z</time>
            </trkpt>
            <trkpt lat="42.25675907921256" lon="-84.47042511783957">
                <ele>304.13985824584927</ele>
                <time>2026-05-28T19:50:26.999964237Z</time>
            </trkpt>
            <trkpt lat="42.256758911574494" lon="-84.4704252016586">
                <ele>304.1325340270993</ele>
                <time>2026-05-28T19:50:27.999965190Z</time>
            </trkpt>
            <trkpt lat="42.256758785845946" lon="-84.47042528547763">
                <ele>304.1265525817868</ele>
                <time>2026-05-28T19:50:28.999964952Z</time>
            </trkpt>
            <trkpt lat="42.2567586601174" lon="-84.47042536929666">
                <ele>304.1193504333493</ele>
                <time>2026-05-28T19:50:29.999965190Z</time>
            </trkpt>
            <trkpt lat="42.256758492479335" lon="-84.47042536929666">
                <ele>304.1131858825681</ele>
                <time>2026-05-28T19:50:30.999918222Z</time>
            </trkpt>
            <trkpt lat="42.25675836675079" lon="-84.4704254531157">
                <ele>304.1070823669431</ele>
                <time>2026-05-28T19:50:31.999917984Z</time>
            </trkpt>
            <trkpt lat="42.256758199112724" lon="-84.47042553693473">
                <ele>304.1012229919431</ele>
                <time>2026-05-28T19:50:32.999920845Z</time>
            </trkpt>
            <trkpt lat="42.25675807338418" lon="-84.47042553693473">
                <ele>304.0960350036618</ele>
                <time>2026-05-28T19:50:33.999920845Z</time>
            </trkpt>
            <trkpt lat="42.25675581027032" lon="-84.47042612366795">
                <ele>303.7393455505368</ele>
                <time>2026-05-28T19:50:34.999919891Z</time>
            </trkpt>
            <trkpt lat="42.25675392434211" lon="-84.47042671040117">
                <ele>303.8631248474118</ele>
                <time>2026-05-28T19:50:35.999921321Z</time>
            </trkpt>
            <trkpt lat="42.2567541757992" lon="-84.47042394437312">
                <ele>303.7474021911618</ele>
                <time>2026-05-28T19:50:36.999921321Z</time>
            </trkpt>
            <trkpt lat="42.25675501398952" lon="-84.47042092688798">
                <ele>303.6482810974118</ele>
                <time>2026-05-28T19:50:37.999920606Z</time>
            </trkpt>
            <trkpt lat="42.256755558813225" lon="-84.47041983724057">
                <ele>303.2678489685056</ele>
                <time>2026-05-28T19:50:38.999922275Z</time>
            </trkpt>
            <trkpt lat="42.256755349265646" lon="-84.47041908286928">
                <ele>303.0704002380368</ele>
                <time>2026-05-28T19:50:39.999922990Z</time>
            </trkpt>
            <trkpt lat="42.25675547499419" lon="-84.47041816085994">
                <ele>303.1515769958493</ele>
                <time>2026-05-28T19:50:40.999921083Z</time>
            </trkpt>
            <trkpt lat="42.256756061727415" lon="-84.47041723885059">
                <ele>303.31258773803677</ele>
                <time>2026-05-28T19:50:41.999923229Z</time>
            </trkpt>
            <trkpt lat="42.256755768360804" lon="-84.47041690357446">
                <ele>303.218898773193</ele>
                <time>2026-05-28T19:50:42.999924898Z</time>
            </trkpt>
            <trkpt lat="42.25675551690371" lon="-84.4704167359364">
                <ele>303.21566390991177</ele>
                <time>2026-05-28T19:50:43.999927043Z</time>
            </trkpt>
            <trkpt lat="42.25675572645129" lon="-84.4704167359364">
                <ele>303.22152328491177</ele>
                <time>2026-05-28T19:50:44.999930620Z</time>
            </trkpt>
            <trkpt lat="42.25675593599887" lon="-84.47041690357446">
                <ele>303.1983909606931</ele>
                <time>2026-05-28T19:50:45.999932289Z</time>
            </trkpt>
            <trkpt lat="42.256755977908384" lon="-84.47041698739349">
                <ele>303.18575668334927</ele>
                <time>2026-05-28T19:50:46.999935150Z</time>
            </trkpt>
            <trkpt lat="42.256755977908384" lon="-84.47041707121252">
                <ele>303.1777000427243</ele>
                <time>2026-05-28T19:50:47.999937057Z</time>
            </trkpt>
            <trkpt lat="42.256755977908384" lon="-84.47041715503156">
                <ele>303.1671409606931</ele>
                <time>2026-05-28T19:50:48.999938488Z</time>
            </trkpt>
            <trkpt lat="42.25675593599887" lon="-84.47041723885059">
                <ele>303.1615867614743</ele>
                <time>2026-05-28T19:50:49.999940395Z</time>
            </trkpt>
            <trkpt lat="42.25675589408935" lon="-84.47041723885059">
                <ele>303.16415023803677</ele>
                <time>2026-05-28T19:50:50.999941825Z</time>
            </trkpt>
            <trkpt lat="42.25675589408935" lon="-84.47041723885059">
                <ele>303.1653709411618</ele>
                <time>2026-05-28T19:50:51.999943971Z</time>
            </trkpt>
            <trkpt lat="42.256755852179836" lon="-84.47041723885059">
                <ele>303.1656150817868</ele>
                <time>2026-05-28T19:50:52.999945640Z</time>
            </trkpt>
            <trkpt lat="42.256755852179836" lon="-84.47041732266962">
                <ele>303.1636619567868</ele>
                <time>2026-05-28T19:50:53.999947071Z</time>
            </trkpt>
            <trkpt lat="42.25675568454177" lon="-84.47041573010802">
                <ele>302.7480125427243</ele>
                <time>2026-05-28T19:50:54.999948978Z</time>
            </trkpt>
            <trkpt lat="42.256754343437265" lon="-84.47041413754641">
                <ele>302.8131980895993</ele>
                <time>2026-05-28T19:50:55.999950408Z</time>
            </trkpt>
            <trkpt lat="42.25675375670404" lon="-84.47041179061353">
                <ele>303.1405906677243</ele>
                <time>2026-05-28T19:50:56.999951839Z</time>
            </trkpt>
            <trkpt lat="42.25675518162758" lon="-84.47041003041386">
                <ele>303.0545310974118</ele>
                <time>2026-05-28T19:50:57.999952793Z</time>
            </trkpt>
            <trkpt lat="42.25675589408935" lon="-84.47040894076645">
                <ele>303.1049461364743</ele>
                <time>2026-05-28T19:50:58.999954223Z</time>
            </trkpt>
            <trkpt lat="42.25675593599887" lon="-84.47040852167129">
                <ele>302.9149436950681</ele>
                <time>2026-05-28T19:50:59.999955654Z</time>
            </trkpt>
            <trkpt lat="42.256756564641606" lon="-84.47040868930935">
                <ele>302.9904441833493</ele>
                <time>2026-05-28T19:51:00.999955654Z</time>
            </trkpt>
            <trkpt lat="42.256757067555796" lon="-84.47040894076645">
                <ele>302.9845848083493</ele>
                <time>2026-05-28T19:51:01.999957561Z</time>
            </trkpt>
            <trkpt lat="42.2567576123795" lon="-84.47040885694742">
                <ele>303.0883445739743</ele>
                <time>2026-05-28T19:51:02.999958992Z</time>
            </trkpt>
            <trkpt lat="42.256758785845946" lon="-84.47040852167129">
                <ele>303.1883201599118</ele>
                <time>2026-05-28T19:51:03.999958992Z</time>
            </trkpt>
            <trkpt lat="42.25675987549336" lon="-84.47040852167129">
                <ele>303.2278099060055</ele>
                <time>2026-05-28T19:51:04.999960422Z</time>
            </trkpt>
            <trkpt lat="42.25676016885997" lon="-84.47040877312838">
                <ele>303.24618148803677</ele>
                <time>2026-05-28T19:51:05.999961376Z</time>
            </trkpt>
            <trkpt lat="42.25676046222658" lon="-84.47040894076645">
                <ele>303.27596664428677</ele>
                <time>2026-05-28T19:51:06.999961614Z</time>
            </trkpt>
            <trkpt lat="42.25676046222658" lon="-84.47040910840451">
                <ele>303.258693695068</ele>
                <time>2026-05-28T19:51:07.999963521Z</time>
            </trkpt>
            <trkpt lat="42.25676046222658" lon="-84.47040910840451">
                <ele>303.2583885192868</ele>
                <time>2026-05-28T19:51:08.999964237Z</time>
            </trkpt>
            <trkpt lat="42.25676046222658" lon="-84.47040919222354">
                <ele>303.2572898864743</ele>
                <time>2026-05-28T19:51:09.999965190Z</time>
            </trkpt>
            <trkpt lat="42.25676046222658" lon="-84.47040919222354">
                <ele>303.2582664489743</ele>
                <time>2026-05-28T19:51:10.999965667Z</time>
            </trkpt>
            <trkpt lat="42.256760420317065" lon="-84.47040919222354">
                <ele>303.2597312927243</ele>
                <time>2026-05-28T19:51:11.999966621Z</time>
            </trkpt>
            <trkpt lat="42.25676037840755" lon="-84.47040927604257">
                <ele>303.2577781677243</ele>
                <time>2026-05-28T19:51:12.999966859Z</time>
            </trkpt>
            <trkpt lat="42.25676029458852" lon="-84.47040927604257">
                <ele>303.2569847106931</ele>
                <time>2026-05-28T19:51:13.999967575Z</time>
            </trkpt>
            <trkpt lat="42.256760252679" lon="-84.4704093598616">
                <ele>303.2547874450681</ele>
                <time>2026-05-28T19:51:14.999968051Z</time>
            </trkpt>
            <trkpt lat="42.25676352162124" lon="-84.47041355081319">
                <ele>303.3845481872556</ele>
                <time>2026-05-28T19:51:15.999969005Z</time>
            </trkpt>
            <trkpt lat="42.256769933777164" lon="-84.47041916668832">
                <ele>304.318264007568</ele>
                <time>2026-05-28T19:51:16.999969959Z</time>
            </trkpt>
            <trkpt lat="42.25677793849469" lon="-84.47042511783957">
                <ele>304.5285301208493</ele>
                <time>2026-05-28T19:51:17.999969959Z</time>
            </trkpt>
            <trkpt lat="42.256788960697364" lon="-84.47043165572404">
                <ele>304.73446273803677</ele>
                <time>2026-05-28T19:51:18.999970436Z</time>
            </trkpt>
            <trkpt lat="42.2568017430997" lon="-84.4704391994369">
                <ele>304.9052391052243</ele>
                <time>2026-05-28T19:51:19.999972343Z</time>
            </trkpt>
            <trkpt lat="42.25681624379219" lon="-84.47044665933072">
                <ele>305.0486717224118</ele>
                <time>2026-05-28T19:51:20.999972105Z</time>
            </trkpt>
            <trkpt lat="42.25683250468434" lon="-84.47045403540551">
                <ele>305.2246971130368</ele>
                <time>2026-05-28T19:51:21.999973535Z</time>
            </trkpt>
            <trkpt lat="42.25684960376681" lon="-84.47046191439449">
                <ele>305.4631004333493</ele>
                <time>2026-05-28T19:51:22.999973773Z</time>
            </trkpt>
            <trkpt lat="42.25686804395379" lon="-84.47047021247863">
                <ele>305.6183738708493</ele>
                <time>2026-05-28T19:51:23.999974012Z</time>
            </trkpt>
            <trkpt lat="42.25688723851205" lon="-84.47047909729599">
                <ele>305.6282005310056</ele>
                <time>2026-05-28T19:51:24.999975204Z</time>
            </trkpt>
            <trkpt lat="42.25690735507966" lon="-84.47048873648464">
                <ele>305.6379661560056</ele>
                <time>2026-05-28T19:51:25.999975681Z</time>
            </trkpt>
            <trkpt lat="42.256927974561464" lon="-84.47049913004457">
                <ele>305.3413963317868</ele>
                <time>2026-05-28T19:51:26.999976158Z</time>
            </trkpt>
            <trkpt lat="42.2569484264052" lon="-84.47050969124257">
                <ele>305.0607566833493</ele>
                <time>2026-05-28T19:51:27.999976158Z</time>
            </trkpt>
            <trkpt lat="42.25697030317248" lon="-84.47052067153572">
                <ele>305.0501976013181</ele>
                <time>2026-05-28T19:51:28.999976396Z</time>
            </trkpt>
            <trkpt lat="42.25699368868233" lon="-84.47053307675242">
                <ele>304.8771018981931</ele>
                <time>2026-05-28T19:51:29.999977827Z</time>
            </trkpt>
            <trkpt lat="42.25701828956814" lon="-84.4705459848833">
                <ele>304.92440414428677</ele>
                <time>2026-05-28T19:51:30.999977827Z</time>
            </trkpt>
            <trkpt lat="42.25704284854443" lon="-84.47055931210934">
                <ele>304.7952537536618</ele>
                <time>2026-05-28T19:51:31.999979019Z</time>
            </trkpt>
            <trkpt lat="42.25706711415411" lon="-84.4705721364212">
                <ele>304.8664207458493</ele>
                <time>2026-05-28T19:51:32.999979257Z</time>
            </trkpt>
            <trkpt lat="42.25709188267798" lon="-84.47058512837111">
                <ele>304.8190574645993</ele>
                <time>2026-05-28T19:51:33.999979019Z</time>
            </trkpt>
            <trkpt lat="42.25711631592573" lon="-84.47059820414006">
                <ele>304.74728012084927</ele>
                <time>2026-05-28T19:51:34.999979972Z</time>
            </trkpt>
            <trkpt lat="42.25713991098316" lon="-84.47061111227094">
                <ele>304.8009300231931</ele>
                <time>2026-05-28T19:51:35.999980926Z</time>
            </trkpt>
            <trkpt lat="42.257161242926735" lon="-84.47062326603054">
                <ele>304.7113914489743</ele>
                <time>2026-05-28T19:51:36.999980926Z</time>
            </trkpt>
            <trkpt lat="42.25717997648032" lon="-84.47063357577144">
                <ele>304.5491600036618</ele>
                <time>2026-05-28T19:51:37.999981403Z</time>
            </trkpt>
            <trkpt lat="42.25719518963458" lon="-84.4706413709414">
                <ele>304.5423240661618</ele>
                <time>2026-05-28T19:51:38.999982118Z</time>
            </trkpt>
            <trkpt lat="42.25720570892306" lon="-84.47064690299749">
                <ele>304.5054588317868</ele>
                <time>2026-05-28T19:51:39.999982595Z</time>
            </trkpt>
            <trkpt lat="42.25721300117882" lon="-84.47065059103488">
                <ele>304.4646263122556</ele>
                <time>2026-05-28T19:51:40.999982833Z</time>
            </trkpt>
            <trkpt lat="42.257217192130405" lon="-84.47065218359648">
                <ele>304.3404197692868</ele>
                <time>2026-05-28T19:51:41.999983787Z</time>
            </trkpt>
            <trkpt lat="42.25721836559685" lon="-84.47065067485391">
                <ele>304.3610496520993</ele>
                <time>2026-05-28T19:51:42.999983787Z</time>
            </trkpt>
            <trkpt lat="42.25721886851104" lon="-84.4706498366636">
                <ele>304.2969017028806</ele>
                <time>2026-05-28T19:51:43.999984264Z</time>
            </trkpt>
            <trkpt lat="42.257219119968134" lon="-84.47064950138747">
                <ele>304.29305648803677</ele>
                <time>2026-05-28T19:51:44.999984502Z</time>
            </trkpt>
            <trkpt lat="42.257219203787166" lon="-84.4706493337494">
                <ele>304.29330062866177</ele>
                <time>2026-05-28T19:51:45.999984741Z</time>
            </trkpt>
            <trkpt lat="42.25721979052039" lon="-84.4706493337494">
                <ele>304.312404632568</ele>
                <time>2026-05-28T19:51:46.999985456Z</time>
            </trkpt>
            <trkpt lat="42.2572208801678" lon="-84.47064966902553">
                <ele>304.36336898803677</ele>
                <time>2026-05-28T19:51:47.999985933Z</time>
            </trkpt>
            <trkpt lat="42.25722180217715" lon="-84.47065017193972">
                <ele>304.3698387145993</ele>
                <time>2026-05-28T19:51:48.999986171Z</time>
            </trkpt>
            <trkpt lat="42.2572224727294" lon="-84.47065033957779">
                <ele>304.4174461364743</ele>
                <time>2026-05-28T19:51:49.999987125Z</time>
            </trkpt>
            <trkpt lat="42.25722280800553" lon="-84.47065050721585">
                <ele>304.4226341247556</ele>
                <time>2026-05-28T19:51:50.999987125Z</time>
            </trkpt>
            <trkpt lat="42.257223059462625" lon="-84.47065075867295">
                <ele>304.41988754272427</ele>
                <time>2026-05-28T19:51:51.999988079Z</time>
            </trkpt>
            <trkpt lat="42.257223269010204" lon="-84.47065092631101">
                <ele>304.4076805114743</ele>
                <time>2026-05-28T19:51:52.999988079Z</time>
            </trkpt>
            <trkpt lat="42.25722347855778" lon="-84.47065109394907">
                <ele>304.405422210693</ele>
                <time>2026-05-28T19:51:53.999989032Z</time>
            </trkpt>
            <trkpt lat="42.25722364619585" lon="-84.47065134540617">
                <ele>304.4057273864743</ele>
                <time>2026-05-28T19:51:54.999988794Z</time>
            </trkpt>
            <trkpt lat="42.257223771924394" lon="-84.47065151304423">
                <ele>304.401515960693</ele>
                <time>2026-05-28T19:51:55.999989509Z</time>
            </trkpt>
            <trkpt lat="42.25722389765294" lon="-84.47065159686326">
                <ele>304.39693832397427</ele>
                <time>2026-05-28T19:51:56.999989986Z</time>
            </trkpt>
            <trkpt lat="42.25722402338149" lon="-84.47065176450133">
                <ele>304.3932762145993</ele>
                <time>2026-05-28T19:51:57.999990463Z</time>
            </trkpt>
            <trkpt lat="42.25722410720052" lon="-84.47065184832036">
                <ele>304.3886375427243</ele>
                <time>2026-05-28T19:51:58.999990701Z</time>
            </trkpt>
            <trkpt lat="42.25722423292907" lon="-84.47065201595842">
                <ele>304.38509750366177</ele>
                <time>2026-05-28T19:51:59.999991416Z</time>
            </trkpt>
            <trkpt lat="42.2572243167481" lon="-84.47065209977745">
                <ele>304.3807029724118</ele>
                <time>2026-05-28T19:52:00.999991893Z</time>
            </trkpt>
            <trkpt lat="42.25722440056713" lon="-84.47065226741552">
                <ele>304.3765525817868</ele>
                <time>2026-05-28T19:52:01.999992132Z</time>
            </trkpt>
            <trkpt lat="42.257224484386164" lon="-84.47065235123455">
                <ele>304.37130355834927</ele>
                <time>2026-05-28T19:52:02.999992132Z</time>
            </trkpt>
            <trkpt lat="42.257224568205196" lon="-84.47065243505358">
                <ele>304.3666648864743</ele>
                <time>2026-05-28T19:52:03.999993324Z</time>
            </trkpt>
            <trkpt lat="42.25722469393374" lon="-84.47065251887261">
                <ele>304.36141586303677</ele>
                <time>2026-05-28T19:52:04.999993085Z</time>
            </trkpt>
            <trkpt lat="42.25722473584326" lon="-84.47065268651068">
                <ele>304.3558006286618</ele>
                <time>2026-05-28T19:52:05.999994277Z</time>
            </trkpt>
            <trkpt lat="42.25722481966229" lon="-84.4706527703297">
                <ele>304.3507957458493</ele>
                <time>2026-05-28T19:52:06.999994039Z</time>
            </trkpt>
            <trkpt lat="42.25722490348132" lon="-84.47065285414874">
                <ele>304.3440818786618</ele>
                <time>2026-05-28T19:52:07.999994993Z</time>
            </trkpt>
            <trkpt lat="42.257224987300354" lon="-84.47065293796777">
                <ele>304.3390769958493</ele>
                <time>2026-05-28T19:52:08.999994993Z</time>
            </trkpt>
            <trkpt lat="42.25722502920987" lon="-84.4706530217868">
                <ele>304.3330955505368</ele>
                <time>2026-05-28T19:52:09.999994754Z</time>
            </trkpt>
            <trkpt lat="42.257225071119386" lon="-84.47065310560583">
                <ele>304.3263816833493</ele>
                <time>2026-05-28T19:52:10.999995708Z</time>
            </trkpt>
            <trkpt lat="42.2572251130289" lon="-84.47065318942487">
                <ele>304.3173484802243</ele>
                <time>2026-05-28T19:52:11.999996185Z</time>
            </trkpt>
            <trkpt lat="42.257221844086665" lon="-84.47065344088196">
                <ele>303.9703025817868</ele>
                <time>2026-05-28T19:52:12.999996662Z</time>
            </trkpt>
            <trkpt lat="42.25721656348767" lon="-84.47065478198647">
                <ele>303.2951316833493</ele>
                <time>2026-05-28T19:52:13.999997615Z</time>
            </trkpt>
            <trkpt lat="42.257212330626565" lon="-84.47065394379615">
                <ele>302.8766746520993</ele>
                <time>2026-05-28T19:52:14.999997615Z</time>
            </trkpt>
            <trkpt lat="42.25720881022723" lon="-84.4706530217868">
                <ele>302.5375633239743</ele>
                <time>2026-05-28T19:52:15.999998092Z</time>
            </trkpt>
            <trkpt lat="42.25720612801822" lon="-84.47065184832036">
                <ele>302.3023338317868</ele>
                <time>2026-05-28T19:52:16.999998569Z</time>
            </trkpt>
            <trkpt lat="42.257204451637584" lon="-84.47065109394907">
                <ele>301.97372055053677</ele>
                <time>2026-05-28T19:52:17.999999284Z</time>
            </trkpt>
            <trkpt lat="42.25720256570937" lon="-84.47065042339682">
                <ele>301.8369407653806</ele>
                <time>2026-05-28T19:52:18.999999523Z</time>
            </trkpt>
            <trkpt lat="42.25720176942857" lon="-84.47065050721585">
                <ele>301.8279685974118</ele>
                <time>2026-05-28T19:52:19.999999523Z</time>
            </trkpt>
            <trkpt lat="42.257201015057284" lon="-84.47065109394907">
                <ele>301.7903099060056</ele>
                <time>2026-05-28T19:52:21.000000715Z</time>
            </trkpt>
            <trkpt lat="42.257200595962125" lon="-84.47065134540617">
                <ele>301.7915306091306</ele>
                <time>2026-05-28T19:52:22.000000238Z</time>
            </trkpt>
            <trkpt lat="42.25720034450503" lon="-84.47065151304423">
                <ele>301.7810935974118</ele>
                <time>2026-05-28T19:52:23.000000476Z</time>
            </trkpt>
            <trkpt lat="42.25720055405261" lon="-84.47065159686326">
                <ele>301.7781028747555</ele>
                <time>2026-05-28T19:52:24.000002145Z</time>
            </trkpt>
            <trkpt lat="42.257200595962125" lon="-84.4706516806823">
                <ele>301.76986312866177</ele>
                <time>2026-05-28T19:52:25.000001907Z</time>
            </trkpt>
            <trkpt lat="42.25720063787164" lon="-84.47065176450133">
                <ele>301.7595481872556</ele>
                <time>2026-05-28T19:52:26.000002384Z</time>
            </trkpt>
            <trkpt lat="42.257200595962125" lon="-84.47065193213939">
                <ele>301.7514305114743</ele>
                <time>2026-05-28T19:52:27.000002384Z</time>
            </trkpt>
            <trkpt lat="42.25720055405261" lon="-84.47065201595842">
                <ele>301.7389793395993</ele>
                <time>2026-05-28T19:52:28.000002861Z</time>
            </trkpt>
            <trkpt lat="42.257200595962125" lon="-84.47065067485391">
                <ele>301.8738670349118</ele>
                <time>2026-05-28T19:52:29.000003337Z</time>
            </trkpt>
            <trkpt lat="42.25719803948166" lon="-84.47064908229231">
                <ele>301.3332786560056</ele>
                <time>2026-05-28T19:52:30.000003337Z</time>
            </trkpt>
            <trkpt lat="42.25719598591538" lon="-84.4706479926449">
                <ele>301.3009910583493</ele>
                <time>2026-05-28T19:52:31.000004291Z</time>
            </trkpt>
            <trkpt lat="42.25719481244894" lon="-84.47064581335007">
                <ele>301.4220848083493</ele>
                <time>2026-05-28T19:52:32.000004768Z</time>
            </trkpt>
            <trkpt lat="42.257194519082326" lon="-84.47064346641719">
                <ele>301.4920310974118</ele>
                <time>2026-05-28T19:52:33.000005722Z</time>
            </trkpt>
            <trkpt lat="42.25719456099184" lon="-84.47064061657011">
                <ele>301.6036643981931</ele>
                <time>2026-05-28T19:52:34.000005245Z</time>
            </trkpt>
            <trkpt lat="42.25719485435845" lon="-84.47063860491335">
                <ele>301.5581932067868</ele>
                <time>2026-05-28T19:52:35.000005722Z</time>
            </trkpt>
            <trkpt lat="42.25719833284827" lon="-84.47063315667629">
                <ele>301.8250389099118</ele>
                <time>2026-05-28T19:52:36.000006675Z</time>
            </trkpt>
            <trkpt lat="42.25720051214309" lon="-84.47062678642988">
                <ele>301.7749900817868</ele>
                <time>2026-05-28T19:52:37.999949693Z</time>
            </trkpt>
            <trkpt lat="42.25720214661421" lon="-84.47062469095408">
                <ele>301.2257957458493</ele>
                <time>2026-05-28T19:52:38.999951362Z</time>
            </trkpt>
            <trkpt lat="42.257203236261624" lon="-84.47062259547829">
                <ele>300.762844085693</ele>
                <time>2026-05-28T19:52:39.999951124Z</time>
            </trkpt>
            <trkpt lat="42.25720420018049" lon="-84.47062167346894">
                <ele>300.6112937927243</ele>
                <time>2026-05-28T19:52:40.999951601Z</time>
            </trkpt>
            <trkpt lat="42.257204451637584" lon="-84.47062133819281">
                <ele>300.6015892028805</ele>
                <time>2026-05-28T19:52:41.999952316Z</time>
            </trkpt>
            <trkpt lat="42.257204535456616" lon="-84.47062125437378">
                <ele>300.6914939880368</ele>
                <time>2026-05-28T19:52:42.999953269Z</time>
            </trkpt>
            <trkpt lat="42.257204242090005" lon="-84.47062158964991">
                <ele>300.79305648803677</ele>
                <time>2026-05-28T19:52:43.999953508Z</time>
            </trkpt>
            <trkpt lat="42.257202523799855" lon="-84.47062410422086">
                <ele>300.5133934020993</ele>
                <time>2026-05-28T19:52:44.999956846Z</time>
            </trkpt>
            <trkpt lat="42.25719992540987" lon="-84.47063005537211">
                <ele>300.773830413818</ele>
                <time>2026-05-28T19:52:45.999960422Z</time>
            </trkpt>
            <trkpt lat="42.25719632119151" lon="-84.47063474923789">
                <ele>301.2515525817868</ele>
                <time>2026-05-28T19:52:46.999960184Z</time>
            </trkpt>
            <trkpt lat="42.2571933875254" lon="-84.47063684471368">
                <ele>301.5982322692868</ele>
                <time>2026-05-28T19:52:47.999962568Z</time>
            </trkpt>
            <trkpt lat="42.25719053767832" lon="-84.47063835345625">
                <ele>301.72628402709927</ele>
                <time>2026-05-28T19:52:48.999964714Z</time>
            </trkpt>
            <trkpt lat="42.257188065016884" lon="-84.47063935928463">
                <ele>301.8532981872555</ele>
                <time>2026-05-28T19:52:49.999968290Z</time>
            </trkpt>
            <trkpt lat="42.257187143007535" lon="-84.47063969456076">
                <ele>301.9977684020993</ele>
                <time>2026-05-28T19:52:50.999970436Z</time>
            </trkpt>
            <trkpt lat="42.25718680773141" lon="-84.47064002983689">
                <ele>302.0401268005368</ele>
                <time>2026-05-28T19:52:51.999971866Z</time>
            </trkpt>
            <trkpt lat="42.25718697536947" lon="-84.47064019747495">
                <ele>302.0566062927243</ele>
                <time>2026-05-28T19:52:52.999974250Z</time>
            </trkpt>
            <trkpt lat="42.25718722682657" lon="-84.47064019747495">
                <ele>302.0928611755368</ele>
                <time>2026-05-28T19:52:53.999976158Z</time>
            </trkpt>
            <trkpt lat="42.257187855469304" lon="-84.47064002983689">
                <ele>302.1242332458493</ele>
                <time>2026-05-28T19:52:54.999977827Z</time>
            </trkpt>
            <trkpt lat="42.257188358383495" lon="-84.47063994601785">
                <ele>302.1737937927243</ele>
                <time>2026-05-28T19:52:55.999979496Z</time>
            </trkpt>
            <trkpt lat="42.257188567931074" lon="-84.47063994601785">
                <ele>302.8439598083493</ele>
                <time>2026-05-28T19:52:56.999980926Z</time>
            </trkpt>
            <trkpt lat="42.25718953184994" lon="-84.47064011365592">
                <ele>302.9950828552243</ele>
                <time>2026-05-28T19:52:57.999981880Z</time>
            </trkpt>
            <trkpt lat="42.257189867126066" lon="-84.47064044893204">
                <ele>303.32137680053677</ele>
                <time>2026-05-28T19:52:58.999983549Z</time>
            </trkpt>
            <trkpt lat="42.257190370040256" lon="-84.47064036511301">
                <ele>303.4782371520993</ele>
                <time>2026-05-28T19:52:59.999985218Z</time>
            </trkpt>
            <trkpt lat="42.25719145968767" lon="-84.47063961074173">
                <ele>303.5819969177243</ele>
                <time>2026-05-28T19:53:00.999986648Z</time>
            </trkpt>
            <trkpt lat="42.25719187878283" lon="-84.4706392754656">
                <ele>303.6773338317868</ele>
                <time>2026-05-28T19:53:01.999986648Z</time>
            </trkpt>
            <trkpt lat="42.25719238169702" lon="-84.47063877255141">
                <ele>303.7941551208493</ele>
                <time>2026-05-28T19:53:02.999989032Z</time>
            </trkpt>
            <trkpt lat="42.25719292652072" lon="-84.47063826963722">
                <ele>303.9928855895993</ele>
                <time>2026-05-28T19:53:03.999989748Z</time>
            </trkpt>
            <trkpt lat="42.25719342943491" lon="-84.47063810199916">
                <ele>303.95382308959927</ele>
                <time>2026-05-28T19:53:04.999990940Z</time>
            </trkpt>
            <trkpt lat="42.257193806620556" lon="-84.47063801818013">
                <ele>303.9113426208493</ele>
                <time>2026-05-28T19:53:05.999991893Z</time>
            </trkpt>
            <trkpt lat="42.25719409998717" lon="-84.4706379343611">
                <ele>303.94576644897427</ele>
                <time>2026-05-28T19:53:06.999993324Z</time>
            </trkpt>
            <trkpt lat="42.257194519082326" lon="-84.47063776672303">
                <ele>303.9690818786618</ele>
                <time>2026-05-28T19:53:07.999994039Z</time>
            </trkpt>
            <trkpt lat="42.25719489626797" lon="-84.47063776672303">
                <ele>303.91415023803677</ele>
                <time>2026-05-28T19:53:08.999995231Z</time>
            </trkpt>
            <trkpt lat="42.25719510581555" lon="-84.47063776672303">
                <ele>303.9059104919431</ele>
                <time>2026-05-28T19:53:09.999995708Z</time>
            </trkpt>
            <trkpt lat="42.257195231544095" lon="-84.47063776672303">
                <ele>303.9075584411618</ele>
                <time>2026-05-28T19:53:10.999997377Z</time>
            </trkpt>
            <trkpt lat="42.25719531536313" lon="-84.47063776672303">
                <ele>303.907863616943</ele>
                <time>2026-05-28T19:53:11.999997615Z</time>
            </trkpt>
            <trkpt lat="42.25719535727264" lon="-84.47063776672303">
                <ele>303.9089012145993</ele>
                <time>2026-05-28T19:53:12.999998092Z</time>
            </trkpt>
            <trkpt lat="42.25719535727264" lon="-84.47063776672303">
                <ele>303.906642913818</ele>
                <time>2026-05-28T19:53:13.999999523Z</time>
            </trkpt>
            <trkpt lat="42.25719531536313" lon="-84.47063776672303">
                <ele>303.9023704528806</ele>
                <time>2026-05-28T19:53:15Z</time>
            </trkpt>
            <trkpt lat="42.25719527345361" lon="-84.47063776672303">
                <ele>303.8980369567868</ele>
                <time>2026-05-28T19:53:16.000001430Z</time>
            </trkpt>
            <trkpt lat="42.257195231544095" lon="-84.47063776672303">
                <ele>303.89522933959927</ele>
                <time>2026-05-28T19:53:17.000002384Z</time>
            </trkpt>
            <trkpt lat="42.25719518963458" lon="-84.47063776672303">
                <ele>303.8927268981931</ele>
                <time>2026-05-28T19:53:18.000002861Z</time>
            </trkpt>
            <trkpt lat="42.25719510581555" lon="-84.47063776672303">
                <ele>303.8865013122556</ele>
                <time>2026-05-28T19:53:19.000003814Z</time>
            </trkpt>
            <trkpt lat="42.25719506390603" lon="-84.47063776672303">
                <ele>303.88045883178677</ele>
                <time>2026-05-28T19:53:20.000004291Z</time>
            </trkpt>
            <trkpt lat="42.257195021996516" lon="-84.47063785054206">
                <ele>303.87655258178677</ele>
                <time>2026-05-28T19:53:21.000005245Z</time>
            </trkpt>
            <trkpt lat="42.257194980087" lon="-84.47063785054206">
                <ele>303.8728904724118</ele>
                <time>2026-05-28T19:53:22.000005722Z</time>
            </trkpt>
            <trkpt lat="42.257194938177484" lon="-84.47063785054206">
                <ele>303.8719139099118</ele>
                <time>2026-05-28T19:53:23.000006675Z</time>
            </trkpt>
            <trkpt lat="42.25719489626797" lon="-84.4706379343611">
                <ele>303.8720359802243</ele>
                <time>2026-05-28T19:53:24.000007629Z</time>
            </trkpt>
            <trkpt lat="42.25719489626797" lon="-84.47063801818013">
                <ele>303.8711814880368</ele>
                <time>2026-05-28T19:53:25.000007867Z</time>
            </trkpt>
            <trkpt lat="42.25719925485762" lon="-84.47064313114106">
                <ele>304.0107078552243</ele>
                <time>2026-05-28T19:53:26.000008583Z</time>
            </trkpt>
            <trkpt lat="42.257205667013544" lon="-84.47064924993037">
                <ele>303.8811302185055</ele>
                <time>2026-05-28T19:53:27.000010013Z</time>
            </trkpt>
            <trkpt lat="42.25721409082623" lon="-84.4706548658055">
                <ele>304.1961936950681</ele>
                <time>2026-05-28T19:53:28.000010013Z</time>
            </trkpt>
            <trkpt lat="42.25722440056713" lon="-84.47066190660416">
                <ele>304.32394027709927</ele>
                <time>2026-05-28T19:53:29.000010728Z</time>
            </trkpt>
            <trkpt lat="42.25723605141254" lon="-84.47067028850734">
                <ele>304.2340965270993</ele>
                <time>2026-05-28T19:53:30.000010967Z</time>
            </trkpt>
            <trkpt lat="42.25724891763391" lon="-84.47067942478179">
                <ele>304.3670310974118</ele>
                <time>2026-05-28T19:53:31.000011920Z</time>
            </trkpt>
            <trkpt lat="42.25726350214543" lon="-84.4706897345227">
                <ele>304.0946922302243</ele>
                <time>2026-05-28T19:53:32.000012636Z</time>
            </trkpt>
            <trkpt lat="42.25728064313741" lon="-84.47070222355842">
                <ele>303.5891990661618</ele>
                <time>2026-05-28T19:53:33.000013351Z</time>
            </trkpt>
            <trkpt lat="42.257302268447596" lon="-84.47071613751768">
                <ele>304.0533103942868</ele>
                <time>2026-05-28T19:53:34.000014066Z</time>
            </trkpt>
            <trkpt lat="42.257327665614206" lon="-84.47073047057211">
                <ele>303.9372825622555</ele>
                <time>2026-05-28T19:53:35.000014781Z</time>
            </trkpt>
            <trkpt lat="42.257357211822885" lon="-84.47074480362653">
                <ele>304.23189926147427</ele>
                <time>2026-05-28T19:53:36.000015258Z</time>
            </trkpt>
            <trkpt lat="42.25739145189734" lon="-84.47075804703354">
                <ele>304.812160491943</ele>
                <time>2026-05-28T19:53:37.000015735Z</time>
            </trkpt>
            <trkpt lat="42.25742845799984" lon="-84.47077045225024">
                <ele>304.8924217224118</ele>
                <time>2026-05-28T19:53:38.000016212Z</time>
            </trkpt>
            <trkpt lat="42.25746705666395" lon="-84.47078235455274">
                <ele>305.1106224060056</ele>
                <time>2026-05-28T19:53:39.000017166Z</time>
            </trkpt>
            <trkpt lat="42.25750720598014" lon="-84.47079517886459">
                <ele>305.1349754333493</ele>
                <time>2026-05-28T19:53:40.000018596Z</time>
            </trkpt>
            <trkpt lat="42.25754970222922" lon="-84.4708105177474">
                <ele>305.1177635192868</ele>
                <time>2026-05-28T19:53:41.000018835Z</time>
            </trkpt>
            <trkpt lat="42.257598401086646" lon="-84.4708258566302">
                <ele>305.30465316772427</ele>
                <time>2026-05-28T19:53:42.000019073Z</time>
            </trkpt>
            <trkpt lat="42.2576474352202" lon="-84.4708416984272">
                <ele>305.5354881286618</ele>
                <time>2026-05-28T19:53:43.000020027Z</time>
            </trkpt>
            <trkpt lat="42.25769588262053" lon="-84.47085963569998">
                <ele>305.7442283630368</ele>
                <time>2026-05-28T19:53:44.000020027Z</time>
            </trkpt>
            <trkpt lat="42.25774504248263" lon="-84.47087405257344">
                <ele>305.52315902709927</ele>
                <time>2026-05-28T19:53:45.000020503Z</time>
            </trkpt>
            <trkpt lat="42.25779432807328" lon="-84.47087815970599">
                <ele>305.1867942810056</ele>
                <time>2026-05-28T19:53:46.000021934Z</time>
            </trkpt>
            <trkpt lat="42.25784281738313" lon="-84.47087321438312">
                <ele>305.30160140991177</ele>
                <time>2026-05-28T19:53:47.000022411Z</time>
            </trkpt>
            <trkpt lat="42.25789160005959" lon="-84.47086198263287">
                <ele>305.3822898864743</ele>
                <time>2026-05-28T19:53:48.000022411Z</time>
            </trkpt>
            <trkpt lat="42.2579341801277" lon="-84.47084706284522">
                <ele>305.5058860778805</ele>
                <time>2026-05-28T19:53:49.000022888Z</time>
            </trkpt>
            <trkpt lat="42.257975377181786" lon="-84.47082309060215">
                <ele>305.7831687927243</ele>
                <time>2026-05-28T19:53:50.000024080Z</time>
            </trkpt>
            <trkpt lat="42.25801137745591" lon="-84.47078470148563">
                <ele>305.8677635192868</ele>
                <time>2026-05-28T19:53:51.000024318Z</time>
            </trkpt>
            <trkpt lat="42.258044192606825" lon="-84.47074279196977">
                <ele>306.1924705505368</ele>
                <time>2026-05-28T19:53:52.000024795Z</time>
            </trkpt>
            <trkpt lat="42.258069883140045" lon="-84.47069359019815">
                <ele>305.8550682067868</ele>
                <time>2026-05-28T19:53:53.000025749Z</time>
            </trkpt>
            <trkpt lat="42.258094986940044" lon="-84.47063935928463">
                <ele>305.9255638122555</ele>
                <time>2026-05-28T19:53:54.000026226Z</time>
            </trkpt>
            <trkpt lat="42.258118540087956" lon="-84.47057775229632">
                <ele>305.7702293395993</ele>
                <time>2026-05-28T19:53:55.000026702Z</time>
            </trkpt>
            <trkpt lat="42.258142638059574" lon="-84.47051153526127">
                <ele>305.39071273803677</ele>
                <time>2026-05-28T19:53:56.000026702Z</time>
            </trkpt>
            <trkpt lat="42.258171262258905" lon="-84.47043559521853">
                <ele>305.2654075622555</ele>
                <time>2026-05-28T19:53:57.000027656Z</time>
            </trkpt>
            <trkpt lat="42.2581992578155" lon="-84.47034674704491">
                <ele>305.2497825622556</ele>
                <time>2026-05-28T19:53:58.000027894Z</time>
            </trkpt>
            <trkpt lat="42.258232994975764" lon="-84.47024172179817">
                <ele>305.2465476989743</ele>
                <time>2026-05-28T19:53:59.000028610Z</time>
            </trkpt>
            <trkpt lat="42.258271426001805" lon="-84.4701215253067">
                <ele>305.0704002380368</ele>
                <time>2026-05-28T19:54:00.000029087Z</time>
            </trkpt>
            <trkpt lat="42.258310695218164" lon="-84.46998657666563">
                <ele>305.0617332458493</ele>
                <time>2026-05-28T19:54:01.000030040Z</time>
            </trkpt>
            <trkpt lat="42.25835562221916" lon="-84.46983503185629">
                <ele>305.05904769897427</ele>
                <time>2026-05-28T19:54:02.000030755Z</time>
            </trkpt>
            <trkpt lat="42.25840809293302" lon="-84.46966521449804">
                <ele>304.87789535522427</ele>
                <time>2026-05-28T19:54:03.000030755Z</time>
            </trkpt>
            <trkpt lat="42.258466179521996" lon="-84.46947435856282">
                <ele>304.90572738647427</ele>
                <time>2026-05-28T19:54:04.000031709Z</time>
            </trkpt>
            <trkpt lat="42.25853453394236" lon="-84.46926573299288">
                <ele>304.7897605895993</ele>
                <time>2026-05-28T19:54:05.000032186Z</time>
            </trkpt>
            <trkpt lat="42.258607330771405" lon="-84.46903891869306">
                <ele>304.7737693786618</ele>
                <time>2026-05-28T19:54:06.000032663Z</time>
            </trkpt>
            <trkpt lat="42.25868373181881" lon="-84.46879282601594">
                <ele>304.9162254333493</ele>
                <time>2026-05-28T19:54:07.000033617Z</time>
            </trkpt>
            <trkpt lat="42.25876574874135" lon="-84.46853181355118">
                <ele>304.9449119567868</ele>
                <time>2026-05-28T19:54:08.000034332Z</time>
            </trkpt>
            <trkpt lat="42.258850238325316" lon="-84.46824917577622">
                <ele>304.9449119567868</ele>
                <time>2026-05-28T19:54:09.000034093Z</time>
            </trkpt>
            <trkpt lat="42.258939798960704" lon="-84.46795547388909">
                <ele>305.1003074645993</ele>
                <time>2026-05-28T19:54:10.000035047Z</time>
            </trkpt>
            <trkpt lat="42.25903606511863" lon="-84.46764551110981">
                <ele>305.2405662536618</ele>
                <time>2026-05-28T19:54:11.000036239Z</time>
            </trkpt>
            <trkpt lat="42.259132415095586" lon="-84.46732104763804">
                <ele>305.5920066833493</ele>
                <time>2026-05-28T19:54:12.000036716Z</time>
            </trkpt>
            <trkpt lat="42.25923442285718" lon="-84.46698057473121">
                <ele>305.7079734802243</ele>
                <time>2026-05-28T19:54:13.000037193Z</time>
            </trkpt>
            <trkpt lat="42.25934401624115" lon="-84.46662736133156">
                <ele>305.83590316772427</ele>
                <time>2026-05-28T19:54:14.000038146Z</time>
            </trkpt>
            <trkpt lat="42.25945369344415" lon="-84.46626258090554">
                <ele>306.28133773803677</ele>
                <time>2026-05-28T19:54:15.000038623Z</time>
            </trkpt>
            <trkpt lat="42.25956944752695" lon="-84.46588707164345">
                <ele>308.0191307067868</ele>
                <time>2026-05-28T19:54:16.000038146Z</time>
            </trkpt>
            <trkpt lat="42.25968335759105" lon="-84.46550376721142">
                <ele>309.4233055114743</ele>
                <time>2026-05-28T19:54:17.000039100Z</time>
            </trkpt>
            <trkpt lat="42.25980334453495" lon="-84.46511912167487">
                <ele>311.930080413818</ele>
                <time>2026-05-28T19:54:18.000040054Z</time>
            </trkpt>
            <trkpt lat="42.25992840253027" lon="-84.46473355412898">
                <ele>314.29488754272427</ele>
                <time>2026-05-28T19:54:19.000040054Z</time>
            </trkpt>
            <trkpt lat="42.26005354434462" lon="-84.46434178397475">
                <ele>317.11373519897427</ele>
                <time>2026-05-28T19:54:20.000041007Z</time>
            </trkpt>
            <trkpt lat="42.26017646495463" lon="-84.463943392117">
                <ele>320.2041282653805</ele>
                <time>2026-05-28T19:54:21.000041961Z</time>
            </trkpt>
            <trkpt lat="42.26029863119336" lon="-84.46354181513605">
                <ele>323.6730613708493</ele>
                <time>2026-05-28T19:54:22.000041484Z</time>
            </trkpt>
            <trkpt lat="42.26041798949452" lon="-84.46313998669801">
                <ele>327.6480369567868</ele>
                <time>2026-05-28T19:54:23.000042438Z</time>
            </trkpt>
            <trkpt lat="42.260532989206034" lon="-84.462743522678">
                <ele>332.94564437866177</ele>
                <time>2026-05-28T19:54:24.000043630Z</time>
            </trkpt>
            <trkpt lat="42.260647821279484" lon="-84.462349740867">
                <ele>337.87337875366177</ele>
                <time>2026-05-28T19:54:25.000043869Z</time>
            </trkpt>
            <trkpt lat="42.26075795948716" lon="-84.46196241312144">
                <ele>343.70101547241177</ele>
                <time>2026-05-28T19:54:26.000044345Z</time>
            </trkpt>
            <trkpt lat="42.260866463223714" lon="-84.46158271290777">
                <ele>349.53011703491177</ele>
                <time>2026-05-28T19:54:27.000044345Z</time>
            </trkpt>
            <trkpt lat="42.26097291339399" lon="-84.46121022113083">
                <ele>355.01949691772427</ele>
                <time>2026-05-28T19:54:28.000046014Z</time>
            </trkpt>
            <trkpt lat="42.26107580125542" lon="-84.46083915427742">
                <ele>359.7017478942867</ele>
                <time>2026-05-28T19:54:29.000046730Z</time>
            </trkpt>
            <trkpt lat="42.2611848917252" lon="-84.46047638550816">
                <ele>363.33285140991177</ele>
                <time>2026-05-28T19:54:30.000046491Z</time>
            </trkpt>
            <trkpt lat="42.26129213817628" lon="-84.4601083361399">
                <ele>366.37325668334927</ele>
                <time>2026-05-28T19:54:31.000047206Z</time>
            </trkpt>
            <trkpt lat="42.26139653478028" lon="-84.45973777220068">
                <ele>368.7583274841305</ele>
                <time>2026-05-28T19:54:32.000047683Z</time>
            </trkpt>
            <trkpt lat="42.2615044098741" lon="-84.45936184384344">
                <ele>370.8841209411617</ele>
                <time>2026-05-28T19:54:33.000047922Z</time>
            </trkpt>
            <trkpt lat="42.26161471571984" lon="-84.45898365237234">
                <ele>372.6488914489742</ele>
                <time>2026-05-28T19:54:34.000048637Z</time>
            </trkpt>
            <trkpt lat="42.26172489583703" lon="-84.45860571235833">
                <ele>374.3232078552242</ele>
                <time>2026-05-28T19:54:35.000049352Z</time>
            </trkpt>
            <trkpt lat="42.26183369294019" lon="-84.45821997717438">
                <ele>376.33810043334927</ele>
                <time>2026-05-28T19:54:36.000049114Z</time>
            </trkpt>
            <trkpt lat="42.26194420833351" lon="-84.4578336552572">
                <ele>378.46133041381796</ele>
                <time>2026-05-28T19:54:37.000049829Z</time>
            </trkpt>
            <trkpt lat="42.262057992669064" lon="-84.45744532168327">
                <ele>380.3206443786617</ele>
                <time>2026-05-28T19:54:38.000051021Z</time>
            </trkpt>
            <trkpt lat="42.262169471981245" lon="-84.45705866448996">
                <ele>382.60836410522427</ele>
                <time>2026-05-28T19:54:39.000051021Z</time>
            </trkpt>
            <trkpt lat="42.26227583833249" lon="-84.45666220046995">
                <ele>385.7939109802242</ele>
                <time>2026-05-28T19:54:40.000051975Z</time>
            </trkpt>
            <trkpt lat="42.26237943865569" lon="-84.45626607172606">
                <ele>389.5721092224117</ele>
                <time>2026-05-28T19:54:41.000052452Z</time>
            </trkpt>
            <trkpt lat="42.262483332345504" lon="-84.45587312810538">
                <ele>393.5116844177242</ele>
                <time>2026-05-28T19:54:42.000052928Z</time>
            </trkpt>
            <trkpt lat="42.26259020161094" lon="-84.4554799330276">
                <ele>397.39345932006796</ele>
                <time>2026-05-28T19:54:43.000006437Z</time>
            </trkpt>
            <trkpt lat="42.26270071700426" lon="-84.45508556448338">
                <ele>400.59170150756796</ele>
                <time>2026-05-28T19:54:44.000006675Z</time>
            </trkpt>
            <trkpt lat="42.2628126154116" lon="-84.45468851373015">
                <ele>403.6697654724117</ele>
                <time>2026-05-28T19:54:45.000007629Z</time>
            </trkpt>
            <trkpt lat="42.26291914940091" lon="-84.45429154679594">
                <ele>406.0229148864742</ele>
                <time>2026-05-28T19:54:46.000006675Z</time>
            </trkpt>
            <trkpt lat="42.26303083826067" lon="-84.45389164619563">
                <ele>407.8616600036617</ele>
                <time>2026-05-28T19:54:47.000006675Z</time>
            </trkpt>
            <trkpt lat="42.26314776580991" lon="-84.4534906559479">
                <ele>410.3678855895992</ele>
                <time>2026-05-28T19:54:48.000006675Z</time>
            </trkpt>
            <trkpt lat="42.263263980897385" lon="-84.45308916278597">
                <ele>412.4459495544429</ele>
                <time>2026-05-28T19:54:49.000008106Z</time>
            </trkpt>
            <trkpt lat="42.26338434502693" lon="-84.45268272430118">
                <ele>415.40621566772415</ele>
                <time>2026-05-28T19:54:50.000010490Z</time>
            </trkpt>
            <trkpt lat="42.263510953674334" lon="-84.4522744417977">
                <ele>419.2256126403804</ele>
                <time>2026-05-28T19:54:51.000010967Z</time>
            </trkpt>
            <trkpt lat="42.26363835860254" lon="-84.45186808713194">
                <ele>423.9572410583492</ele>
                <time>2026-05-28T19:54:52.000009298Z</time>
            </trkpt>
            <trkpt lat="42.26376161448868" lon="-84.45146131337103">
                <ele>428.72219467163046</ele>
                <time>2026-05-28T19:54:53.000008821Z</time>
            </trkpt>
            <trkpt lat="42.26387732666196" lon="-84.45104892373499">
                <ele>433.34572982788046</ele>
                <time>2026-05-28T19:54:54.000008821Z</time>
            </trkpt>
            <trkpt lat="42.26398821924092" lon="-84.45063728847023">
                <ele>438.2336692810054</ele>
                <time>2026-05-28T19:54:55.000009059Z</time>
            </trkpt>
            <trkpt lat="42.26409869272472" lon="-84.4502259884816">
                <ele>442.19930648803665</ele>
                <time>2026-05-28T19:54:56.000011682Z</time>
            </trkpt>
            <trkpt lat="42.26420153867664" lon="-84.44981133573171">
                <ele>447.88656234741165</ele>
                <time>2026-05-28T19:54:57.000013828Z</time>
            </trkpt>
            <trkpt lat="42.264298182020205" lon="-84.44939475514408">
                <ele>453.0213890075679</ele>
                <time>2026-05-28T19:54:58.000015497Z</time>
            </trkpt>
            <trkpt lat="42.2643978009394" lon="-84.44898085676547">
                <ele>458.20925521850535</ele>
                <time>2026-05-28T19:54:59.000017166Z</time>
            </trkpt>
            <trkpt lat="42.26450014397712" lon="-84.44856737748202">
                <ele>462.5500144958491</ele>
                <time>2026-05-28T19:55:00.000018835Z</time>
            </trkpt>
            <trkpt lat="42.264605043495315" lon="-84.44816152573046">
                <ele>466.47079086303665</ele>
                <time>2026-05-28T19:55:01.000020742Z</time>
            </trkpt>
            <trkpt lat="42.26471170321317" lon="-84.44775827236887">
                <ele>471.1560935974116</ele>
                <time>2026-05-28T19:55:02.000022411Z</time>
            </trkpt>
            <trkpt lat="42.26481882393571" lon="-84.44735812031146">
                <ele>476.1648216247554</ele>
                <time>2026-05-28T19:55:03.000023365Z</time>
            </trkpt>
            <trkpt lat="42.2649213346115" lon="-84.44695813589212">
                <ele>480.2671165466304</ele>
                <time>2026-05-28T19:55:04.000025272Z</time>
            </trkpt>
            <trkpt lat="42.2650043154529" lon="-84.44655655891117">
                <ele>484.9029197692866</ele>
                <time>2026-05-28T19:55:05.000026702Z</time>
            </trkpt>
            <trkpt lat="42.265077196100975" lon="-84.44615288645443">
                <ele>489.3236961364741</ele>
                <time>2026-05-28T19:55:06.000027656Z</time>
            </trkpt>
            <trkpt lat="42.26513980891767" lon="-84.44575591952022">
                <ele>493.8604393005366</ele>
                <time>2026-05-28T19:55:07.000029087Z</time>
            </trkpt>
            <trkpt lat="42.265199613796796" lon="-84.44535861730989">
                <ele>498.5861473083491</ele>
                <time>2026-05-28T19:55:08.000030040Z</time>
            </trkpt>
            <trkpt lat="42.265246971549715" lon="-84.44495921962377">
                <ele>502.3957176208491</ele>
                <time>2026-05-28T19:55:09.000030994Z</time>
            </trkpt>
            <trkpt lat="42.265278738962735" lon="-84.44454892546352">
                <ele>505.7683982849116</ele>
                <time>2026-05-28T19:55:10.000032901Z</time>
            </trkpt>
            <trkpt lat="42.26529223382684" lon="-84.44412915975269">
                <ele>508.2082176208491</ele>
                <time>2026-05-28T19:55:11.000033378Z</time>
            </trkpt>
            <trkpt lat="42.265283097552384" lon="-84.44370352670964">
                <ele>510.9232444763178</ele>
                <time>2026-05-28T19:55:12.000034570Z</time>
            </trkpt>
            <trkpt lat="42.265249192754055" lon="-84.4432721101534">
                <ele>514.4114646911617</ele>
                <time>2026-05-28T19:55:13.000036239Z</time>
            </trkpt>
            <trkpt lat="42.26518963933202" lon="-84.44283977158781">
                <ele>516.9605369567867</ele>
                <time>2026-05-28T19:55:14.000036716Z</time>
            </trkpt>
            <trkpt lat="42.265111184718336" lon="-84.44240567282256">
                <ele>518.7882957458492</ele>
                <time>2026-05-28T19:55:15.000037193Z</time>
            </trkpt>
            <trkpt lat="42.26501089524689" lon="-84.44196688019153">
                <ele>520.644252777099</ele>
                <time>2026-05-28T19:55:16.000038146Z</time>
            </trkpt>
            <trkpt lat="42.26489099212202" lon="-84.44152180113312">
                <ele>522.5499534606928</ele>
                <time>2026-05-28T19:55:17.000039577Z</time>
            </trkpt>
            <trkpt lat="42.26475327745291" lon="-84.441082757045">
                <ele>525.104213714599</ele>
                <time>2026-05-28T19:55:18.000040531Z</time>
            </trkpt>
            <trkpt lat="42.264599679077286" lon="-84.44065368742164">
                <ele>527.9392967224115</ele>
                <time>2026-05-28T19:55:19.000041723Z</time>
            </trkpt>
            <trkpt lat="42.264427389057595" lon="-84.44023199387308">
                <ele>530.9833030700678</ele>
                <time>2026-05-28T19:55:20.000042438Z</time>
            </trkpt>
            <trkpt lat="42.26423125252338" lon="-84.43982195116993">
                <ele>534.3311424255365</ele>
                <time>2026-05-28T19:55:21.000042915Z</time>
            </trkpt>
            <trkpt lat="42.26400950927498" lon="-84.43943261176761">
                <ele>539.036342620849</ele>
                <time>2026-05-28T19:55:22.000043630Z</time>
            </trkpt>
            <trkpt lat="42.26377280432941" lon="-84.43905735396262">
                <ele>543.1534080505365</ele>
                <time>2026-05-28T19:55:23.000045061Z</time>
            </trkpt>
            <trkpt lat="42.263510744126755" lon="-84.43870212890621">
                <ele>546.7824974060053</ele>
                <time>2026-05-28T19:55:24.000045776Z</time>
            </trkpt>
            <trkpt lat="42.26323141720356" lon="-84.43837246865448">
                <ele>549.9795799255365</ele>
                <time>2026-05-28T19:55:25.000046014Z</time>
            </trkpt>
            <trkpt lat="42.262932644265014" lon="-84.43807088777837">
                <ele>553.130825042724</ele>
                <time>2026-05-28T19:55:26.000047206Z</time>
            </trkpt>
            <trkpt lat="42.26262117274316" lon="-84.43778783090825">
                <ele>555.947719573974</ele>
                <time>2026-05-28T19:55:27.000047683Z</time>
            </trkpt>
            <trkpt lat="42.26229297932448" lon="-84.4375331886899">
                <ele>558.3219261169428</ele>
                <time>2026-05-28T19:55:28.000048875Z</time>
            </trkpt>
            <trkpt lat="42.26194944702299" lon="-84.43731257699842">
                <ele>560.0567283630365</ele>
                <time>2026-05-28T19:55:29.000048875Z</time>
            </trkpt>
            <trkpt lat="42.2615934675953" lon="-84.43711903885419">
                <ele>561.6651268005365</ele>
                <time>2026-05-28T19:55:30.000050067Z</time>
            </trkpt>
            <trkpt lat="42.2612218978277" lon="-84.4369525742572">
                <ele>564.0459861755365</ele>
                <time>2026-05-28T19:55:31.000051021Z</time>
            </trkpt>
            <trkpt lat="42.26083490535827" lon="-84.4367971737724">
                <ele>566.077846527099</ele>
                <time>2026-05-28T19:55:32.000051736Z</time>
            </trkpt>
            <trkpt lat="42.26044632032724" lon="-84.43667236723418">
                <ele>568.3179588317865</ele>
                <time>2026-05-28T19:55:33.000052452Z</time>
            </trkpt>
            <trkpt lat="42.260054005349296" lon="-84.43657983102317">
                <ele>570.2613182067865</ele>
                <time>2026-05-28T19:55:34.000052928Z</time>
            </trkpt>
            <trkpt lat="42.259653685653824" lon="-84.43651646383519">
                <ele>572.215053558349</ele>
                <time>2026-05-28T19:55:35.000053167Z</time>
            </trkpt>
            <trkpt lat="42.25924955219241" lon="-84.43648628898377">
                <ele>574.3008689880365</ele>
                <time>2026-05-28T19:55:36.000053644Z</time>
            </trkpt>
            <trkpt lat="42.258842443155366" lon="-84.43648511551733">
                <ele>576.450893402099</ele>
                <time>2026-05-28T19:55:37.000054359Z</time>
            </trkpt>
            <trkpt lat="42.25843344819011" lon="-84.43651336253102">
                <ele>578.6761131286615</ele>
                <time>2026-05-28T19:55:38.000055074Z</time>
            </trkpt>
            <trkpt lat="42.25802353121551" lon="-84.43656742580647">
                <ele>580.6543846130365</ele>
                <time>2026-05-28T19:55:39.000055551Z</time>
            </trkpt>
            <trkpt lat="42.257616631726044" lon="-84.436656022523">
                <ele>583.4659080505365</ele>
                <time>2026-05-28T19:55:40.000056982Z</time>
            </trkpt>
            <trkpt lat="42.2572105704269" lon="-84.43677387208159">
                <ele>585.3243064880365</ele>
                <time>2026-05-28T19:55:41.000057697Z</time>
            </trkpt>
            <trkpt lat="42.25680400621356" lon="-84.43692415960545">
                <ele>586.2788963317865</ele>
                <time>2026-05-28T19:55:42.000058174Z</time>
            </trkpt>
            <trkpt lat="42.25639970511408" lon="-84.43710579544718">
                <ele>588.285610198974</ele>
                <time>2026-05-28T19:55:43.000058650Z</time>
            </trkpt>
            <trkpt lat="42.25599628411443" lon="-84.43731500775034">
                <ele>590.073451995849</ele>
                <time>2026-05-28T19:55:44.000059127Z</time>
            </trkpt>
            <trkpt lat="42.255598939994584" lon="-84.43754525863046">
                <ele>592.5909080505365</ele>
                <time>2026-05-28T19:55:45.000059604Z</time>
            </trkpt>
            <trkpt lat="42.255205367731165" lon="-84.43779872738237">
                <ele>596.1014060974115</ele>
                <time>2026-05-28T19:55:46.000060558Z</time>
            </trkpt>
            <trkpt lat="42.25481845908077" lon="-84.43807315089222">
                <ele>600.8570213317865</ele>
                <time>2026-05-28T19:55:47.000060558Z</time>
            </trkpt>
            <trkpt lat="42.25443934560032" lon="-84.43835872233328">
                <ele>606.526821136474</ele>
                <time>2026-05-28T19:55:48.000061988Z</time>
            </trkpt>
            <trkpt lat="42.25406304005743" lon="-84.43864856854495">
                <ele>611.9383201599115</ele>
                <time>2026-05-28T19:55:49.000062465Z</time>
            </trkpt>
            <trkpt lat="42.253692098932575" lon="-84.43894025877532">
                <ele>618.3260154724114</ele>
                <time>2026-05-28T19:55:50.000062465Z</time>
            </trkpt>
            <trkpt lat="42.25332987498702" lon="-84.43923840307113">
                <ele>625.1070213317865</ele>
                <time>2026-05-28T19:55:51.000063896Z</time>
            </trkpt>
            <trkpt lat="42.252970836164664" lon="-84.43954166032788">
                <ele>632.0452537536614</ele>
                <time>2026-05-28T19:55:52.000063896Z</time>
            </trkpt>
            <trkpt lat="42.25261737130792" lon="-84.43984164864239">
                <ele>638.6243553161614</ele>
                <time>2026-05-28T19:55:53.000064373Z</time>
            </trkpt>
            <trkpt lat="42.25226616956503" lon="-84.44014213987109">
                <ele>645.1289939880364</ele>
                <time>2026-05-28T19:55:54.000065565Z</time>
            </trkpt>
            <trkpt lat="42.2519077174759" lon="-84.44043693140563">
                <ele>650.5960350036615</ele>
                <time>2026-05-28T19:55:55.000066041Z</time>
            </trkpt>
            <trkpt lat="42.251555593723666" lon="-84.44073289640662">
                <ele>654.5769920349114</ele>
                <time>2026-05-28T19:55:56.000065803Z</time>
            </trkpt>
            <trkpt lat="42.25121042695106" lon="-84.44103581838723">
                <ele>658.2393455505364</ele>
                <time>2026-05-28T19:55:57.000066995Z</time>
            </trkpt>
            <trkpt lat="42.25086727183522" lon="-84.44134804428037">
                <ele>661.2045555114739</ele>
                <time>2026-05-28T19:55:58.000067710Z</time>
            </trkpt>
            <trkpt lat="42.250523404257606" lon="-84.44166135982093">
                <ele>664.2024803161614</ele>
                <time>2026-05-28T19:55:59.000067710Z</time>
            </trkpt>
            <trkpt lat="42.250181254970144" lon="-84.44197786048468">
                <ele>666.3433494567864</ele>
                <time>2026-05-28T19:56:00.000068664Z</time>
            </trkpt>
            <trkpt lat="42.249839063773166" lon="-84.44229595371004">
                <ele>668.9908103942864</ele>
                <time>2026-05-28T19:56:01.000069618Z</time>
            </trkpt>
            <trkpt lat="42.24949695639522" lon="-84.44261639386829">
                <ele>671.2349510192864</ele>
                <time>2026-05-28T19:56:02.000112056Z</time>
            </trkpt>
            <trkpt lat="42.24915451374114" lon="-84.44293733694073">
                <ele>673.2671775817865</ele>
                <time>2026-05-28T19:56:03.000070571Z</time>
            </trkpt>
            <trkpt lat="42.248810855711106" lon="-84.44326171659347">
                <ele>675.3013572692864</ele>
                <time>2026-05-28T19:56:04.000071287Z</time>
            </trkpt>
            <trkpt lat="42.24847105335653" lon="-84.44359045483586">
                <ele>678.4776268005364</ele>
                <time>2026-05-28T19:56:05.000071525Z</time>
            </trkpt>
            <trkpt lat="42.24813217301131" lon="-84.44392422222015">
                <ele>683.9624900817865</ele>
                <time>2026-05-28T19:56:06.000072002Z</time>
            </trkpt>
            <trkpt lat="42.24778662905306" lon="-84.44425220609125">
                <ele>689.0965232849114</ele>
                <time>2026-05-28T19:56:07.000073194Z</time>
            </trkpt>
            <trkpt lat="42.24744473122269" lon="-84.44458178252395">
                <ele>694.7195701599114</ele>
                <time>2026-05-28T19:56:08.000073671Z</time>
            </trkpt>
            <trkpt lat="42.24710601851553" lon="-84.44490834147152">
                <ele>699.9009666442864</ele>
                <time>2026-05-28T19:56:09.000073432Z</time>
            </trkpt>
            <trkpt lat="42.24677116148383" lon="-84.44523582242843">
                <ele>704.8966941833488</ele>
                <time>2026-05-28T19:56:10.000074386Z</time>
            </trkpt>
            <trkpt lat="42.24644212987483" lon="-84.44556699142274">
                <ele>709.4357566833489</ele>
                <time>2026-05-28T19:56:11.000074863Z</time>
            </trkpt>
            <trkpt lat="42.246114271732274" lon="-84.44589941770252">
                <ele>713.4911766052238</ele>
                <time>2026-05-28T19:56:12.000075578Z</time>
            </trkpt>
            <trkpt lat="42.24579156846017" lon="-84.44623167634424">
                <ele>718.1662254333489</ele>
                <time>2026-05-28T19:56:13.000076532Z</time>
            </trkpt>
            <trkpt lat="42.24547012247354" lon="-84.44656846121367">
                <ele>723.3995018005364</ele>
                <time>2026-05-28T19:56:14.000076532Z</time>
            </trkpt>
            <trkpt lat="42.24514570091129" lon="-84.44690491080698">
                <ele>727.6538963317863</ele>
                <time>2026-05-28T19:56:15.000076770Z</time>
            </trkpt>
            <trkpt lat="42.24482174035371" lon="-84.44724211477157">
                <ele>731.4602928161614</ele>
                <time>2026-05-28T19:56:16.000077247Z</time>
            </trkpt>
            <trkpt lat="42.24450251557142" lon="-84.44758493461129">
                <ele>737.2907371520988</ele>
                <time>2026-05-28T19:56:17.000078439Z</time>
            </trkpt>
            <trkpt lat="42.24418178204656" lon="-84.44793764509674">
                <ele>743.7659568786613</ele>
                <time>2026-05-28T19:56:18.000079154Z</time>
            </trkpt>
            <trkpt lat="42.24386247344524" lon="-84.44829295397219">
                <ele>750.8033103942864</ele>
                <time>2026-05-28T19:56:19.000079631Z</time>
            </trkpt>
            <trkpt lat="42.24354614041955" lon="-84.44864859812375">
                <ele>756.1954002380363</ele>
                <time>2026-05-28T19:56:20.000080585Z</time>
            </trkpt>
            <trkpt lat="42.243231902869645" lon="-84.44900508046564">
                <ele>762.1138572692863</ele>
                <time>2026-05-28T19:56:21.000081062Z</time>
            </trkpt>
            <trkpt lat="42.242922401095036" lon="-84.44935720421788">
                <ele>768.2810935974114</ele>
                <time>2026-05-28T19:56:22.000081062Z</time>
            </trkpt>
            <trkpt lat="42.24261541389138" lon="-84.44969021723088">
                <ele>772.8632469177239</ele>
                <time>2026-05-28T19:56:23.000082015Z</time>
            </trkpt>
            <trkpt lat="42.242304445283715" lon="-84.45002306260582">
                <ele>776.9120750427238</ele>
                <time>2026-05-28T19:56:24.000082492Z</time>
            </trkpt>
            <trkpt lat="42.24198354412079" lon="-84.45035741672334">
                <ele>781.8578758239738</ele>
                <time>2026-05-28T19:56:25.000082969Z</time>
            </trkpt>
            <trkpt lat="42.24166092466771" lon="-84.45069001064118">
                <ele>785.0612449645989</ele>
                <time>2026-05-28T19:56:26.000083446Z</time>
            </trkpt>
            <trkpt lat="42.241337131748196" lon="-84.45102889098641">
                <ele>788.5887107849113</ele>
                <time>2026-05-28T19:56:27.000083923Z</time>
            </trkpt>
            <trkpt lat="42.24101162053853" lon="-84.4513576292288">
                <ele>791.1956443786613</ele>
                <time>2026-05-28T19:56:28.000084877Z</time>
            </trkpt>
            <trkpt lat="42.24067571576893" lon="-84.4516874571186">
                <ele>793.7974510192862</ele>
                <time>2026-05-28T19:56:29.000085353Z</time>
            </trkpt>
            <trkpt lat="42.240331010001" lon="-84.45200957365748">
                <ele>797.3776512145988</ele>
                <time>2026-05-28T19:56:30.000085830Z</time>
            </trkpt>
            <trkpt lat="42.239981610367295" lon="-84.45232557140704">
                <ele>801.4507713317863</ele>
                <time>2026-05-28T19:56:31.000086307Z</time>
            </trkpt>
            <trkpt lat="42.239630534352955" lon="-84.45263762966212">
                <ele>805.3702049255363</ele>
                <time>2026-05-28T19:56:32.000086784Z</time>
            </trkpt>
            <trkpt lat="42.23927685994863" lon="-84.4529462513369">
                <ele>810.1939353942863</ele>
                <time>2026-05-28T19:56:33.000086784Z</time>
            </trkpt>
            <trkpt lat="42.23892046142578" lon="-84.4532493409556">
                <ele>814.9831199645988</ele>
                <time>2026-05-28T19:56:34.000088214Z</time>
            </trkpt>
            <trkpt lat="42.238564565817114" lon="-84.45355637006877">
                <ele>818.6772117614738</ele>
                <time>2026-05-28T19:56:35.000088453Z</time>
            </trkpt>
            <trkpt lat="42.238209340760704" lon="-84.45386557847677">
                <ele>822.0520896911613</ele>
                <time>2026-05-28T19:56:36.000089168Z</time>
            </trkpt>
            <trkpt lat="42.237854115704295" lon="-84.45417931311248">
                <ele>824.9352684020988</ele>
                <time>2026-05-28T19:56:37.000090122Z</time>
            </trkpt>
            <trkpt lat="42.23750127949029" lon="-84.45450025618491">
                <ele>826.7862205505362</ele>
                <time>2026-05-28T19:56:38.000090599Z</time>
            </trkpt>
            <trkpt lat="42.237146305890974" lon="-84.45481650539158">
                <ele>828.7796287536613</ele>
                <time>2026-05-28T19:56:39.000091075Z</time>
            </trkpt>
            <trkpt lat="42.23679267339617" lon="-84.45511356003998">
                <ele>830.7930564880363</ele>
                <time>2026-05-28T19:56:40.000091075Z</time>
            </trkpt>
            <trkpt lat="42.23643225155979" lon="-84.4554091059458">
                <ele>831.7904930114737</ele>
                <time>2026-05-28T19:56:41.000091552Z</time>
            </trkpt>
            <trkpt lat="42.23607027907133" lon="-84.45570515476582">
                <ele>833.0779685974112</ele>
                <time>2026-05-28T19:56:42.000092029Z</time>
            </trkpt>
            <trkpt lat="42.235709019044634" lon="-84.45599885665295">
                <ele>835.0050926208488</ele>
                <time>2026-05-28T19:56:43.000093460Z</time>
            </trkpt>
            <trkpt lat="42.23534654364198" lon="-84.45628551774142">
                <ele>836.6038475036612</ele>
                <time>2026-05-28T19:56:44.000092983Z</time>
            </trkpt>
            <trkpt lat="42.23498222422063" lon="-84.45656832315443">
                <ele>838.8926658630363</ele>
                <time>2026-05-28T19:56:45.000094413Z</time>
            </trkpt>
            <trkpt lat="42.23461974881798" lon="-84.4568492007297">
                <ele>841.9732322692862</ele>
                <time>2026-05-28T19:56:46.000094652Z</time>
            </trkpt>
            <trkpt lat="42.23426066808611" lon="-84.4571227022302">
                <ele>845.6123924255363</ele>
                <time>2026-05-28T19:56:47.000094890Z</time>
            </trkpt>
            <trkpt lat="42.23390456292986" lon="-84.45738798946557">
                <ele>849.3462791442863</ele>
                <time>2026-05-28T19:56:48.000095367Z</time>
            </trkpt>
            <trkpt lat="42.23355273254423" lon="-84.4576505106729">
                <ele>852.7892723083488</ele>
                <time>2026-05-28T19:56:49.000192642Z</time>
            </trkpt>
            <trkpt lat="42.23320551220535" lon="-84.45790967911897">
                <ele>855.3670310974112</ele>
                <time>2026-05-28T19:56:50.000193834Z</time>
            </trkpt>
            <trkpt lat="42.23285841759502" lon="-84.45817194886921">
                <ele>857.6460838317863</ele>
                <time>2026-05-28T19:56:51.000190734Z</time>
            </trkpt>
            <trkpt lat="42.23251266408919" lon="-84.45842768073497">
                <ele>858.4960594177237</ele>
                <time>2026-05-28T19:56:52.000190734Z</time>
            </trkpt>
            <trkpt lat="42.23216774877368" lon="-84.4586902019423">
                <ele>860.5005760192863</ele>
                <time>2026-05-28T19:56:53.000186681Z</time>
            </trkpt>
            <trkpt lat="42.23182329446285" lon="-84.45895322606383">
                <ele>862.1106834411612</ele>
                <time>2026-05-28T19:56:54.000181198Z</time>
            </trkpt>
            <trkpt lat="42.23147586457639" lon="-84.45921340033827">
                <ele>863.5874900817863</ele>
                <time>2026-05-28T19:56:55.000179767Z</time>
            </trkpt>
            <trkpt lat="42.23112495620011" lon="-84.4594672043663">
                <ele>864.6866111755362</ele>
                <time>2026-05-28T19:56:56.000174999Z</time>
            </trkpt>
            <trkpt lat="42.230769312048544" lon="-84.45972075693724">
                <ele>866.0651512145988</ele>
                <time>2026-05-28T19:56:57.000170707Z</time>
            </trkpt>
            <trkpt lat="42.23041111141651" lon="-84.45996559232889">
                <ele>867.6419334411612</ele>
                <time>2026-05-28T19:56:58.000169992Z</time>
            </trkpt>
            <trkpt lat="42.23005052194207" lon="-84.46020355455993">
                <ele>869.4076805114738</ele>
                <time>2026-05-28T19:56:59.000166654Z</time>
            </trkpt>
            <trkpt lat="42.229689052367796" lon="-84.46044495337127">
                <ele>870.6044578552237</ele>
                <time>2026-05-28T19:57:00.000162601Z</time>
            </trkpt>
            <trkpt lat="42.229327247517396" lon="-84.46068777710614">
                <ele>872.4673728942862</ele>
                <time>2026-05-28T19:57:01.000159740Z</time>
            </trkpt>
            <trkpt lat="42.228965568395544" lon="-84.46092624225138">
                <ele>874.2415428161613</ele>
                <time>2026-05-28T19:57:02.000159263Z</time>
            </trkpt>
            <trkpt lat="42.22860313490241" lon="-84.46117032327173">
                <ele>875.1529197692862</ele>
                <time>2026-05-28T19:57:03.000155448Z</time>
            </trkpt>
            <trkpt lat="42.22824455708473" lon="-84.46143544286905">
                <ele>876.1231346130363</ele>
                <time>2026-05-28T19:57:04.000151634Z</time>
            </trkpt>
            <trkpt lat="42.22788857765703" lon="-84.46172294214783">
                <ele>876.8318748474112</ele>
                <time>2026-05-28T19:57:05.000148296Z</time>
            </trkpt>
            <trkpt lat="42.2275388427472" lon="-84.46202921688972">
                <ele>877.5555076599112</ele>
                <time>2026-05-28T19:57:06.000144958Z</time>
            </trkpt>
            <trkpt lat="42.22719514280765" lon="-84.46235552438019">
                <ele>878.0059471130362</ele>
                <time>2026-05-28T19:57:07.000141620Z</time>
            </trkpt>
            <trkpt lat="42.22686321944206" lon="-84.46271125235079">
                <ele>878.2837791442862</ele>
                <time>2026-05-28T19:57:08.000138282Z</time>
            </trkpt>
            <trkpt lat="42.226543366017026" lon="-84.46308852181254">
                <ele>878.5894432067863</ele>
                <time>2026-05-28T19:57:09.000136613Z</time>
            </trkpt>
            <trkpt lat="42.22623361278532" lon="-84.46349370301185">
                <ele>878.9329490661612</ele>
                <time>2026-05-28T19:57:10.000133752Z</time>
            </trkpt>
            <trkpt lat="42.225933708289844" lon="-84.4639174920362">
                <ele>878.7315330505363</ele>
                <time>2026-05-28T19:57:11.000131130Z</time>
            </trkpt>
            <trkpt lat="42.22564599946348" lon="-84.46436374456106">
                <ele>879.6614646911612</ele>
                <time>2026-05-28T19:57:12.000128746Z</time>
            </trkpt>
            <trkpt lat="42.225371198768" lon="-84.46482717998741">
                <ele>881.6553611755362</ele>
                <time>2026-05-28T19:57:13.000127077Z</time>
            </trkpt>
            <trkpt lat="42.225108216555995" lon="-84.46530117661176">
                <ele>884.4251365661612</ele>
                <time>2026-05-28T19:57:14.000125169Z</time>
            </trkpt>
            <trkpt lat="42.22485621463714" lon="-84.46578087293027">
                <ele>887.4283103942863</ele>
                <time>2026-05-28T19:57:15.000123500Z</time>
            </trkpt>
            <trkpt lat="42.22461410336403" lon="-84.46627171717999">
                <ele>890.9012107849113</ele>
                <time>2026-05-28T19:57:16.000121355Z</time>
            </trkpt>
            <trkpt lat="42.22438192464618" lon="-84.46676205851553">
                <ele>893.9593162536612</ele>
                <time>2026-05-28T19:57:17.000119924Z</time>
            </trkpt>
            <trkpt lat="42.22415418833701" lon="-84.46725608788846">
                <ele>897.4891014099112</ele>
                <time>2026-05-28T19:57:18.000118732Z</time>
            </trkpt>
            <trkpt lat="42.22393491775004" lon="-84.46774735123334">
                <ele>900.8531150817862</ele>
                <time>2026-05-28T19:57:19.000117301Z</time>
            </trkpt>
            <trkpt lat="42.223717155905646" lon="-84.46824599065302">
                <ele>903.9059715270987</ele>
                <time>2026-05-28T19:57:20.000116586Z</time>
            </trkpt>
            <trkpt lat="42.2235063929504" lon="-84.46874907248139">
                <ele>906.3366355895987</ele>
                <time>2026-05-28T19:57:21.000114440Z</time>
            </trkpt>
            <trkpt lat="42.22330233551769" lon="-84.46925961420357">
                <ele>908.5867576599111</ele>
                <time>2026-05-28T19:57:22.000114440Z</time>
            </trkpt>
            <trkpt lat="42.223106576169116" lon="-84.4697758556199">
                <ele>910.9983787536612</ele>
                <time>2026-05-28T19:57:23.000113010Z</time>
            </trkpt>
            <trkpt lat="42.22291144546328" lon="-84.47029268376946">
                <ele>914.4528465270987</ele>
                <time>2026-05-28T19:57:24.000112056Z</time>
            </trkpt>
            <trkpt lat="42.222718284504694" lon="-84.47080389604389">
                <ele>918.4831199645986</ele>
                <time>2026-05-28T19:57:25.000111579Z</time>
            </trkpt>
            <trkpt lat="42.22252374053208" lon="-84.47131200701415">
                <ele>922.7969627380362</ele>
                <time>2026-05-28T19:57:26.000110626Z</time>
            </trkpt>
            <trkpt lat="42.222335943991524" lon="-84.47181617848992">
                <ele>927.2458152770987</ele>
                <time>2026-05-28T19:57:27.000109672Z</time>
            </trkpt>
            <trkpt lat="42.22215242222158" lon="-84.47231682956635">
                <ele>932.2163963317862</ele>
                <time>2026-05-28T19:57:28.000108718Z</time>
            </trkpt>
            <trkpt lat="42.22197451632677" lon="-84.47281312205314">
                <ele>937.2693748474112</ele>
                <time>2026-05-28T19:57:29.000107765Z</time>
            </trkpt>
            <trkpt lat="42.2218028130403" lon="-84.47330572650253">
                <ele>942.1265525817861</ele>
                <time>2026-05-28T19:57:30.000107765Z</time>
            </trkpt>
            <trkpt lat="42.2216334147772" lon="-84.47379187688648">
                <ele>948.0927391052236</ele>
                <time>2026-05-28T19:57:31.000107288Z</time>
            </trkpt>
            <trkpt lat="42.221455927977544" lon="-84.47426352657794">
                <ele>953.7106590270987</ele>
                <time>2026-05-28T19:57:32.000106096Z</time>
            </trkpt>
            <trkpt lat="42.22127064600794" lon="-84.47473006330847">
                <ele>959.6817283630361</ele>
                <time>2026-05-28T19:57:33.000106811Z</time>
            </trkpt>
            <trkpt lat="42.22107463520227" lon="-84.47519467220127">
                <ele>964.0467185974111</ele>
                <time>2026-05-28T19:57:34.000105857Z</time>
            </trkpt>
            <trkpt lat="42.220870619679076" lon="-84.47565559305667">
                <ele>966.4346580505361</ele>
                <time>2026-05-28T19:57:35.000105857Z</time>
            </trkpt>
            <trkpt lat="42.22066530496089" lon="-84.4761205372256">
                <ele>966.0735740661612</ele>
                <time>2026-05-28T19:57:36.000104665Z</time>
            </trkpt>
            <trkpt lat="42.22045320090113" lon="-84.47659193545996">
                <ele>965.7984275817862</ele>
                <time>2026-05-28T19:57:37.000104904Z</time>
            </trkpt>
            <trkpt lat="42.22023590006141" lon="-84.47708101951002">
                <ele>967.3550682067862</ele>
                <time>2026-05-28T19:57:38.000104427Z</time>
            </trkpt>
            <trkpt lat="42.22001512073187" lon="-84.47757680908262">
                <ele>970.0011863708487</ele>
                <time>2026-05-28T19:57:39.000103950Z</time>
            </trkpt>
            <trkpt lat="42.21979195255993" lon="-84.47806899443685">
                <ele>973.9571189880362</ele>
                <time>2026-05-28T19:57:40.000103473Z</time>
            </trkpt>
            <trkpt lat="42.21957046076862" lon="-84.4785659574759">
                <ele>978.0846824645987</ele>
                <time>2026-05-28T19:57:41.000103473Z</time>
            </trkpt>
            <trkpt lat="42.21935374666212" lon="-84.47906694382846">
                <ele>981.8489646911611</ele>
                <time>2026-05-28T19:57:42.000103473Z</time>
            </trkpt>
            <trkpt lat="42.219138206022066" lon="-84.47957505479872">
                <ele>986.4856834411611</ele>
                <time>2026-05-28T19:57:43.000102996Z</time>
            </trkpt>
            <trkpt lat="42.21892656296698" lon="-84.48008383632123">
                <ele>992.0978660583486</ele>
                <time>2026-05-28T19:57:44.000102519Z</time>
            </trkpt>
            <trkpt lat="42.21871022604612" lon="-84.48058825925409">
                <ele>999.2354393005361</ele>
                <time>2026-05-28T19:57:45.000102519Z</time>
            </trkpt>
            <trkpt lat="42.2184961103296" lon="-84.48108991615891">
                <ele>1005.5389060974111</ele>
                <time>2026-05-28T19:57:46.000102519Z</time>
            </trkpt>
            <trkpt lat="42.21828274898437" lon="-84.4815891423118">
                <ele>1011.0054588317861</ele>
                <time>2026-05-28T19:57:47.000102758Z</time>
            </trkpt>
            <trkpt lat="42.21808585807887" lon="-84.48209138594984">
                <ele>1017.0891990661611</ele>
                <time>2026-05-28T19:57:48.000102519Z</time>
            </trkpt>
            <trkpt lat="42.21790061801878" lon="-84.48260352023362">
                <ele>1022.5403709411611</ele>
                <time>2026-05-28T19:57:49.000102758Z</time>
            </trkpt>
            <trkpt lat="42.21772669352797" lon="-84.48311716325998">
                <ele>1028.5038719177237</ele>
                <time>2026-05-28T19:57:50.000102043Z</time>
            </trkpt>
            <trkpt lat="42.21756177958307" lon="-84.48363449432372">
                <ele>1034.0636863708487</ele>
                <time>2026-05-28T19:57:51.000102043Z</time>
            </trkpt>
            <trkpt lat="42.217400176489924" lon="-84.48415861472905">
                <ele>1039.2729148864735</ele>
                <time>2026-05-28T19:57:52.000101804Z</time>
            </trkpt>
            <trkpt lat="42.217238908672904" lon="-84.48468172930599">
                <ele>1043.551601409911</ele>
                <time>2026-05-28T19:57:53.000102043Z</time>
            </trkpt>
            <trkpt lat="42.21707839522717" lon="-84.48521004066289">
                <ele>1048.663661956786</ele>
                <time>2026-05-28T19:57:54.000101566Z</time>
            </trkpt>
            <trkpt lat="42.216916456857895" lon="-84.48573776528657">
                <ele>1053.126552581786</ele>
                <time>2026-05-28T19:57:55.000102519Z</time>
            </trkpt>
            <trkpt lat="42.216756613964414" lon="-84.48626934558571">
                <ele>1056.6481590270985</ele>
                <time>2026-05-28T19:57:56.000102043Z</time>
            </trkpt>
            <trkpt lat="42.216602303127026" lon="-84.48680008769453">
                <ele>1060.8927879333485</ele>
                <time>2026-05-28T19:57:57.000102519Z</time>
            </trkpt>
            <trkpt lat="42.216447824651574" lon="-84.48733342819334">
                <ele>1065.6610984802235</ele>
                <time>2026-05-28T19:57:58.000102043Z</time>
            </trkpt>
            <trkpt lat="42.21629850104657" lon="-84.48787070818663">
                <ele>1070.723720550536</ele>
                <time>2026-05-28T19:57:59.000102043Z</time>
            </trkpt>
            <trkpt lat="42.21615089573172" lon="-84.48841083802701">
                <ele>1075.7282371520985</ele>
                <time>2026-05-28T19:58:00.000102281Z</time>
            </trkpt>
            <trkpt lat="42.21600232649801" lon="-84.48895398535252">
                <ele>1080.110439300536</ele>
                <time>2026-05-28T19:58:01.000102519Z</time>
            </trkpt>
            <trkpt lat="42.215854134449934" lon="-84.48949160062195">
                <ele>1083.1293601989735</ele>
                <time>2026-05-28T19:58:02.000102519Z</time>
            </trkpt>
            <trkpt lat="42.215715413952445" lon="-84.49002879679621">
                <ele>1086.0155906677235</ele>
                <time>2026-05-28T19:58:03.000102519Z</time>
            </trkpt>
            <trkpt lat="42.21557656772641" lon="-84.49056766935111">
                <ele>1088.9098777770985</ele>
                <time>2026-05-28T19:58:04.000102519Z</time>
            </trkpt>
            <trkpt lat="42.21543298572508" lon="-84.49110662572504">
                <ele>1090.3720359802235</ele>
                <time>2026-05-28T19:58:05.000102519Z</time>
            </trkpt>
            <trkpt lat="42.21529258884696" lon="-84.49164616883219">
                <ele>1091.762294769286</ele>
                <time>2026-05-28T19:58:06.000102043Z</time>
            </trkpt>
            <trkpt lat="42.21515110232142" lon="-84.4921861310345">
                <ele>1092.3664207458485</ele>
                <time>2026-05-28T19:58:07.000102519Z</time>
            </trkpt>
            <trkpt lat="42.21500793941525" lon="-84.49273129001678">
                <ele>1092.6142234802235</ele>
                <time>2026-05-28T19:58:08.000102996Z</time>
            </trkpt>
            <trkpt lat="42.21486016646234" lon="-84.4932810590458">
                <ele>1092.652431488036</ele>
                <time>2026-05-28T19:58:09.000102996Z</time>
            </trkpt>
            <trkpt lat="42.21471528526602" lon="-84.49383585721672">
                <ele>1093.626308441161</ele>
                <time>2026-05-28T19:58:10.000102996Z</time>
            </trkpt>
            <trkpt lat="42.21457036216018" lon="-84.49439216413022">
                <ele>1094.4933738708485</ele>
                <time>2026-05-28T19:58:11.000102519Z</time>
            </trkpt>
            <trkpt lat="42.214427073525464" lon="-84.49494847104371">
                <ele>1096.213954925536</ele>
                <time>2026-05-28T19:58:12.000102758Z</time>
            </trkpt>
            <trkpt lat="42.214282779062366" lon="-84.49550100610078">
                <ele>1099.369228363036</ele>
                <time>2026-05-28T19:58:13.000103235Z</time>
            </trkpt>
            <trkpt lat="42.21413454510478" lon="-84.49605152950109">
                <ele>1103.8110008239735</ele>
                <time>2026-05-28T19:58:14.000102996Z</time>
            </trkpt>
            <trkpt lat="42.21398589205203" lon="-84.49658839039922">
                <ele>1108.8002586364735</ele>
                <time>2026-05-28T19:58:15.000103473Z</time>
            </trkpt>
            <trkpt lat="42.21383552070913" lon="-84.4971166179371">
                <ele>1114.393886566161</ele>
                <time>2026-05-28T19:58:16.000102758Z</time>
            </trkpt>
            <trkpt lat="42.2136834729856" lon="-84.49763210498215">
                <ele>1120.1454734802235</ele>
                <time>2026-05-28T19:58:17.000102996Z</time>
            </trkpt>
            <trkpt lat="42.21352979079095" lon="-84.49813962921918">
                <ele>1124.750576019286</ele>
                <time>2026-05-28T19:58:18.000103235Z</time>
            </trkpt>
            <trkpt lat="42.213372420558905" lon="-84.49864229195238">
                <ele>1129.357509613036</ele>
                <time>2026-05-28T19:58:19.000103712Z</time>
            </trkpt>
            <trkpt lat="42.21321454741267" lon="-84.49913967408659">
                <ele>1133.3173484802235</ele>
                <time>2026-05-28T19:58:20.000103473Z</time>
            </trkpt>
            <trkpt lat="42.21305566843805" lon="-84.49963588275435">
                <ele>1136.728115081786</ele>
                <time>2026-05-28T19:58:21.000103473Z</time>
            </trkpt>
            <trkpt lat="42.212893771978294" lon="-84.50013251051726">
                <ele>1139.3803367614735</ele>
                <time>2026-05-28T19:58:22.000103950Z</time>
            </trkpt>
            <trkpt lat="42.212730073409354" lon="-84.50062276803376">
                <ele>1141.8647117614735</ele>
                <time>2026-05-28T19:58:23.000104427Z</time>
            </trkpt>
            <trkpt lat="42.21255878921804" lon="-84.50111411519768">
                <ele>1144.240810394286</ele>
                <time>2026-05-28T19:58:24.000103950Z</time>
            </trkpt>
            <trkpt lat="42.21238369126079" lon="-84.50160512708547">
                <ele>1145.9547996520985</ele>
                <time>2026-05-28T19:58:25.000103950Z</time>
            </trkpt>
            <trkpt lat="42.21220511481372" lon="-84.50209722862067">
                <ele>1147.3122215270985</ele>
                <time>2026-05-28T19:58:26.000104427Z</time>
            </trkpt>
            <trkpt lat="42.212022137867486" lon="-84.50259578422131">
                <ele>1148.6486473083485</ele>
                <time>2026-05-28T19:58:27.000103950Z</time>
            </trkpt>
            <trkpt lat="42.211837694088196" lon="-84.50309467509808">
                <ele>1149.646083831786</ele>
                <time>2026-05-28T19:58:28.000104904Z</time>
            </trkpt>
            <trkpt lat="42.21165077764747" lon="-84.50360027149739">
                <ele>1150.8422508239735</ele>
                <time>2026-05-28T19:58:29.000105142Z</time>
            </trkpt>
            <trkpt lat="42.211469728538965" lon="-84.50411257341923">
                <ele>1152.1029930114735</ele>
                <time>2026-05-28T19:58:30.000104188Z</time>
            </trkpt>
            <trkpt lat="42.2112903977206" lon="-84.50462772518816">
                <ele>1152.310390472411</ele>
                <time>2026-05-28T19:58:31.000104904Z</time>
            </trkpt>
            <trkpt lat="42.211116263682214" lon="-84.50514991775574">
                <ele>1153.316738128661</ele>
                <time>2026-05-28T19:58:32.000105619Z</time>
            </trkpt>
            <trkpt lat="42.21094359647688" lon="-84.50568040840747">
                <ele>1154.7555809020985</ele>
                <time>2026-05-28T19:58:33.000105142Z</time>
            </trkpt>
            <trkpt lat="42.21077172555235" lon="-84.5062191133243">
                <ele>1155.4184226989735</ele>
                <time>2026-05-28T19:58:34.000105381Z</time>
            </trkpt>
            <trkpt lat="42.21060375221279" lon="-84.50676552959206">
                <ele>1156.1840476989735</ele>
                <time>2026-05-28T19:58:35.000105381Z</time>
            </trkpt>
            <trkpt lat="42.210441227110294" lon="-84.50731865138235">
                <ele>1157.3134422302235</ele>
                <time>2026-05-28T19:58:36.000105381Z</time>
            </trkpt>
            <trkpt lat="42.210277905727" lon="-84.50787462301972">
                <ele>1158.941493988036</ele>
                <time>2026-05-28T19:58:37.000105381Z</time>
            </trkpt>
            <trkpt lat="42.21011923629996" lon="-84.50842774481">
                <ele>1161.2768211364735</ele>
                <time>2026-05-28T19:58:38.000105857Z</time>
            </trkpt>
            <trkpt lat="42.209966727571754" lon="-84.50898321353318">
                <ele>1163.974208831786</ele>
                <time>2026-05-28T19:58:39.000105381Z</time>
            </trkpt>
            <trkpt lat="42.20982205592301" lon="-84.50953440748575">
                <ele>1168.160488128661</ele>
                <time>2026-05-28T19:58:40.000105857Z</time>
            </trkpt>
            <trkpt lat="42.209679270202486" lon="-84.51007747099223">
                <ele>1173.1696434020985</ele>
                <time>2026-05-28T19:58:41.000105857Z</time>
            </trkpt>
            <trkpt lat="42.20953983724323" lon="-84.51060603380623">
                <ele>1178.310390472411</ele>
                <time>2026-05-28T19:58:42.000106334Z</time>
            </trkpt>
            <trkpt lat="42.209400739560095" lon="-84.51112168848934">
                <ele>1184.264736175536</ele>
                <time>2026-05-28T19:58:43.000106096Z</time>
            </trkpt>
            <trkpt lat="42.209259504491655" lon="-84.51163575061085">
                <ele>1189.784023284911</ele>
                <time>2026-05-28T19:58:44.000105857Z</time>
            </trkpt>
            <trkpt lat="42.20912258610335" lon="-84.51214034118178">
                <ele>1194.002285003661</ele>
                <time>2026-05-28T19:58:45.000106334Z</time>
            </trkpt>
            <trkpt lat="42.208988769019214" lon="-84.51264032170596">
                <ele>1198.2694969177235</ele>
                <time>2026-05-28T19:58:46.000106811Z</time>
            </trkpt>
            <trkpt lat="42.20884992279318" lon="-84.5131351892692">
                <ele>1202.2140769958485</ele>
                <time>2026-05-28T19:58:47.000106811Z</time>
            </trkpt>
            <trkpt lat="42.20870696943459" lon="-84.51362670407119">
                <ele>1205.455654144286</ele>
                <time>2026-05-28T19:58:48.000107288Z</time>
            </trkpt>
            <trkpt lat="42.20856539909002" lon="-84.5141183026922">
                <ele>1208.146572113036</ele>
                <time>2026-05-28T19:58:49.000107288Z</time>
            </trkpt>
            <trkpt lat="42.20842257145998" lon="-84.51461157769386">
                <ele>1210.427822113036</ele>
                <time>2026-05-28T19:58:50.000106811Z</time>
            </trkpt>
            <trkpt lat="42.20827664252576" lon="-84.51510652907614">
                <ele>1212.8371238708485</ele>
                <time>2026-05-28T19:58:51.000107526Z</time>
            </trkpt>
            <trkpt lat="42.20812702555415" lon="-84.5156024862868">
                <ele>1215.3462791442857</ele>
                <time>2026-05-28T19:58:52.000107049Z</time>
            </trkpt>
            <trkpt lat="42.207971247883705" lon="-84.51609810822133">
                <ele>1218.5478172302235</ele>
                <time>2026-05-28T19:58:53.000107288Z</time>
            </trkpt>
            <trkpt lat="42.207810273433296" lon="-84.51659054503266">
                <ele>1222.3388328552235</ele>
                <time>2026-05-28T19:58:54.000107765Z</time>
            </trkpt>
            <trkpt lat="42.207640917079715" lon="-84.51709236957554">
                <ele>1226.4977684020985</ele>
                <time>2026-05-28T19:58:55.000356197Z</time>
            </trkpt>
            <trkpt lat="42.20747021962163" lon="-84.51759553522292">
                <ele>1230.4626121520985</ele>
                <time>2026-05-28T19:58:56.000358581Z</time>
            </trkpt>
            <trkpt lat="42.20729901924935" lon="-84.51810255654577">
                <ele>1234.2892723083482</ele>
                <time>2026-05-28T19:58:57.000354528Z</time>
            </trkpt>
            <trkpt lat="42.207127567419974" lon="-84.51861754067663">
                <ele>1238.436611175536</ele>
                <time>2026-05-28T19:58:58.000354290Z</time>
            </trkpt>
            <trkpt lat="42.2069561155906" lon="-84.51913654812101">
                <ele>1242.6440086364735</ele>
                <time>2026-05-28T19:58:59.000350952Z</time>
            </trkpt>
            <trkpt lat="42.206787806974916" lon="-84.51965270571831">
                <ele>1246.1519432067857</ele>
                <time>2026-05-28T19:59:00.000344276Z</time>
            </trkpt>
            <trkpt lat="42.20662079755422" lon="-84.5201717131627">
                <ele>1249.5142478942857</ele>
                <time>2026-05-28T19:59:01.000341892Z</time>
            </trkpt>
            <trkpt lat="42.20645642843303" lon="-84.52068854131225">
                <ele>1252.5428123474107</ele>
                <time>2026-05-28T19:59:02.000337839Z</time>
            </trkpt>
            <trkpt lat="42.206282839218346" lon="-84.52121324845079">
                <ele>1254.5429344177232</ele>
                <time>2026-05-28T19:59:03.000327587Z</time>
            </trkpt>
            <trkpt lat="42.20610426277128" lon="-84.5217328426284">
                <ele>1256.476406097411</ele>
                <time>2026-05-28T19:59:04.000319719Z</time>
            </trkpt>
            <trkpt lat="42.20592178873923" lon="-84.52225143097762">
                <ele>1258.6728172302232</ele>
                <time>2026-05-28T19:59:05.000314474Z</time>
            </trkpt>
            <trkpt lat="42.205735207574634" lon="-84.52277446173552">
                <ele>1260.2636375427235</ele>
                <time>2026-05-28T19:59:06.000304698Z</time>
            </trkpt>
            <trkpt lat="42.20554703384843" lon="-84.52329606756989">
                <ele>1261.9540672302232</ele>
                <time>2026-05-28T19:59:07.000300884Z</time>
            </trkpt>
            <trkpt lat="42.20535911157933" lon="-84.52381934978489">
                <ele>1264.034023284911</ele>
                <time>2026-05-28T19:59:08.000293254Z</time>
            </trkpt>
            <trkpt lat="42.20517546408084" lon="-84.52434229672376">
                <ele>1267.1648826599107</ele>
                <time>2026-05-28T19:59:09.000283718Z</time>
            </trkpt>
            <trkpt lat="42.204993283415405" lon="-84.52486113653008">
                <ele>1271.4375877380357</ele>
                <time>2026-05-28T19:59:10.000274419Z</time>
            </trkpt>
            <trkpt lat="42.204811982849805" lon="-84.52536975041453">
                <ele>1276.1825828552235</ele>
                <time>2026-05-28T19:59:11.000266551Z</time>
            </trkpt>
            <trkpt lat="42.204632484393386" lon="-84.52587937012736">
                <ele>1280.2482566833485</ele>
                <time>2026-05-28T19:59:12.000259399Z</time>
            </trkpt>
            <trkpt lat="42.20445830844548" lon="-84.5263829548699">
                <ele>1284.6664695739732</ele>
                <time>2026-05-28T19:59:13.000251770Z</time>
            </trkpt>
            <trkpt lat="42.204284467773704" lon="-84.52688821599308">
                <ele>1288.2355613708482</ele>
                <time>2026-05-28T19:59:14.000245094Z</time>
            </trkpt>
            <trkpt lat="42.204118128905264" lon="-84.52739473440174">
                <ele>1291.5948143005357</ele>
                <time>2026-05-28T19:59:15.000237941Z</time>
            </trkpt>
            <trkpt lat="42.2039530473223" lon="-84.52790653340939">
                <ele>1294.5138816833485</ele>
                <time>2026-05-28T19:59:16.000232696Z</time>
            </trkpt>
            <trkpt lat="42.203787169458536" lon="-84.52842235573057">
                <ele>1297.2937889099107</ele>
                <time>2026-05-28T19:59:17.000226974Z</time>
            </trkpt>
            <trkpt lat="42.20361911229994" lon="-84.52893365182403">
                <ele>1299.846767425536</ele>
                <time>2026-05-28T19:59:18.000221252Z</time>
            </trkpt>
            <trkpt lat="42.20344460107591" lon="-84.52945198871616">
                <ele>1302.6962547302232</ele>
                <time>2026-05-28T19:59:19.000216007Z</time>
            </trkpt>
            <trkpt lat="42.203266569452545" lon="-84.5299719181699">
                <ele>1304.961025238036</ele>
                <time>2026-05-28T19:59:20.000210762Z</time>
            </trkpt>
            <trkpt lat="42.203088202553054" lon="-84.53049629003232">
                <ele>1306.875331878661</ele>
                <time>2026-05-28T19:59:21.000206947Z</time>
            </trkpt>
            <trkpt lat="42.20291461333837" lon="-84.5310132020009">
                <ele>1307.6468162536607</ele>
                <time>2026-05-28T19:59:22.000202178Z</time>
            </trkpt>
            <trkpt lat="42.202739557290634" lon="-84.53154126190071">
                <ele>1308.9425926208482</ele>
                <time>2026-05-28T19:59:23.000198602Z</time>
            </trkpt>
            <trkpt lat="42.2025721706843" lon="-84.53206638813441">
                <ele>1309.6126365661607</ele>
                <time>2026-05-28T19:59:24.000194072Z</time>
            </trkpt>
            <trkpt lat="42.202411028595826" lon="-84.53260241084223">
                <ele>1310.4858055114732</ele>
                <time>2026-05-28T19:59:25.000190258Z</time>
            </trkpt>
            <trkpt lat="42.20225587956812" lon="-84.53314555816775">
                <ele>1311.901699066161</ele>
                <time>2026-05-28T19:59:26.000187397Z</time>
            </trkpt>
            <trkpt lat="42.20210131727364" lon="-84.53369214207356">
                <ele>1313.909023284911</ele>
                <time>2026-05-28T19:59:27.000183582Z</time>
            </trkpt>
            <trkpt lat="42.201944827141425" lon="-84.53423763633197">
                <ele>1315.9418601989732</ele>
                <time>2026-05-28T19:59:28.000179767Z</time>
            </trkpt>
            <trkpt lat="42.201785570981166" lon="-84.53478329822843">
                <ele>1317.6081199645982</ele>
                <time>2026-05-28T19:59:29.000176906Z</time>
            </trkpt>
            <trkpt lat="42.201629164667985" lon="-84.53533273198133">
                <ele>1319.9109764099107</ele>
                <time>2026-05-28T19:59:30.000174522Z</time>
            </trkpt>
            <trkpt lat="42.2014685254937" lon="-84.5358747058404">
                <ele>1323.3711814880357</ele>
                <time>2026-05-28T19:59:31.000171184Z</time>
            </trkpt>
            <trkpt lat="42.20131182581391" lon="-84.53641659588044">
                <ele>1327.1010398864732</ele>
                <time>2026-05-28T19:59:32.000169277Z</time>
            </trkpt>
            <trkpt lat="42.20116241838988" lon="-84.53695999466305">
                <ele>1331.8478660583482</ele>
                <time>2026-05-28T19:59:33.000165939Z</time>
            </trkpt>
            <trkpt lat="42.20101070594247" lon="-84.53750574037855">
                <ele>1337.5052146911607</ele>
                <time>2026-05-28T19:59:34.000163555Z</time>
            </trkpt>
            <trkpt lat="42.200856898019275" lon="-84.53804377474313">
                <ele>1342.4192771911607</ele>
                <time>2026-05-28T19:59:35.000161647Z</time>
            </trkpt>
            <trkpt lat="42.20070258718189" lon="-84.53857786961322">
                <ele>1348.1834373474107</ele>
                <time>2026-05-28T19:59:36.000159502Z</time>
            </trkpt>
            <trkpt lat="42.20054391775485" lon="-84.53910173856144">
                <ele>1355.0546531677235</ele>
                <time>2026-05-28T19:59:37.000156641Z</time>
            </trkpt>
            <trkpt lat="42.20038327858057" lon="-84.53961504631167">
                <ele>1361.1962547302232</ele>
                <time>2026-05-28T19:59:38.000155210Z</time>
            </trkpt>
            <trkpt lat="42.2002208372971" lon="-84.54011888251131">
                <ele>1367.2203025817855</ele>
                <time>2026-05-28T19:59:39.000153541Z</time>
            </trkpt>
            <trkpt lat="42.20005764164235" lon="-84.5406186115784">
                <ele>1372.2996482849107</ele>
                <time>2026-05-28T19:59:40.000151634Z</time>
            </trkpt>
            <trkpt lat="42.19989394307341" lon="-84.54111146748488">
                <ele>1376.7886619567857</ele>
                <time>2026-05-28T19:59:41.000149726Z</time>
            </trkpt>
            <trkpt lat="42.1997305797806" lon="-84.54160348520105">
                <ele>1380.8034324645982</ele>
                <time>2026-05-28T19:59:42.000147342Z</time>
            </trkpt>
            <trkpt lat="42.1995656658357" lon="-84.54209558673625">
                <ele>1384.2566795349107</ele>
                <time>2026-05-28T19:59:43.000146389Z</time>
            </trkpt>
            <trkpt lat="42.199398865962586" lon="-84.54259003520434">
                <ele>1386.2295799255357</ele>
                <time>2026-05-28T19:59:44.000144004Z</time>
            </trkpt>
            <trkpt lat="42.19923256900366" lon="-84.5430891775382">
                <ele>1387.6842918395982</ele>
                <time>2026-05-28T19:59:45.000142574Z</time>
            </trkpt>
            <trkpt lat="42.1990690799823" lon="-84.54358764931982">
                <ele>1387.8047752380357</ele>
                <time>2026-05-28T19:59:46.000141143Z</time>
            </trkpt>
            <trkpt lat="42.19889951408114" lon="-84.54410154380327">
                <ele>1388.0696678161607</ele>
                <time>2026-05-28T19:59:47.000140190Z</time>
            </trkpt>
            <trkpt lat="42.19872843943741" lon="-84.54461342662995">
                <ele>1387.4552879333482</ele>
                <time>2026-05-28T19:59:48.000138282Z</time>
            </trkpt>
            <trkpt lat="42.198556191327235" lon="-84.54513712794012">
                <ele>1387.0620994567857</ele>
                <time>2026-05-28T19:59:49.000137329Z</time>
            </trkpt>
            <trkpt lat="42.198382476384005" lon="-84.54567440793342">
                <ele>1386.7513084411607</ele>
                <time>2026-05-28T19:59:50.000135421Z</time>
            </trkpt>
            <trkpt lat="42.198211904654464" lon="-84.54622166239149">
                <ele>1387.1512107849107</ele>
                <time>2026-05-28T19:59:51.000134468Z</time>
            </trkpt>
            <trkpt lat="42.19804359603878" lon="-84.546780651514">
                <ele>1387.9952049255357</ele>
                <time>2026-05-28T19:59:52.000133514Z</time>
            </trkpt>
            <trkpt lat="42.197876293251475" lon="-84.54734634615905">
                <ele>1389.1066551208482</ele>
                <time>2026-05-28T19:59:53.000131607Z</time>
            </trkpt>
            <trkpt lat="42.19770769126918" lon="-84.547917069946">
                <ele>1390.5135154724107</ele>
                <time>2026-05-28T19:59:54.000131130Z</time>
            </trkpt>
            <trkpt lat="42.19754047230091" lon="-84.54849424779839">
                <ele>1392.9464988708482</ele>
                <time>2026-05-28T19:59:55.000129699Z</time>
            </trkpt>
            <trkpt lat="42.19736977484282" lon="-84.54907905318267">
                <ele>1395.0972557067857</ele>
                <time>2026-05-28T19:59:56.000128269Z</time>
            </trkpt>
            <trkpt lat="42.19719685618039" lon="-84.54966704369015">
                <ele>1395.5735740661607</ele>
                <time>2026-05-28T19:59:57.000126838Z</time>
            </trkpt>
            <trkpt lat="42.197024105156025" lon="-84.55025134616024">
                <ele>1396.2879295349105</ele>
                <time>2026-05-28T19:59:58.000125408Z</time>
            </trkpt>
            <trkpt lat="42.196855042169055" lon="-84.5508390013916">
                <ele>1397.0992088317857</ele>
                <time>2026-05-28T19:59:59.000124454Z</time>
            </trkpt>
            <trkpt lat="42.19668216541614" lon="-84.551429422651">
                <ele>1398.3260154724107</ele>
                <time>2026-05-28T20:00:00.000123500Z</time>
            </trkpt>
            <trkpt lat="42.19650681600179" lon="-84.55201531768269">
                <ele>1399.895961761473</ele>
                <time>2026-05-28T20:00:01.000122547Z</time>
            </trkpt>
            <trkpt lat="42.196329538749715" lon="-84.5525999554289">
                <ele>1401.7256736755357</ele>
                <time>2026-05-28T20:00:02.000121593Z</time>
            </trkpt>
            <trkpt lat="42.19615414742585" lon="-84.55318165950901">
                <ele>1403.9545555114732</ele>
                <time>2026-05-28T20:00:03.000120878Z</time>
            </trkpt>
            <trkpt lat="42.195982234591796" lon="-84.5537556522382">
                <ele>1406.5190086364732</ele>
                <time>2026-05-28T20:00:04.000119924Z</time>
            </trkpt>
            <trkpt lat="42.195812878238215" lon="-84.55432604074902">
                <ele>1409.050014495848</ele>
                <time>2026-05-28T20:00:05.000118732Z</time>
            </trkpt>
            <trkpt lat="42.1956452820843" lon="-84.55489207067019">
                <ele>1411.4209861755357</ele>
                <time>2026-05-28T20:00:06.000117301Z</time>
            </trkpt>
            <trkpt lat="42.19548015859182" lon="-84.55545642421073">
                <ele>1413.9085350036607</ele>
                <time>2026-05-28T20:00:07.000117301Z</time>
            </trkpt>
            <trkpt lat="42.19531851358916" lon="-84.55602287322706">
                <ele>1415.7615623474105</ele>
                <time>2026-05-28T20:00:08.000115871Z</time>
            </trkpt>
            <trkpt lat="42.19516487330402" lon="-84.55658823259598">
                <ele>1417.277309417723</ele>
                <time>2026-05-28T20:00:09.000114679Z</time>
            </trkpt>
            <trkpt lat="42.195013496132745" lon="-84.55715518452651">
                <ele>1417.5844383239732</ele>
                <time>2026-05-28T20:00:10.000113964Z</time>
            </trkpt>
            <trkpt lat="42.19486656137015" lon="-84.55772255555219">
                <ele>1417.5931053161607</ele>
                <time>2026-05-28T20:00:11.000113487Z</time>
            </trkpt>
            <trkpt lat="42.19471535183693" lon="-84.55828892074949">
                <ele>1416.9655418395982</ele>
                <time>2026-05-28T20:00:12.000112056Z</time>
            </trkpt>
            <trkpt lat="42.19456162773277" lon="-84.55886081800288">
                <ele>1416.0203514099107</ele>
                <time>2026-05-28T20:00:13.000111103Z</time>
            </trkpt>
            <trkpt lat="42.194411591666" lon="-84.55943581656045">
                <ele>1415.0537986755357</ele>
                <time>2026-05-28T20:00:14.000110149Z</time>
            </trkpt>
            <trkpt lat="42.194261765146805" lon="-84.56001089893705">
                <ele>1414.3243064880357</ele>
                <time>2026-05-28T20:00:15.000109195Z</time>
            </trkpt>
            <trkpt lat="42.1941100526994" lon="-84.56059008844622">
                <ele>1414.0220603942855</ele>
                <time>2026-05-28T20:00:16.000108718Z</time>
            </trkpt>
            <trkpt lat="42.19395595140959" lon="-84.56117271453567">
                <ele>1413.9778709411605</ele>
                <time>2026-05-28T20:00:17.000108003Z</time>
            </trkpt>
            <trkpt lat="42.193798078263356" lon="-84.56175332896836">
                <ele>1415.5403709411607</ele>
                <time>2026-05-28T20:00:18.000107288Z</time>
            </trkpt>
            <trkpt lat="42.19364058230276" lon="-84.56233109355398">
                <ele>1418.1956443786605</ele>
                <time>2026-05-28T20:00:19.000106811Z</time>
            </trkpt>
            <trkpt lat="42.193487570660366" lon="-84.56290475100704">
                <ele>1421.0087547302232</ele>
                <time>2026-05-28T20:00:20.000105381Z</time>
            </trkpt>
            <trkpt lat="42.19333594203199" lon="-84.56347044565209">
                <ele>1424.3052635192855</ele>
                <time>2026-05-28T20:00:21.000104427Z</time>
            </trkpt>
            <trkpt lat="42.19318481631781" lon="-84.5640310273362">
                <ele>1427.5985984802232</ele>
                <time>2026-05-28T20:00:22.000103473Z</time>
            </trkpt>
            <trkpt lat="42.19303222377057" lon="-84.5645868313355">
                <ele>1429.7005271911605</ele>
                <time>2026-05-28T20:00:23.000102281Z</time>
            </trkpt>
            <trkpt lat="42.192874979267074" lon="-84.56513953403064">
                <ele>1430.9068260192857</ele>
                <time>2026-05-28T20:00:24.000102043Z</time>
            </trkpt>
            <trkpt lat="42.19271442391182" lon="-84.56569324255415">
                <ele>1430.954311370848</ele>
                <time>2026-05-28T20:00:25.000101566Z</time>
            </trkpt>
            <trkpt lat="42.192551312076105" lon="-84.56624535851606">
                <ele>1430.6767234802232</ele>
                <time>2026-05-28T20:00:26.000100135Z</time>
            </trkpt>
            <trkpt lat="42.19238451220299" lon="-84.56680141397246">
                <ele>1429.3479881286607</ele>
                <time>2026-05-28T20:00:27.000099182Z</time>
            </trkpt>
            <trkpt lat="42.19221637122537" lon="-84.56736308530398">
                <ele>1427.0664939880355</ele>
                <time>2026-05-28T20:00:28.000098705Z</time>
            </trkpt>
            <trkpt lat="42.192048062609686" lon="-84.56793590456672">
                <ele>1425.2286033630355</ele>
                <time>2026-05-28T20:00:29.000097751Z</time>
            </trkpt>
            <trkpt lat="42.19188272956963" lon="-84.56851492643781">
                <ele>1423.4635887145982</ele>
                <time>2026-05-28T20:00:30.000096797Z</time>
            </trkpt>
            <trkpt lat="42.19171718698199" lon="-84.56909202047117">
                <ele>1422.1329002380355</ele>
                <time>2026-05-28T20:00:31.000096797Z</time>
            </trkpt>
            <trkpt lat="42.19154871072824" lon="-84.56967104234226">
                <ele>1420.6176414489732</ele>
                <time>2026-05-28T20:00:32.000095844Z</time>
            </trkpt>
            <trkpt lat="42.19138107266481" lon="-84.57025182441302">
                <ele>1420.2139549255357</ele>
                <time>2026-05-28T20:00:33.000094890Z</time>
            </trkpt>
            <trkpt lat="42.191212386863484" lon="-84.57082908608444">
                <ele>1420.5520896911607</ele>
                <time>2026-05-28T20:00:34.000094413Z</time>
            </trkpt>
            <trkpt lat="42.191040390210404" lon="-84.57140601247974">
                <ele>1421.7542381286607</ele>
                <time>2026-05-28T20:00:35.000093460Z</time>
            </trkpt>
            <trkpt lat="42.19086650762911" lon="-84.57197799355217">
                <ele>1423.2945213317857</ele>
                <time>2026-05-28T20:00:36.000092983Z</time>
            </trkpt>
            <trkpt lat="42.190691828767015" lon="-84.57254930407234">
                <ele>1425.024868011473</ele>
                <time>2026-05-28T20:00:37.000091552Z</time>
            </trkpt>
            <trkpt lat="42.19052234668489" lon="-84.5731158369077">
                <ele>1426.7343406677232</ele>
                <time>2026-05-28T20:00:38.000090599Z</time>
            </trkpt>
            <trkpt lat="42.19035382852162" lon="-84.57367935225793">
                <ele>1428.9141502380357</ele>
                <time>2026-05-28T20:00:39.000089645Z</time>
            </trkpt>
            <trkpt lat="42.190189794676556" lon="-84.57424420871266">
                <ele>1430.3002586364732</ele>
                <time>2026-05-28T20:00:40.000089168Z</time>
            </trkpt>
            <trkpt lat="42.190027521031155" lon="-84.57480562858709">
                <ele>1432.1575584411607</ele>
                <time>2026-05-28T20:00:41.000088453Z</time>
            </trkpt>
            <trkpt lat="42.18986813914235" lon="-84.57536260605285">
                <ele>1434.059535980223</ele>
                <time>2026-05-28T20:00:42.000087738Z</time>
            </trkpt>
            <trkpt lat="42.18970645223017" lon="-84.57591841005215">
                <ele>1436.0336570739732</ele>
                <time>2026-05-28T20:00:43.000086784Z</time>
            </trkpt>
            <trkpt lat="42.18954719606991" lon="-84.57646985546181">
                <ele>1437.8894920349105</ele>
                <time>2026-05-28T20:00:44.000085830Z</time>
            </trkpt>
            <trkpt lat="42.18938957438077" lon="-84.57702230669985">
                <ele>1439.3118553161607</ele>
                <time>2026-05-28T20:00:45.000085592Z</time>
            </trkpt>
            <trkpt lat="42.189231785053565" lon="-84.57757316537628">
                <ele>1440.0567283630355</ele>
                <time>2026-05-28T20:00:46.000084877Z</time>
            </trkpt>
            <trkpt lat="42.18907864768262" lon="-84.57812050365338">
                <ele>1440.4237937927232</ele>
                <time>2026-05-28T20:00:47.000084161Z</time>
            </trkpt>
            <trkpt lat="42.18892555222119" lon="-84.578671865244">
                <ele>1440.6554832458482</ele>
                <time>2026-05-28T20:00:48.000082731Z</time>
            </trkpt>
            <trkpt lat="42.18877249866928" lon="-84.57922414884398">
                <ele>1440.5584373474105</ele>
                <time>2026-05-28T20:00:49.000082015Z</time>
            </trkpt>
            <trkpt lat="42.188618774565114" lon="-84.57977886319587">
                <ele>1440.3268699645982</ele>
                <time>2026-05-28T20:00:50.000081539Z</time>
            </trkpt>
            <trkpt lat="42.18846320644225" lon="-84.58033458337614">
                <ele>1439.7808494567857</ele>
                <time>2026-05-28T20:00:51.000080823Z</time>
            </trkpt>
            <trkpt lat="42.1883055847531" lon="-84.58089021973738">
                <ele>1439.2682762145982</ele>
                <time>2026-05-28T20:00:52.000079631Z</time>
            </trkpt>
            <trkpt lat="42.18814888507331" lon="-84.58145038232634">
                <ele>1439.5872459411605</ele>
                <time>2026-05-28T20:00:53.000079393Z</time>
            </trkpt>
            <trkpt lat="42.18798912599886" lon="-84.58200970672497">
                <ele>1440.3678855895982</ele>
                <time>2026-05-28T20:00:54.000078201Z</time>
            </trkpt>
            <trkpt lat="42.187829031648285" lon="-84.58256433725784">
                <ele>1440.7600975036605</ele>
                <time>2026-05-28T20:00:55.000077486Z</time>
            </trkpt>
            <trkpt lat="42.18766931448335" lon="-84.58311997361908">
                <ele>1441.1775779724107</ele>
                <time>2026-05-28T20:00:56.000076770Z</time>
            </trkpt>
            <trkpt lat="42.187511734703726" lon="-84.58367032938132">
                <ele>1440.6643943786605</ele>
                <time>2026-05-28T20:00:57.000076293Z</time>
            </trkpt>
            <trkpt lat="42.18735386155749" lon="-84.58422563046643">
                <ele>1440.4728660583482</ele>
                <time>2026-05-28T20:00:58.000075101Z</time>
            </trkpt>
            <trkpt lat="42.187196700873024" lon="-84.58477917135188">
                <ele>1439.9712791442857</ele>
                <time>2026-05-28T20:00:59.000074863Z</time>
            </trkpt>
            <trkpt lat="42.18704021074081" lon="-84.58533614881763">
                <ele>1439.1093406677232</ele>
                <time>2026-05-28T20:01:00.000074386Z</time>
            </trkpt>
            <trkpt lat="42.186884349251336" lon="-84.5858958084924">
                <ele>1438.2876853942855</ele>
                <time>2026-05-28T20:01:01.000514745Z</time>
            </trkpt>
            <trkpt lat="42.18672702092881" lon="-84.58645404324362">
                <ele>1436.9334373474107</ele>
                <time>2026-05-28T20:01:02.000515460Z</time>
            </trkpt>
            <trkpt lat="42.186568812506444" lon="-84.58701303236613">
                <ele>1435.6420555114732</ele>
                <time>2026-05-28T20:01:03.000508785Z</time>
            </trkpt>
            <trkpt lat="42.186406203584916" lon="-84.58757512279281">
                <ele>1434.0005760192857</ele>
                <time>2026-05-28T20:01:04.000508785Z</time>
            </trkpt>
            <trkpt lat="42.186240493359215" lon="-84.58813796759078">
                <ele>1431.769008636473</ele>
                <time>2026-05-28T20:01:05.000504016Z</time>
            </trkpt>
            <trkpt lat="42.186075579414315" lon="-84.5887051709784">
                <ele>1429.6538963317857</ele>
                <time>2026-05-28T20:01:06.000490665Z</time>
            </trkpt>
            <trkpt lat="42.185909240545875" lon="-84.5892736316515">
                <ele>1427.7087059020982</ele>
                <time>2026-05-28T20:01:07.000485420Z</time>
            </trkpt>
            <trkpt lat="42.185742608310825" lon="-84.58984586418102">
                <ele>1426.0464744567857</ele>
                <time>2026-05-28T20:01:08.000478267Z</time>
            </trkpt>
            <trkpt lat="42.18557752672786" lon="-84.59042103037665">
                <ele>1423.892787933348</ele>
                <time>2026-05-28T20:01:09.000463485Z</time>
            </trkpt>
            <trkpt lat="42.18541504353488" lon="-84.5910023153616">
                <ele>1422.0080223083482</ele>
                <time>2026-05-28T20:01:10.000456333Z</time>
            </trkpt>
            <trkpt lat="42.1852536080798" lon="-84.5915810857756">
                <ele>1420.4655418395982</ele>
                <time>2026-05-28T20:01:11.000449180Z</time>
            </trkpt>
            <trkpt lat="42.185090328606016" lon="-84.59216178402733">
                <ele>1418.7555809020982</ele>
                <time>2026-05-28T20:01:12.000434875Z</time>
            </trkpt>
            <trkpt lat="42.1849264204895" lon="-84.59274776287805">
                <ele>1416.5923728942857</ele>
                <time>2026-05-28T20:01:13.000427246Z</time>
            </trkpt>
            <trkpt lat="42.18476360202039" lon="-84.59333893850874">
                <ele>1414.2486228942857</ele>
                <time>2026-05-28T20:01:14.000421047Z</time>
            </trkpt>
            <trkpt lat="42.184603591488845" lon="-84.59393271252941">
                <ele>1411.635463714598</ele>
                <time>2026-05-28T20:01:15.000407218Z</time>
            </trkpt>
            <trkpt lat="42.18444307804311" lon="-84.59452900112103">
                <ele>1409.5017967224107</ele>
                <time>2026-05-28T20:01:16.000392198Z</time>
            </trkpt>
            <trkpt lat="42.18428273223544" lon="-84.59512604408394">
                <ele>1408.5472068786605</ele>
                <time>2026-05-28T20:01:17.000378608Z</time>
            </trkpt>
            <trkpt lat="42.18412242833728" lon="-84.59572459578942">
                <ele>1408.5005760192857</ele>
                <time>2026-05-28T20:01:18.000365734Z</time>
            </trkpt>
            <trkpt lat="42.183962543534285" lon="-84.59631300539206">
                <ele>1408.936244964598</ele>
                <time>2026-05-28T20:01:19.000352859Z</time>
            </trkpt>
            <trkpt lat="42.183803496921605" lon="-84.59689940333794">
                <ele>1409.3174705505355</ele>
                <time>2026-05-28T20:01:20.000341892Z</time>
            </trkpt>
            <trkpt lat="42.1836438635757" lon="-84.59747959867548">
                <ele>1409.5631980895982</ele>
                <time>2026-05-28T20:01:21.000330448Z</time>
            </trkpt>
            <trkpt lat="42.18348649334366" lon="-84.59805954255592">
                <ele>1409.6645164489732</ele>
                <time>2026-05-28T20:01:22.000319957Z</time>
            </trkpt>
            <trkpt lat="42.18332895547355" lon="-84.59863730714153">
                <ele>1409.0169334411607</ele>
                <time>2026-05-28T20:01:23.000309467Z</time>
            </trkpt>
            <trkpt lat="42.183170747051186" lon="-84.59921775393616">
                <ele>1407.8236961364732</ele>
                <time>2026-05-28T20:01:24.000300645Z</time>
            </trkpt>
            <trkpt lat="42.18301031742448" lon="-84.59979669198822">
                <ele>1406.4045066833482</ele>
                <time>2026-05-28T20:01:25.000291347Z</time>
            </trkpt>
            <trkpt lat="42.18284930106456" lon="-84.60037495948802">
                <ele>1404.4327049255355</ele>
                <time>2026-05-28T20:01:26.000282287Z</time>
            </trkpt>
            <trkpt lat="42.18268577013368" lon="-84.60095398135911">
                <ele>1402.0420799255355</ele>
                <time>2026-05-28T20:01:27.000273942Z</time>
            </trkpt>
            <trkpt lat="42.18252106573636" lon="-84.60153241649698">
                <ele>1399.9004783630357</ele>
                <time>2026-05-28T20:01:28.000266790Z</time>
            </trkpt>
            <trkpt lat="42.18235594224388" lon="-84.60211588077675">
                <ele>1398.0111961364732</ele>
                <time>2026-05-28T20:01:29.000258922Z</time>
            </trkpt>
            <trkpt lat="42.182191070208496" lon="-84.60270185962747">
                <ele>1396.1648826599107</ele>
                <time>2026-05-28T20:01:30.000251770Z</time>
            </trkpt>
            <trkpt lat="42.182024940887636" lon="-84.60328616209756">
                <ele>1394.3739891052232</ele>
                <time>2026-05-28T20:01:31.000245094Z</time>
            </trkpt>
            <trkpt lat="42.18185562644357" lon="-84.60387130275797">
                <ele>1392.8365135192857</ele>
                <time>2026-05-28T20:01:32.000238418Z</time>
            </trkpt>
            <trkpt lat="42.18168069612438" lon="-84.60446071818899">
                <ele>1392.0551414489732</ele>
                <time>2026-05-28T20:01:33.000232219Z</time>
            </trkpt>
            <trkpt lat="42.181504215153105" lon="-84.6050437633736">
                <ele>1391.4165916442857</ele>
                <time>2026-05-28T20:01:34.000226020Z</time>
            </trkpt>
            <trkpt lat="42.18132496815378" lon="-84.60562379107307">
                <ele>1391.5992088317857</ele>
                <time>2026-05-28T20:01:35.000221252Z</time>
            </trkpt>
            <trkpt lat="42.18114815190638" lon="-84.60619577214551">
                <ele>1393.5841941833482</ele>
                <time>2026-05-28T20:01:36.000215530Z</time>
            </trkpt>
            <trkpt lat="42.18097049746866" lon="-84.60676205352378">
                <ele>1396.7624168395982</ele>
                <time>2026-05-28T20:01:37.000209569Z</time>
            </trkpt>
            <trkpt lat="42.180791711474" lon="-84.60731810898018">
                <ele>1400.1507225036607</ele>
                <time>2026-05-28T20:01:38.000204563Z</time>
            </trkpt>
            <trkpt lat="42.18061870899254" lon="-84.60785957992506">
                <ele>1403.2244529724107</ele>
                <time>2026-05-28T20:01:39.000199317Z</time>
            </trkpt>
            <trkpt lat="42.18045027464831" lon="-84.60839451298547">
                <ele>1404.6327781677232</ele>
                <time>2026-05-28T20:01:40.000195026Z</time>
            </trkpt>
            <trkpt lat="42.18028334904665" lon="-84.60893539719713">
                <ele>1405.8855857849107</ele>
                <time>2026-05-28T20:01:41.000190734Z</time>
            </trkpt>
            <trkpt lat="42.18011923138255" lon="-84.60947301246655">
                <ele>1405.8152732849107</ele>
                <time>2026-05-28T20:01:42.000186443Z</time>
            </trkpt>
            <trkpt lat="42.17995561663264" lon="-84.6100141481353">
                <ele>1405.7681541442857</ele>
                <time>2026-05-28T20:01:43.000181913Z</time>
            </trkpt>
            <trkpt lat="42.17979107987338" lon="-84.6105598938508">
                <ele>1405.3485984802232</ele>
                <time>2026-05-28T20:01:44.000177860Z</time>
            </trkpt>
            <trkpt lat="42.17962863858992" lon="-84.61111024961305">
                <ele>1404.7532615661607</ele>
                <time>2026-05-28T20:01:45.000174999Z</time>
            </trkpt>
            <trkpt lat="42.17946615539694" lon="-84.61166504778397">
                <ele>1403.9817771911607</ele>
                <time>2026-05-28T20:01:46.000170230Z</time>
            </trkpt>
            <trkpt lat="42.17930094808543" lon="-84.61222043268812">
                <ele>1402.9934959411607</ele>
                <time>2026-05-28T20:01:47.000166416Z</time>
            </trkpt>
            <trkpt lat="42.17913318429345" lon="-84.61277992472482">
                <ele>1401.8926658630357</ele>
                <time>2026-05-28T20:01:48.000162363Z</time>
            </trkpt>
            <trkpt lat="42.17896558813953" lon="-84.61334469736052">
                <ele>1400.4079246520982</ele>
                <time>2026-05-28T20:01:49.000159740Z</time>
            </trkpt>
            <trkpt lat="42.17879497450048" lon="-84.61391491823328">
                <ele>1398.4183006286607</ele>
                <time>2026-05-28T20:01:50.000156164Z</time>
            </trkpt>
            <trkpt lat="42.178625115232705" lon="-84.61448673166764">
                <ele>1396.4067039489732</ele>
                <time>2026-05-28T20:01:51.000152111Z</time>
            </trkpt>
            <trkpt lat="42.17845248993689" lon="-84.61506508298648">
                <ele>1394.477504730223</ele>
                <time>2026-05-28T20:01:52.000149011Z</time>
            </trkpt>
            <trkpt lat="42.17827659569883" lon="-84.61564611651433">
                <ele>1393.0317039489732</ele>
                <time>2026-05-28T20:01:53.000145912Z</time>
            </trkpt>
            <trkpt lat="42.178099108899175" lon="-84.61622807205153">
                <ele>1392.4948387145982</ele>
                <time>2026-05-28T20:01:54.000142574Z</time>
            </trkpt>
            <trkpt lat="42.177922669837415" lon="-84.61680826738906">
                <ele>1392.7096824645982</ele>
                <time>2026-05-28T20:01:55.000139713Z</time>
            </trkpt>
            <trkpt lat="42.1777463565042" lon="-84.6173882112695">
                <ele>1393.7077293395982</ele>
                <time>2026-05-28T20:01:56.000137805Z</time>
            </trkpt>
            <trkpt lat="42.177572893018066" lon="-84.61796404801738">
                <ele>1395.5498924255355</ele>
                <time>2026-05-28T20:01:57.000134944Z</time>
            </trkpt>
            <trkpt lat="42.17739880088919" lon="-84.61853410125208">
                <ele>1398.0668601989732</ele>
                <time>2026-05-28T20:01:58.000131607Z</time>
            </trkpt>
            <trkpt lat="42.17722634323144" lon="-84.61910222664905">
                <ele>1400.5808982849107</ele>
                <time>2026-05-28T20:01:59.000128269Z</time>
            </trkpt>
            <trkpt lat="42.177055687682866" lon="-84.61966289215219">
                <ele>1402.9358787536607</ele>
                <time>2026-05-28T20:02:00.000125646Z</time>
            </trkpt>
            <trkpt lat="42.17688620560074" lon="-84.6202150081141">
                <ele>1405.3348045349107</ele>
                <time>2026-05-28T20:02:01.000123500Z</time>
            </trkpt>
            <trkpt lat="42.1767137898525" lon="-84.62076150820089">
                <ele>1407.3752098083482</ele>
                <time>2026-05-28T20:02:02.000120162Z</time>
            </trkpt>
            <trkpt lat="42.17654166747087" lon="-84.62130524225964">
                <ele>1408.232875823973</ele>
                <time>2026-05-28T20:02:03.000118255Z</time>
            </trkpt>
            <trkpt lat="42.17637000609392" lon="-84.62184386335744">
                <ele>1407.877407073973</ele>
                <time>2026-05-28T20:02:04.000115394Z</time>
            </trkpt>
            <trkpt lat="42.17619448904151" lon="-84.62238432847394">
                <ele>1406.8450584411605</ele>
                <time>2026-05-28T20:02:05.000112533Z</time>
            </trkpt>
            <trkpt lat="42.1760171279704" lon="-84.6229252126856">
                <ele>1405.8907127380357</ele>
                <time>2026-05-28T20:02:06.000109672Z</time>
            </trkpt>
            <trkpt lat="42.17583750378543" lon="-84.62346794091596">
                <ele>1405.279750823973</ele>
                <time>2026-05-28T20:02:07.000107288Z</time>
            </trkpt>
            <trkpt lat="42.175657963419496" lon="-84.62401594974531">
                <ele>1404.7781639099107</ele>
                <time>2026-05-28T20:02:08.000104904Z</time>
            </trkpt>
            <trkpt lat="42.17547695622051" lon="-84.6245672275169">
                <ele>1404.626918792723</ele>
                <time>2026-05-28T20:02:09.000102519Z</time>
            </trkpt>
            <trkpt lat="42.17529837977344" lon="-84.6251150687082">
                <ele>1404.7227439880357</ele>
                <time>2026-05-28T20:02:10.000100374Z</time>
            </trkpt>
            <trkpt lat="42.1751198871454" lon="-84.62566332899465">
                <ele>1405.3218650817855</ele>
                <time>2026-05-28T20:02:11.000098228Z</time>
            </trkpt>
            <trkpt lat="42.17494219079816" lon="-84.626211337824">
                <ele>1406.1321678161605</ele>
                <time>2026-05-28T20:02:12.000095129Z</time>
            </trkpt>
            <trkpt lat="42.17476424299383" lon="-84.6267589275582">
                <ele>1406.9463768005357</ele>
                <time>2026-05-28T20:02:13.000093460Z</time>
            </trkpt>
            <trkpt lat="42.17458520554209" lon="-84.62730299689306">
                <ele>1407.7303123474107</ele>
                <time>2026-05-28T20:02:14.000091075Z</time>
            </trkpt>
            <trkpt lat="42.17440671291405" lon="-84.62784564130439">
                <ele>1409.1679344177232</ele>
                <time>2026-05-28T20:02:15.000088691Z</time>
            </trkpt>
            <trkpt lat="42.17422842983359" lon="-84.62839331485762">
                <ele>1410.3603172302232</ele>
                <time>2026-05-28T20:02:16.000086307Z</time>
            </trkpt>
            <trkpt lat="42.1740516554957" lon="-84.62893939584924">
                <ele>1410.5052146911607</ele>
                <time>2026-05-28T20:02:17.000084400Z</time>
            </trkpt>
            <trkpt lat="42.17388137713277" lon="-84.62948430337443">
                <ele>1410.0707664489732</ele>
                <time>2026-05-28T20:02:18.000082015Z</time>
            </trkpt>
            <trkpt lat="42.17371646318787" lon="-84.63002887562348">
                <ele>1409.9579734802232</ele>
                <time>2026-05-28T20:02:19.000080108Z</time>
            </trkpt>
            <trkpt lat="42.17355377044731" lon="-84.63057126857771">
                <ele>1409.5996971130357</ele>
                <time>2026-05-28T20:02:20.000077009Z</time>
            </trkpt>
            <trkpt lat="42.17339355036819" lon="-84.63111106314196">
                <ele>1410.955532073973</ele>
                <time>2026-05-28T20:02:21.000074863Z</time>
            </trkpt>
            <trkpt lat="42.17323618013614" lon="-84.63165563539101">
                <ele>1412.4075584411607</ele>
                <time>2026-05-28T20:02:22.000073194Z</time>
            </trkpt>
            <trkpt lat="42.17309326868706" lon="-84.63218009107246">
                <ele>1412.7216453552232</ele>
                <time>2026-05-28T20:02:23.000070571Z</time>
            </trkpt>
            <trkpt lat="42.17296062506937" lon="-84.63272265166475">
                <ele>1414.5411033630355</ele>
                <time>2026-05-28T20:02:24.000068902Z</time>
            </trkpt>
            <trkpt lat="42.17283426787906" lon="-84.63326923557057">
                <ele>1416.8842430114732</ele>
                <time>2026-05-28T20:02:25.000066280Z</time>
            </trkpt>
            <trkpt lat="42.172712730283074" lon="-84.633814813648">
                <ele>1418.8211326599107</ele>
                <time>2026-05-28T20:02:26.000064849Z</time>
            </trkpt>
            <trkpt lat="42.17259186323934" lon="-84.63436257102026">
                <ele>1419.7837791442857</ele>
                <time>2026-05-28T20:02:27.000062465Z</time>
            </trkpt>
            <trkpt lat="42.172470116095774" lon="-84.63490823291673">
                <ele>1420.5226707458482</ele>
                <time>2026-05-28T20:02:28.000059843Z</time>
            </trkpt>
            <trkpt lat="42.17234681830012" lon="-84.63545716375543">
                <ele>1421.0138816833482</ele>
                <time>2026-05-28T20:02:29.000058174Z</time>
            </trkpt>
            <trkpt lat="42.17222075447642" lon="-84.63600953117444">
                <ele>1420.5548973083482</ele>
                <time>2026-05-28T20:02:30.000055313Z</time>
            </trkpt>
            <trkpt lat="42.17208832040631" lon="-84.63657002903953">
                <ele>1419.9631004333482</ele>
                <time>2026-05-28T20:02:31.000053882Z</time>
            </trkpt>
            <trkpt lat="42.17195064764672" lon="-84.63713304147556">
                <ele>1418.8577537536607</ele>
                <time>2026-05-28T20:02:32.000051498Z</time>
            </trkpt>
            <trkpt lat="42.171803670974604" lon="-84.6376978979303">
                <ele>1417.9500389099107</ele>
                <time>2026-05-28T20:02:33.000049114Z</time>
            </trkpt>
            <trkpt lat="42.171650701241724" lon="-84.63826912463144">
                <ele>1416.8111228942857</ele>
                <time>2026-05-28T20:02:34.000046968Z</time>
            </trkpt>
            <trkpt lat="42.171494462566606" lon="-84.63884026751354">
                <ele>1415.0063133239732</ele>
                <time>2026-05-28T20:02:35.000045537Z</time>
            </trkpt>
            <trkpt lat="42.17133964881503" lon="-84.6394155175282">
                <ele>1412.7521629333482</ele>
                <time>2026-05-28T20:02:36.000043392Z</time>
            </trkpt>
            <trkpt lat="42.17118106320702" lon="-84.63999780834153">
                <ele>1410.9236717224107</ele>
                <time>2026-05-28T20:02:37.000041961Z</time>
            </trkpt>
            <trkpt lat="42.17102306433224" lon="-84.64058320045903">
                <ele>1408.3402976989732</ele>
                <time>2026-05-28T20:02:38.000039100Z</time>
            </trkpt>
            <trkpt lat="42.17086611319535" lon="-84.64117001750007">
                <ele>1407.5785789489732</ele>
                <time>2026-05-28T20:02:39.000036954Z</time>
            </trkpt>
            <trkpt lat="42.170707024673156" lon="-84.64176320478752">
                <ele>1406.7566795349107</ele>
                <time>2026-05-28T20:02:40.000034809Z</time>
            </trkpt>
            <trkpt lat="42.170548606703214" lon="-84.64235312313274">
                <ele>1406.223842620848</ele>
                <time>2026-05-28T20:02:41.000032424Z</time>
            </trkpt>
            <trkpt lat="42.17039433777534" lon="-84.64294723242953">
                <ele>1407.3838768005355</ele>
                <time>2026-05-28T20:02:42.000030994Z</time>
            </trkpt>
            <trkpt lat="42.170247905926935" lon="-84.64353673167959">
                <ele>1409.4483299255357</ele>
                <time>2026-05-28T20:02:43.000028371Z</time>
            </trkpt>
            <trkpt lat="42.17010549739205" lon="-84.64412547655836">
                <ele>1411.5506248474105</ele>
                <time>2026-05-28T20:02:44.000026464Z</time>
            </trkpt>
            <trkpt lat="42.169971889855496" lon="-84.64470961139038">
                <ele>1414.1047019958482</ele>
                <time>2026-05-28T20:02:45.000025272Z</time>
            </trkpt>
            <trkpt lat="42.16984498784148" lon="-84.64529693134561">
                <ele>1417.4192771911607</ele>
                <time>2026-05-28T20:02:46.000022888Z</time>
            </trkpt>
            <trkpt lat="42.1697237436121" lon="-84.64587628849283">
                <ele>1419.7841453552232</ele>
                <time>2026-05-28T20:02:47.000020980Z</time>
            </trkpt>
            <trkpt lat="42.16959943998807" lon="-84.64645497508779">
                <ele>1421.6861228942855</ele>
                <time>2026-05-28T20:02:48.000018596Z</time>
            </trkpt>
            <trkpt lat="42.16947488490694" lon="-84.64703567333952">
                <ele>1421.9866600036607</ele>
                <time>2026-05-28T20:02:49.000016212Z</time>
            </trkpt>
            <trkpt lat="42.1693489887213" lon="-84.64761880234316">
                <ele>1420.7808494567857</ele>
                <time>2026-05-28T20:02:50.000014781Z</time>
            </trkpt>
            <trkpt lat="42.169217937665216" lon="-84.64820100933746">
                <ele>1419.4989891052232</ele>
                <time>2026-05-28T20:02:51.000012397Z</time>
            </trkpt>
            <trkpt lat="42.16908143837207" lon="-84.64878824547365">
                <ele>1418.458705902098</ele>
                <time>2026-05-28T20:02:52.000010490Z</time>
            </trkpt>
            <trkpt lat="42.16894686691665" lon="-84.64937900200918">
                <ele>1417.1216697692857</ele>
                <time>2026-05-28T20:02:53.000008344Z</time>
            </trkpt>
            <trkpt lat="42.16880554802918" lon="-84.64996632196441">
                <ele>1416.1675682067855</ele>
                <time>2026-05-28T20:02:54.000006198Z</time>
            </trkpt>
            <trkpt lat="42.168663223313324" lon="-84.65056194000378">
                <ele>1415.0838279724107</ele>
                <time>2026-05-28T20:02:55.000004291Z</time>
            </trkpt>
            <trkpt lat="42.16852165296876" lon="-84.65116208427087">
                <ele>1414.2925682067855</ele>
                <time>2026-05-28T20:02:56.000001430Z</time>
            </trkpt>
            <trkpt lat="42.168380543628864" lon="-84.65176566511826">
                <ele>1413.7161521911605</ele>
                <time>2026-05-28T20:02:57Z</time>
            </trkpt>
            <trkpt lat="42.16809757057779" lon="-84.65297517374592">
                <ele>1412.9898338317857</ele>
                <time>2026-05-28T20:02:58.999996185Z</time>
            </trkpt>
            <trkpt lat="42.16795537159049" lon="-84.65358512483971">
                <ele>1413.5417137145982</ele>
                <time>2026-05-28T20:02:59.999993324Z</time>
            </trkpt>
            <trkpt lat="42.167812543960444" lon="-84.65419298045771">
                <ele>1414.5530662536607</ele>
                <time>2026-05-28T20:03:00.999991893Z</time>
            </trkpt>
            <trkpt lat="42.16766980014943" lon="-84.65479890823798">
                <ele>1414.937221527098</ele>
                <time>2026-05-28T20:03:01.999989509Z</time>
            </trkpt>
            <trkpt lat="42.167521566191844" lon="-84.65540324345665">
                <ele>1415.5441551208482</ele>
                <time>2026-05-28T20:03:02.999987363Z</time>
            </trkpt>
            <trkpt lat="42.16737115293943" lon="-84.65600682430403">
                <ele>1415.5318260192857</ele>
                <time>2026-05-28T20:03:03.999985933Z</time>
            </trkpt>
            <trkpt lat="42.16721633918785" lon="-84.65660763912337">
                <ele>1415.1128807067857</ele>
                <time>2026-05-28T20:03:04.999984025Z</time>
            </trkpt>
            <trkpt lat="42.167061106341116" lon="-84.65720426299112">
                <ele>1414.3592185974107</ele>
                <time>2026-05-28T20:03:05.999982118Z</time>
            </trkpt>
            <trkpt lat="42.16690042525732" lon="-84.65779979721145">
                <ele>1413.3472557067857</ele>
                <time>2026-05-28T20:03:07.000624656Z</time>
            </trkpt>
            <trkpt lat="42.166734212117426" lon="-84.65839818127887">
                <ele>1412.9734764099107</ele>
                <time>2026-05-28T20:03:08.000628232Z</time>
            </trkpt>
            <trkpt lat="42.16656866952979" lon="-84.659001091574">
                <ele>1413.495815277098</ele>
                <time>2026-05-28T20:03:09.000620365Z</time>
            </trkpt>
            <trkpt lat="42.16640962291711" lon="-84.65960106820302">
                <ele>1414.1521873474107</ele>
                <time>2026-05-28T20:03:10.000619173Z</time>
            </trkpt>
            <trkpt lat="42.16625095349007" lon="-84.66019861408012">
                <ele>1415.6661033630355</ele>
                <time>2026-05-28T20:03:11.000615835Z</time>
            </trkpt>
            <trkpt lat="42.16609878003799" lon="-84.66079515412883">
                <ele>1416.5235252380357</ele>
                <time>2026-05-28T20:03:12.000600814Z</time>
            </trkpt>
            <trkpt lat="42.165949917437665" lon="-84.66139060453014">
                <ele>1417.5122947692857</ele>
                <time>2026-05-28T20:03:13.000592708Z</time>
            </trkpt>
            <trkpt lat="42.16580092910879" lon="-84.66198253453211">
                <ele>1418.4283103942857</ele>
                <time>2026-05-28T20:03:14.000583171Z</time>
            </trkpt>
            <trkpt lat="42.16565022248977" lon="-84.66257262051539">
                <ele>1418.8947410583482</ele>
                <time>2026-05-28T20:03:15.000563621Z</time>
            </trkpt>
            <trkpt lat="42.165495366828665" lon="-84.6631606948419">
                <ele>1418.9511375427232</ele>
                <time>2026-05-28T20:03:16.000556468Z</time>
            </trkpt>
            <trkpt lat="42.16533615257792" lon="-84.6637444943978">
                <ele>1418.7893943786605</ele>
                <time>2026-05-28T20:03:17.000547170Z</time>
            </trkpt>
            <trkpt lat="42.16517811179362" lon="-84.66432552792566">
                <ele>1417.8470115661607</ele>
                <time>2026-05-28T20:03:18.000528097Z</time>
            </trkpt>
            <trkpt lat="42.16501676015757" lon="-84.66490790255801">
                <ele>1417.0570945739732</ele>
                <time>2026-05-28T20:03:19.000517368Z</time>
            </trkpt>
            <trkpt lat="42.164853103498146" lon="-84.66549170211391">
                <ele>1416.275112152098</ele>
                <time>2026-05-28T20:03:20.000510215Z</time>
            </trkpt>
            <trkpt lat="42.164689824024364" lon="-84.66607114308016">
                <ele>1415.6652488708482</ele>
                <time>2026-05-28T20:03:21.000490903Z</time>
            </trkpt>
            <trkpt lat="42.16452402997963" lon="-84.66665376916961">
                <ele>1415.1380271911607</ele>
                <time>2026-05-28T20:03:22.000472068Z</time>
            </trkpt>
            <trkpt lat="42.16435848739199" lon="-84.66723899364906">
                <ele>1414.6507225036605</ele>
                <time>2026-05-28T20:03:23.000453710Z</time>
            </trkpt>
            <trkpt lat="42.16419592037998" lon="-84.66782296084303">
                <ele>1413.5913963317857</ele>
                <time>2026-05-28T20:03:24.000436305Z</time>
            </trkpt>
            <trkpt lat="42.164029162416384" lon="-84.66841405265468">
                <ele>1412.0186424255357</ele>
                <time>2026-05-28T20:03:25.000419616Z</time>
            </trkpt>
            <trkpt lat="42.16386278163843" lon="-84.66900313280958">
                <ele>1410.3059959411607</ele>
                <time>2026-05-28T20:03:26.000403881Z</time>
            </trkpt>
            <trkpt lat="42.16369024016164" lon="-84.66959447607833">
                <ele>1409.1824607849107</ele>
                <time>2026-05-28T20:03:27.000388622Z</time>
            </trkpt>
            <trkpt lat="42.16351116080038" lon="-84.67018070638615">
                <ele>1408.9994773864732</ele>
                <time>2026-05-28T20:03:28.000374794Z</time>
            </trkpt>
            <trkpt lat="42.16333141088687" lon="-84.67076710433203">
                <ele>1409.0374412536605</ele>
                <time>2026-05-28T20:03:29.000360727Z</time>
            </trkpt>
            <trkpt lat="42.163149942683205" lon="-84.67135517865854">
                <ele>1409.247280120848</ele>
                <time>2026-05-28T20:03:30.000348806Z</time>
            </trkpt>
            <trkpt lat="42.162969857493565" lon="-84.67193922967154">
                <ele>1409.5002098083482</ele>
                <time>2026-05-28T20:03:31.000335693Z</time>
            </trkpt>
            <trkpt lat="42.162790484765694" lon="-84.67251959264713">
                <ele>1410.7995262145982</ele>
                <time>2026-05-28T20:03:32.000323772Z</time>
            </trkpt>
            <trkpt lat="42.162610483395085" lon="-84.67310406275529">
                <ele>1412.204799652098</ele>
                <time>2026-05-28T20:03:33.000312805Z</time>
            </trkpt>
            <trkpt lat="42.16243458915703" lon="-84.67368777849215">
                <ele>1413.888637542723</ele>
                <time>2026-05-28T20:03:34.000301837Z</time>
            </trkpt>
            <trkpt lat="42.162266490088925" lon="-84.67426294468778">
                <ele>1415.024135589598</ele>
                <time>2026-05-28T20:03:35.000291347Z</time>
            </trkpt>
            <trkpt lat="42.162100654134676" lon="-84.67483785942632">
                <ele>1416.922573089598</ele>
                <time>2026-05-28T20:03:36.000281810Z</time>
            </trkpt>
            <trkpt lat="42.16193934440814" lon="-84.67541034341293">
                <ele>1418.879604339598</ele>
                <time>2026-05-28T20:03:37.000272274Z</time>
            </trkpt>
            <trkpt lat="42.16178214181416" lon="-84.67598064810473">
                <ele>1420.767787933348</ele>
                <time>2026-05-28T20:03:38.000262498Z</time>
            </trkpt>
            <trkpt lat="42.16162812434338" lon="-84.6765464265688">
                <ele>1422.7260398864732</ele>
                <time>2026-05-28T20:03:39.000254154Z</time>
            </trkpt>
            <trkpt lat="42.16147607661985" lon="-84.67711061247128">
                <ele>1424.0856590270982</ele>
                <time>2026-05-28T20:03:40.000246047Z</time>
            </trkpt>
            <trkpt lat="42.16132524427228" lon="-84.67767379254538">
                <ele>1425.3797264099107</ele>
                <time>2026-05-28T20:03:41.000237464Z</time>
            </trkpt>
            <trkpt lat="42.16117671694808" lon="-84.67823538005787">
                <ele>1426.1125144958482</ele>
                <time>2026-05-28T20:03:42.000229358Z</time>
            </trkpt>
            <trkpt lat="42.16102835726194" lon="-84.67879788957971">
                <ele>1426.2378807067855</ele>
                <time>2026-05-28T20:03:43.000221490Z</time>
            </trkpt>
            <trkpt lat="42.16087932702355" lon="-84.67936224312025">
                <ele>1425.1868553161605</ele>
                <time>2026-05-28T20:03:44.000213861Z</time>
            </trkpt>
            <trkpt lat="42.16073000341855" lon="-84.67992835686046">
                <ele>1423.5793113708482</ele>
                <time>2026-05-28T20:03:45.000207424Z</time>
            </trkpt>
            <trkpt lat="42.16057301037215" lon="-84.68050184667545">
                <ele>1421.509243011473</ele>
                <time>2026-05-28T20:03:46.000200510Z</time>
            </trkpt>
            <trkpt lat="42.160416687878" lon="-84.68107684523302">
                <ele>1419.388881683348</ele>
                <time>2026-05-28T20:03:47.000193834Z</time>
            </trkpt>
            <trkpt lat="42.16025093574278" lon="-84.68165947132248">
                <ele>1417.6160545349105</ele>
                <time>2026-05-28T20:03:48.000186920Z</time>
            </trkpt>
            <trkpt lat="42.16007499959521" lon="-84.6822406724884">
                <ele>1416.012416839598</ele>
                <time>2026-05-28T20:03:49.000180721Z</time>
            </trkpt>
            <trkpt lat="42.15988678395949" lon="-84.68281893998821">
                <ele>1414.9616355895982</ele>
                <time>2026-05-28T20:03:50.000174522Z</time>
            </trkpt>
            <trkpt lat="42.15968507345967" lon="-84.68338823885162">
                <ele>1414.6156883239732</ele>
                <time>2026-05-28T20:03:51.000168800Z</time>
            </trkpt>
            <trkpt lat="42.15946643151544" lon="-84.6839439590319">
                <ele>1414.5144920349107</ele>
                <time>2026-05-28T20:03:52.000163078Z</time>
            </trkpt>
            <trkpt lat="42.15922884647004" lon="-84.68448350213905">
                <ele>1414.5843162536607</ele>
                <time>2026-05-28T20:03:53.000157356Z</time>
            </trkpt>
            <trkpt lat="42.15897982012682" lon="-84.68500494033535">
                <ele>1414.695522308348</ele>
                <time>2026-05-28T20:03:54.000151634Z</time>
            </trkpt>
            <trkpt lat="42.15871155731581" lon="-84.68551288366754">
                <ele>1415.7176170349107</ele>
                <time>2026-05-28T20:03:55.000145435Z</time>
            </trkpt>
            <trkpt lat="42.158429045269415" lon="-84.68600314118405">
                <ele>1417.3427391052232</ele>
                <time>2026-05-28T20:03:56.000140190Z</time>
            </trkpt>
            <trkpt lat="42.158131194340214" lon="-84.6864716057523">
                <ele>1419.0978660583482</ele>
                <time>2026-05-28T20:03:57.000134944Z</time>
            </trkpt>
            <trkpt lat="42.15782437477461" lon="-84.68691282913525">
                <ele>1419.4179344177232</ele>
                <time>2026-05-28T20:03:58.000129699Z</time>
            </trkpt>
            <trkpt lat="42.157505610997" lon="-84.68734567061503">
                <ele>1421.239711761473</ele>
                <time>2026-05-28T20:03:59.000125169Z</time>
            </trkpt>
            <trkpt lat="42.15717121496997" lon="-84.68775579713721">
                <ele>1422.4362449645982</ele>
                <time>2026-05-28T20:04:00.000120162Z</time>
            </trkpt>
            <trkpt lat="42.15682558719269" lon="-84.68814413071115">
                <ele>1423.5628318786607</ele>
                <time>2026-05-28T20:04:01.000115156Z</time>
            </trkpt>
            <trkpt lat="42.156470236407735" lon="-84.6885097493275">
                <ele>1424.8455467224107</ele>
                <time>2026-05-28T20:04:02.000110387Z</time>
            </trkpt>
            <trkpt lat="42.15610512070558" lon="-84.6888512280627">
                <ele>1425.2422752380357</ele>
                <time>2026-05-28T20:04:03.000105381Z</time>
            </trkpt>
            <trkpt lat="42.155726593958356" lon="-84.68917208731611">
                <ele>1425.9414939880355</ele>
                <time>2026-05-28T20:04:04.000101327Z</time>
            </trkpt>
            <trkpt lat="42.15534580409727" lon="-84.68947249472578">
                <ele>1425.3848533630357</ele>
                <time>2026-05-28T20:04:05.000096321Z</time>
            </trkpt>
            <trkpt lat="42.15495709333769" lon="-84.68975739561458">
                <ele>1424.366664886473</ele>
                <time>2026-05-28T20:04:06.000091552Z</time>
            </trkpt>
            <trkpt lat="42.15455870147995" lon="-84.69003357932408">
                <ele>1422.788784027098</ele>
                <time>2026-05-28T20:04:07.000087261Z</time>
            </trkpt>
            <trkpt lat="42.15415180199049" lon="-84.69029534616013">
                <ele>1420.8395652770982</ele>
                <time>2026-05-28T20:04:08.000082492Z</time>
            </trkpt>
            <trkpt lat="42.15373698160253" lon="-84.69054420486529">
                <ele>1418.5746726989732</ele>
                <time>2026-05-28T20:04:09.000079154Z</time>
            </trkpt>
            <trkpt lat="42.15331792835347" lon="-84.69078484930535">
                <ele>1416.648891448973</ele>
                <time>2026-05-28T20:04:10.000074386Z</time>
            </trkpt>
            <trkpt lat="42.15289103802494" lon="-84.69100604773004">
                <ele>1414.7959861755357</ele>
                <time>2026-05-28T20:04:11.000069618Z</time>
            </trkpt>
            <trkpt lat="42.15245719071678" lon="-84.69120436355908">
                <ele>1413.5174217224107</ele>
                <time>2026-05-28T20:04:12.000065803Z</time>
            </trkpt>
            <trkpt lat="42.152015841605284" lon="-84.691375941117">
                <ele>1412.0924949645982</ele>
                <time>2026-05-28T20:04:13.000062227Z</time>
            </trkpt>
            <trkpt lat="42.15156514667175" lon="-84.6915088781013">
                <ele>1410.2642478942857</ele>
                <time>2026-05-28T20:04:14.000057697Z</time>
            </trkpt>
            <trkpt lat="42.151107997672774" lon="-84.69160015702684">
                <ele>1409.0097312927232</ele>
                <time>2026-05-28T20:04:15.000053167Z</time>
            </trkpt>
            <trkpt lat="42.15064892083607" lon="-84.69165639959712">
                <ele>1407.3558006286607</ele>
                <time>2026-05-28T20:04:16.000049591Z</time>
            </trkpt>
            <trkpt lat="42.15018498249552" lon="-84.69167810872634">
                <ele>1405.8481101989732</ele>
                <time>2026-05-28T20:04:17.000045537Z</time>
            </trkpt>
            <trkpt lat="42.149718990588696" lon="-84.69168607153435">
                <ele>1404.1329002380357</ele>
                <time>2026-05-28T20:04:18.000041007Z</time>
            </trkpt>
            <trkpt lat="42.149251573758335" lon="-84.69168439515371">
                <ele>1402.9954490661607</ele>
                <time>2026-05-28T20:04:19.000036716Z</time>
            </trkpt>
            <trkpt lat="42.14878063652864" lon="-84.69168204822083">
                <ele>1401.7388572692857</ele>
                <time>2026-05-28T20:04:20.000033378Z</time>
            </trkpt>
            <trkpt lat="42.14830663990429" lon="-84.69169093303819">
                <ele>1401.2406883239732</ele>
                <time>2026-05-28T20:04:21.000028610Z</time>
            </trkpt>
            <trkpt lat="42.14783193081817" lon="-84.69170652337809">
                <ele>1400.8362693786605</ele>
                <time>2026-05-28T20:04:22.000025272Z</time>
            </trkpt>
            <trkpt lat="42.14736199941686" lon="-84.69173284255405">
                <ele>1401.115688323973</ele>
                <time>2026-05-28T20:04:23.000021934Z</time>
            </trkpt>
            <trkpt lat="42.14688997253975" lon="-84.69177232131798">
                <ele>1401.4998435974107</ele>
                <time>2026-05-28T20:04:24.000017166Z</time>
            </trkpt>
            <trkpt lat="42.146423351990194" lon="-84.69182118781347">
                <ele>1402.0811424255355</ele>
                <time>2026-05-28T20:04:25.000013828Z</time>
            </trkpt>
            <trkpt lat="42.1459558513408" lon="-84.6918836329921">
                <ele>1402.8471336364732</ele>
                <time>2026-05-28T20:04:26.000010013Z</time>
            </trkpt>
            <trkpt lat="42.145494553299756" lon="-84.69195387334068">
                <ele>1404.7735252380357</ele>
                <time>2026-05-28T20:04:27.000005722Z</time>
            </trkpt>
            <trkpt lat="42.14503618892482" lon="-84.69202017419477">
                <ele>1406.7195701599107</ele>
                <time>2026-05-28T20:04:28.000001907Z</time>
            </trkpt>
            <trkpt lat="42.14412956036827" lon="-84.69213425189693">
                <ele>1410.820766448973</ele>
                <time>2026-05-28T20:04:29.999994039Z</time>
            </trkpt>
            <trkpt lat="42.14368318211487" lon="-84.6921772510602">
                <ele>1411.1819725036605</ele>
                <time>2026-05-28T20:04:30.999990940Z</time>
            </trkpt>
            <trkpt lat="42.14323244527182" lon="-84.69221865766187">
                <ele>1411.2874412536607</ele>
                <time>2026-05-28T20:04:31.999986648Z</time>
            </trkpt>
            <trkpt lat="42.14278275616667" lon="-84.69225386165519">
                <ele>1410.225307464598</ele>
                <time>2026-05-28T20:04:32.999982357Z</time>
            </trkpt>
            <trkpt lat="42.14233180977603" lon="-84.69229057439108">
                <ele>1409.3095359802232</ele>
                <time>2026-05-28T20:04:33.999978780Z</time>
            </trkpt>
            <trkpt lat="42.14187989946654" lon="-84.69232535928924">
                <ele>1407.9109764099107</ele>
                <time>2026-05-28T20:04:34.999975204Z</time>
            </trkpt>
            <trkpt lat="42.141424133481586" lon="-84.69236500569124">
                <ele>1407.8460350036607</ele>
                <time>2026-05-28T20:04:35.999972343Z</time>
            </trkpt>
            <trkpt lat="42.14096941523453" lon="-84.69240448445518">
                <ele>1407.668666839598</ele>
                <time>2026-05-28T20:04:36.999968528Z</time>
            </trkpt>
            <trkpt lat="42.14051411025425" lon="-84.6924433764859">
                <ele>1408.246791839598</ele>
                <time>2026-05-28T20:04:37.999964475Z</time>
            </trkpt>
            <trkpt lat="42.140059308188164" lon="-84.69247564681311">
                <ele>1409.5655174255357</ele>
                <time>2026-05-28T20:04:38.999960422Z</time>
            </trkpt>
            <trkpt lat="42.13960660159787" lon="-84.69250171453197">
                <ele>1411.0406150817857</ele>
                <time>2026-05-28T20:04:39.999956846Z</time>
            </trkpt>
            <trkpt lat="42.13915628384998" lon="-84.69252258547087">
                <ele>1413.5055809020982</ele>
                <time>2026-05-28T20:04:40.999953269Z</time>
            </trkpt>
            <trkpt lat="42.138706301378214" lon="-84.69253364958305">
                <ele>1415.7736473083482</ele>
                <time>2026-05-28T20:04:41.999949455Z</time>
            </trkpt>
            <trkpt lat="42.13826076131513" lon="-84.69254412696202">
                <ele>1417.7613182067857</ele>
                <time>2026-05-28T20:04:42.999945402Z</time>
            </trkpt>
            <trkpt lat="42.13781911883702" lon="-84.69254756354232">
                <ele>1419.4468650817857</ele>
                <time>2026-05-28T20:04:43.999942064Z</time>
            </trkpt>
            <trkpt lat="42.137378691734874" lon="-84.69255024575133">
                <ele>1421.6834373474105</ele>
                <time>2026-05-28T20:04:44.999938488Z</time>
            </trkpt>
            <trkpt lat="42.13694006674191" lon="-84.69255812474032">
                <ele>1423.619838714598</ele>
                <time>2026-05-28T20:04:45.999935150Z</time>
            </trkpt>
            <trkpt lat="42.13650378868183" lon="-84.69256038785417">
                <ele>1425.4849510192855</ele>
                <time>2026-05-28T20:04:46.999930381Z</time>
            </trkpt>
            <trkpt lat="42.13606558278402" lon="-84.69255737036903">
                <ele>1425.4860496520982</ele>
                <time>2026-05-28T20:04:47.999927043Z</time>
            </trkpt>
            <trkpt lat="42.13562637105783" lon="-84.69254974283714">
                <ele>1426.5371971130357</ele>
                <time>2026-05-28T20:04:48.999923706Z</time>
            </trkpt>
            <trkpt lat="42.1351825492849" lon="-84.6925385110869">
                <ele>1425.940883636473</ele>
                <time>2026-05-28T20:04:49.999919652Z</time>
            </trkpt>
            <trkpt lat="42.13473516520311" lon="-84.69252996154566">
                <ele>1425.2662010192857</ele>
                <time>2026-05-28T20:04:50.999916076Z</time>
            </trkpt>
            <trkpt lat="42.134286020921664" lon="-84.69252878807922">
                <ele>1422.8394432067857</ele>
                <time>2026-05-28T20:04:51.999912977Z</time>
            </trkpt>
            <trkpt lat="42.13382853664656" lon="-84.69254219912429">
                <ele>1419.7785301208482</ele>
                <time>2026-05-28T20:04:52.999908685Z</time>
            </trkpt>
            <trkpt lat="42.1333664004152" lon="-84.69256776392896">
                <ele>1417.2140769958482</ele>
                <time>2026-05-28T20:04:53.999905347Z</time>
            </trkpt>
            <trkpt lat="42.13290313262691" lon="-84.69259701677103">
                <ele>1415.0396385192857</ele>
                <time>2026-05-28T20:04:54.999901771Z</time>
            </trkpt>
            <trkpt lat="42.13243709881057" lon="-84.69262878418405">
                <ele>1413.833950042723</ele>
                <time>2026-05-28T20:04:55.999898433Z</time>
            </trkpt>
            <trkpt lat="42.13196813132812" lon="-84.69266440727253">
                <ele>1414.021694183348</ele>
                <time>2026-05-28T20:04:56.999894618Z</time>
            </trkpt>
            <trkpt lat="42.13150222324033" lon="-84.69270229347487">
                <ele>1414.6973533630357</ele>
                <time>2026-05-28T20:04:57.999890327Z</time>
            </trkpt>
            <trkpt lat="42.131036985704796" lon="-84.69274512500007">
                <ele>1415.9759178161607</ele>
                <time>2026-05-28T20:04:58.999886989Z</time>
            </trkpt>
            <trkpt lat="42.13057267017861" lon="-84.6927869506969">
                <ele>1417.5550193786605</ele>
                <time>2026-05-28T20:04:59.999883651Z</time>
            </trkpt>
            <trkpt lat="42.130111455956595" lon="-84.6928247530802">
                <ele>1418.5287742614732</ele>
                <time>2026-05-28T20:05:00.999880075Z</time>
            </trkpt>
            <trkpt lat="42.12964936163475" lon="-84.6928646509393">
                <ele>1419.4753074645982</ele>
                <time>2026-05-28T20:05:01.999876499Z</time>
            </trkpt>
            <trkpt lat="42.129189949521916" lon="-84.69291024849255">
                <ele>1419.9947166442857</ele>
                <time>2026-05-28T20:05:02.999872207Z</time>
            </trkpt>
            <trkpt lat="42.128730327861504" lon="-84.69296171337803">
                <ele>1420.5509910583482</ele>
                <time>2026-05-28T20:05:03.999869108Z</time>
            </trkpt>
            <trkpt lat="42.12826970037271" lon="-84.69301099896867">
                <ele>1421.2443504333482</ele>
                <time>2026-05-28T20:05:04.999864578Z</time>
            </trkpt>
            <trkpt lat="42.127814982125656" lon="-84.6930599492832">
                <ele>1421.3953514099107</ele>
                <time>2026-05-28T20:05:05.999861240Z</time>
            </trkpt>
            <trkpt lat="42.12735766548861" lon="-84.69310881577869">
                <ele>1421.9300193786607</ele>
                <time>2026-05-28T20:05:06.999857902Z</time>
            </trkpt>
            <trkpt lat="42.12690164804656" lon="-84.69315474860807">
                <ele>1422.3658103942855</ele>
                <time>2026-05-28T20:05:07.999853610Z</time>
            </trkpt>
            <trkpt lat="42.12644403804291" lon="-84.69319900505681">
                <ele>1423.067104339598</ele>
                <time>2026-05-28T20:05:08.999850749Z</time>
            </trkpt>
            <trkpt lat="42.125989026429245" lon="-84.69324141748686">
                <ele>1423.5606346130357</ele>
                <time>2026-05-28T20:05:09.999846935Z</time>
            </trkpt>
            <trkpt lat="42.125536361748466" lon="-84.69328072861273">
                <ele>1423.8912010192857</ele>
                <time>2026-05-28T20:05:10.999843358Z</time>
            </trkpt>
            <trkpt lat="42.125082314053664" lon="-84.6933202911957">
                <ele>1424.5487937927232</ele>
                <time>2026-05-28T20:05:11.999840021Z</time>
            </trkpt>
            <trkpt lat="42.12462998464901" lon="-84.69335616574128">
                <ele>1425.2093162536607</ele>
                <time>2026-05-28T20:05:13.000617265Z</time>
            </trkpt>
            <trkpt lat="42.124178702982256" lon="-84.69339388430555">
                <ele>1425.6497459411607</ele>
                <time>2026-05-28T20:05:14.000623703Z</time>
            </trkpt>
            <trkpt lat="42.12372754704405" lon="-84.69343151905079">
                <ele>1425.9284324645982</ele>
                <time>2026-05-28T20:05:15.000614166Z</time>
            </trkpt>
            <trkpt lat="42.12327396035392" lon="-84.69346730977733">
                <ele>1426.3230857849105</ele>
                <time>2026-05-28T20:05:16.000611543Z</time>
            </trkpt>
            <trkpt lat="42.122822175772974" lon="-84.6934999991997">
                <ele>1425.7474021911607</ele>
                <time>2026-05-28T20:05:17.000608444Z</time>
            </trkpt>
            <trkpt lat="42.12236632596899" lon="-84.693537801583">
                <ele>1425.6624412536605</ele>
                <time>2026-05-28T20:05:18.000592708Z</time>
            </trkpt>
            <trkpt lat="42.12191114671726" lon="-84.69357308939536">
                <ele>1425.0628318786607</ele>
                <time>2026-05-28T20:05:19.000585079Z</time>
            </trkpt>
            <trkpt lat="42.121458523945996" lon="-84.69361005358834">
                <ele>1423.7149314880357</ele>
                <time>2026-05-28T20:05:20.000576019Z</time>
            </trkpt>
            <trkpt lat="42.1210023807754" lon="-84.69365229838033">
                <ele>1422.7736473083482</ele>
                <time>2026-05-28T20:05:21.000556468Z</time>
            </trkpt>
            <trkpt lat="42.12054606996674" lon="-84.69368984930654">
                <ele>1421.7790184020982</ele>
                <time>2026-05-28T20:05:22.000547647Z</time>
            </trkpt>
            <trkpt lat="42.120090555438885" lon="-84.6937299148037">
                <ele>1420.5037498474105</ele>
                <time>2026-05-28T20:05:23.000537395Z</time>
            </trkpt>
            <trkpt lat="42.11963441226828" lon="-84.69376863919635">
                <ele>1419.4939842224107</ele>
                <time>2026-05-28T20:05:24.000517845Z</time>
            </trkpt>
            <trkpt lat="42.1191819990446" lon="-84.69381063253124">
                <ele>1418.651821136473</ele>
                <time>2026-05-28T20:05:25.000506162Z</time>
            </trkpt>
            <trkpt lat="42.118733651043954" lon="-84.6938525420471">
                <ele>1416.9349021911607</ele>
                <time>2026-05-28T20:05:26.000496387Z</time>
            </trkpt>
            <trkpt lat="42.11828597359556" lon="-84.69389847487648">
                <ele>1415.2681541442857</ele>
                <time>2026-05-28T20:05:27.000476598Z</time>
            </trkpt>
            <trkpt lat="42.11783821232814" lon="-84.69394264750619">
                <ele>1412.4825096130355</ele>
                <time>2026-05-28T20:05:28.000457525Z</time>
            </trkpt>
            <trkpt lat="42.11739258844602" lon="-84.69398581430752">
                <ele>1409.1070213317855</ele>
                <time>2026-05-28T20:05:29.000438690Z</time>
            </trkpt>
            <trkpt lat="42.11695098787743" lon="-84.69402814291854">
                <ele>1404.9889793395982</ele>
                <time>2026-05-28T20:05:30.000420808Z</time>
            </trkpt>
            <trkpt lat="42.11650863293755" lon="-84.69407709323306">
                <ele>1400.7580223083482</ele>
                <time>2026-05-28T20:05:31.000404357Z</time>
            </trkpt>
            <trkpt lat="42.11606036875594" lon="-84.69413023449917">
                <ele>1395.9229393005357</ele>
                <time>2026-05-28T20:05:32.000388622Z</time>
            </trkpt>
            <trkpt lat="42.11560891945112" lon="-84.69418681234558">
                <ele>1390.6639060974107</ele>
                <time>2026-05-28T20:05:33.000372886Z</time>
            </trkpt>
            <trkpt lat="42.11515189618069" lon="-84.69424355783005">
                <ele>1385.219203948973</ele>
                <time>2026-05-28T20:05:34.000358581Z</time>
            </trkpt>
            <trkpt lat="42.11469235833931" lon="-84.69430206351419">
                <ele>1380.1496238708482</ele>
                <time>2026-05-28T20:05:35.000344038Z</time>
            </trkpt>
            <trkpt lat="42.11423059929359" lon="-84.6943531093045">
                <ele>1374.932582855223</ele>
                <time>2026-05-28T20:05:36.000330448Z</time>
            </trkpt>
            <trkpt lat="42.11376347582984" lon="-84.6943948511823">
                <ele>1370.0203514099105</ele>
                <time>2026-05-28T20:05:37.000317096Z</time>
            </trkpt>
            <trkpt lat="42.11329383779514" lon="-84.69443231828947">
                <ele>1366.9416160583482</ele>
                <time>2026-05-28T20:05:38.000304460Z</time>
            </trkpt>
            <trkpt lat="42.11282922890234" lon="-84.6944651753499">
                <ele>1365.1521873474105</ele>
                <time>2026-05-28T20:05:39.000292301Z</time>
            </trkpt>
            <trkpt lat="42.112361979710045" lon="-84.69449627221067">
                <ele>1363.8398094177232</ele>
                <time>2026-05-28T20:05:40.000280857Z</time>
            </trkpt>
            <trkpt lat="42.111900555940444" lon="-84.69452720143337">
                <ele>1363.6164207458482</ele>
                <time>2026-05-28T20:05:41.000269412Z</time>
            </trkpt>
            <trkpt lat="42.11144185628938" lon="-84.6945568733706">
                <ele>1363.0179100036607</ele>
                <time>2026-05-28T20:05:42.000259160Z</time>
            </trkpt>
            <trkpt lat="42.11098868869441" lon="-84.6945898980691">
                <ele>1362.4755516052232</ele>
                <time>2026-05-28T20:05:43.000248908Z</time>
            </trkpt>
            <trkpt lat="42.110541262703116" lon="-84.69462845482369">
                <ele>1361.5865135192857</ele>
                <time>2026-05-28T20:05:44.000237464Z</time>
            </trkpt>
            <trkpt lat="42.11009949449646" lon="-84.69467120252986">
                <ele>1360.6304588317857</ele>
                <time>2026-05-28T20:05:45.000227451Z</time>
            </trkpt>
            <trkpt lat="42.10966137241768" lon="-84.69471671626408">
                <ele>1359.0015525817857</ele>
                <time>2026-05-28T20:05:46.000217914Z</time>
            </trkpt>
            <trkpt lat="42.10922136441069" lon="-84.6947656665786">
                <ele>1356.6759910583482</ele>
                <time>2026-05-28T20:05:47.000209093Z</time>
            </trkpt>
            <trkpt lat="42.10878441579836" lon="-84.69482098713954">
                <ele>1354.0340232849107</ele>
                <time>2026-05-28T20:05:48.000200271Z</time>
            </trkpt>
            <trkpt lat="42.108344784977014" lon="-84.69488049865205">
                <ele>1350.6310691833482</ele>
                <time>2026-05-28T20:05:49.000190734Z</time>
            </trkpt>
            <trkpt lat="42.10790574088889" lon="-84.69493405901332">
                <ele>1346.7840232849107</ele>
                <time>2026-05-28T20:05:50.000182390Z</time>
            </trkpt>
            <trkpt lat="42.10746451750594" lon="-84.69498242259462">
                <ele>1342.2397117614732</ele>
                <time>2026-05-28T20:05:51.000174283Z</time>
            </trkpt>
            <trkpt lat="42.10702077955204" lon="-84.69503036708076">
                <ele>1337.2710838317857</ele>
                <time>2026-05-28T20:05:52.000165939Z</time>
            </trkpt>
            <trkpt lat="42.106576035769756" lon="-84.69507269569178">
                <ele>1332.2248191833482</ele>
                <time>2026-05-28T20:05:53.000157833Z</time>
            </trkpt>
            <trkpt lat="42.10612416736978" lon="-84.69511410229345">
                <ele>1328.3232078552232</ele>
                <time>2026-05-28T20:05:54.000150680Z</time>
            </trkpt>
            <trkpt lat="42.1056730952506" lon="-84.69515223995288">
                <ele>1325.4123191833485</ele>
                <time>2026-05-28T20:05:55.000143051Z</time>
            </trkpt>
            <trkpt lat="42.10522499870705" lon="-84.69518233098526">
                <ele>1323.1885643005357</ele>
                <time>2026-05-28T20:05:56.000135421Z</time>
            </trkpt>
            <trkpt lat="42.10477895572978" lon="-84.69520638704736">
                <ele>1321.2459373474107</ele>
                <time>2026-05-28T20:05:57.000127315Z</time>
            </trkpt>
            <trkpt lat="42.1043371456136" lon="-84.69522784471948">
                <ele>1320.513271331786</ele>
                <time>2026-05-28T20:05:58.000120162Z</time>
            </trkpt>
            <trkpt lat="42.10389772433983" lon="-84.6952493023916">
                <ele>1320.4499168395982</ele>
                <time>2026-05-28T20:05:59.000113487Z</time>
            </trkpt>
            <trkpt lat="42.10346287120329" lon="-84.69527252026339">
                <ele>1320.148281097411</ele>
                <time>2026-05-28T20:06:00.000106811Z</time>
            </trkpt>
            <trkpt lat="42.103030197361576" lon="-84.69529657632549">
                <ele>1319.4095115661607</ele>
                <time>2026-05-28T20:06:01.000100135Z</time>
            </trkpt>
            <trkpt lat="42.10260217547612" lon="-84.69531912364502">
                <ele>1318.2343406677235</ele>
                <time>2026-05-28T20:06:02.000092983Z</time>
            </trkpt>
            <trkpt lat="42.10217469841437" lon="-84.69534728683968">
                <ele>1316.1552391052232</ele>
                <time>2026-05-28T20:06:03.000086069Z</time>
            </trkpt>
            <trkpt lat="42.101751077028084" lon="-84.6953774616911">
                <ele>1313.3662986755357</ele>
                <time>2026-05-28T20:06:04.000079631Z</time>
            </trkpt>
            <trkpt lat="42.101327036546635" lon="-84.69541241422732">
                <ele>1310.2731590270985</ele>
                <time>2026-05-28T20:06:05.000072956Z</time>
            </trkpt>
            <trkpt lat="42.10090245124148" lon="-84.69544854022999">
                <ele>1307.0673484802232</ele>
                <time>2026-05-28T20:06:06.000066757Z</time>
            </trkpt>
            <trkpt lat="42.10047841076003" lon="-84.69548374422331">
                <ele>1302.8992576599107</ele>
                <time>2026-05-28T20:06:07.000060319Z</time>
            </trkpt>
            <trkpt lat="42.10005248435037" lon="-84.69551836148341">
                <ele>1298.7959861755357</ele>
                <time>2026-05-28T20:06:08.000054836Z</time>
            </trkpt>
            <trkpt lat="42.09962140307026" lon="-84.69555230819125">
                <ele>1294.1321678161607</ele>
                <time>2026-05-28T20:06:09.000048160Z</time>
            </trkpt>
            <trkpt lat="42.09918843586193" lon="-84.69558130957623">
                <ele>1289.0721092224107</ele>
                <time>2026-05-28T20:06:10.000042200Z</time>
            </trkpt>
            <trkpt lat="42.09875618111538" lon="-84.695607125838">
                <ele>1284.3417625427232</ele>
                <time>2026-05-28T20:06:11.000035524Z</time>
            </trkpt>
            <trkpt lat="42.098320531698036" lon="-84.69563260682364">
                <ele>1280.200038909911</ele>
                <time>2026-05-28T20:06:12.000029563Z</time>
            </trkpt>
            <trkpt lat="42.09788098469572" lon="-84.69566831373115">
                <ele>1277.4357566833482</ele>
                <time>2026-05-28T20:06:13.000024080Z</time>
            </trkpt>
            <trkpt lat="42.09743925839858" lon="-84.69570427209575">
                <ele>1275.5229148864732</ele>
                <time>2026-05-28T20:06:14.000018119Z</time>
            </trkpt>
            <trkpt lat="42.09699246105002" lon="-84.69573704533715">
                <ele>1274.4264793395985</ele>
                <time>2026-05-28T20:06:15.000011920Z</time>
            </trkpt>
            <trkpt lat="42.09654474169211" lon="-84.69576898038824">
                <ele>1272.9944725036607</ele>
                <time>2026-05-28T20:06:16.000006437Z</time>
            </trkpt>
            <trkpt lat="42.096096058415334" lon="-84.69579420991678">
                <ele>1271.4421043395985</ele>
                <time>2026-05-28T20:06:17.000000953Z</time>
            </trkpt>
            <trkpt lat="42.09519102242039" lon="-84.69582857571979">
                <ele>1269.0486717224107</ele>
                <time>2026-05-28T20:06:18.999989509Z</time>
            </trkpt>
            <trkpt lat="42.09473714236365" lon="-84.69583963983197">
                <ele>1268.1388816833482</ele>
                <time>2026-05-28T20:06:19.999983310Z</time>
            </trkpt>
            <trkpt lat="42.09428410049723" lon="-84.69584332786937">
                <ele>1267.2007713317857</ele>
                <time>2026-05-28T20:06:20.999977588Z</time>
            </trkpt>
            <trkpt lat="42.0938294660692" lon="-84.6958465968116">
                <ele>1266.579677581786</ele>
                <time>2026-05-28T20:06:21.999972820Z</time>
            </trkpt>
            <trkpt lat="42.09337562792198" lon="-84.69584969811578">
                <ele>1265.368495941161</ele>
                <time>2026-05-28T20:06:22.999966144Z</time>
            </trkpt>
            <trkpt lat="42.09292061630831" lon="-84.6958484408303">
                <ele>1263.305751800536</ele>
                <time>2026-05-28T20:06:23.999961376Z</time>
            </trkpt>
            <trkpt lat="42.09246321585224" lon="-84.6958455071642">
                <ele>1260.3871726989732</ele>
                <time>2026-05-28T20:06:24.999955654Z</time>
            </trkpt>
            <trkpt lat="42.09200359419183" lon="-84.69584994957287">
                <ele>1256.845790863036</ele>
                <time>2026-05-28T20:06:25.999950408Z</time>
            </trkpt>
            <trkpt lat="42.091546654740434" lon="-84.69586755156953">
                <ele>1253.1137351989732</ele>
                <time>2026-05-28T20:06:26.999944925Z</time>
            </trkpt>
            <trkpt lat="42.091091140212576" lon="-84.69589688823064">
                <ele>1249.0050926208482</ele>
                <time>2026-05-28T20:06:27.999939203Z</time>
            </trkpt>
            <trkpt lat="42.090631309004586" lon="-84.69593108639557">
                <ele>1245.3434715270982</ele>
                <time>2026-05-28T20:06:28.999933719Z</time>
            </trkpt>
            <trkpt lat="42.09017051387773" lon="-84.69597324736853">
                <ele>1242.4031639099107</ele>
                <time>2026-05-28T20:06:29.999928236Z</time>
            </trkpt>
            <trkpt lat="42.08970988638894" lon="-84.6960249637111">
                <ele>1240.075283050536</ele>
                <time>2026-05-28T20:06:30.999923229Z</time>
            </trkpt>
            <trkpt lat="42.08924833689079" lon="-84.69607190236886">
                <ele>1238.1823387145985</ele>
                <time>2026-05-28T20:06:31.999917507Z</time>
            </trkpt>
            <trkpt lat="42.08878636829749" lon="-84.69611993067403">
                <ele>1236.1708641052232</ele>
                <time>2026-05-28T20:06:32.999912261Z</time>
            </trkpt>
            <trkpt lat="42.088323142418716" lon="-84.69616619877954">
                <ele>1233.7165184020985</ele>
                <time>2026-05-28T20:06:33.999906539Z</time>
            </trkpt>
            <trkpt lat="42.08786025181607" lon="-84.69620953321893">
                <ele>1232.1319236755357</ele>
                <time>2026-05-28T20:06:34.999901294Z</time>
            </trkpt>
            <trkpt lat="42.087398828046474" lon="-84.69625471167703">
                <ele>1231.392421722411</ele>
                <time>2026-05-28T20:06:35.999895572Z</time>
            </trkpt>
            <trkpt lat="42.08693769764349" lon="-84.69629469335516">
                <ele>1230.4767723083482</ele>
                <time>2026-05-28T20:06:36.999890804Z</time>
            </trkpt>
            <trkpt lat="42.08648008763984" lon="-84.69633199282427">
                <ele>1228.788906097411</ele>
                <time>2026-05-28T20:06:37.999885559Z</time>
            </trkpt>
            <trkpt lat="42.0860227710028" lon="-84.69637029812176">
                <ele>1227.6150779724107</ele>
                <time>2026-05-28T20:06:38.999880313Z</time>
            </trkpt>
            <trkpt lat="42.085567759389136" lon="-84.69640432864864">
                <ele>1226.003505706786</ele>
                <time>2026-05-28T20:06:39.999874830Z</time>
            </trkpt>
            <trkpt lat="42.085111783856604" lon="-84.6964319889291">
                <ele>1224.983242034911</ele>
                <time>2026-05-28T20:06:40.999869585Z</time>
            </trkpt>
            <trkpt lat="42.08465471867666" lon="-84.69646140940924">
                <ele>1222.8998680114735</ele>
                <time>2026-05-28T20:06:41.999864578Z</time>
            </trkpt>
            <trkpt lat="42.084193001540456" lon="-84.6964930091842">
                <ele>1222.4235496520985</ele>
                <time>2026-05-28T20:06:42.999858379Z</time>
            </trkpt>
            <trkpt lat="42.08373208068505" lon="-84.69652854845364">
                <ele>1220.577968597411</ele>
                <time>2026-05-28T20:06:43.999853610Z</time>
            </trkpt>
            <trkpt lat="42.08327007018224" lon="-84.69656551264663">
                <ele>1219.3278465270985</ele>
                <time>2026-05-28T20:06:44.999848604Z</time>
            </trkpt>
            <trkpt lat="42.082809442693446" lon="-84.69659971081157">
                <ele>1217.6501121520985</ele>
                <time>2026-05-28T20:06:45.999842882Z</time>
            </trkpt>
            <trkpt lat="42.082347683647725" lon="-84.69663390897651">
                <ele>1216.3000144958485</ele>
                <time>2026-05-28T20:06:46.999837160Z</time>
            </trkpt>
            <trkpt lat="42.08188944500134" lon="-84.69666995116015">
                <ele>1214.2636375427235</ele>
                <time>2026-05-28T20:06:47.999832391Z</time>
            </trkpt>
            <trkpt lat="42.08143154163107" lon="-84.69671420760889">
                <ele>1212.561122894286</ele>
                <time>2026-05-28T20:06:48.999827861Z</time>
            </trkpt>
            <trkpt lat="42.0809765300174" lon="-84.69675586566765">
                <ele>1209.7004051208482</ele>
                <time>2026-05-28T20:06:49.999821662Z</time>
            </trkpt>
            <trkpt lat="42.080522440413084" lon="-84.69680146322091">
                <ele>1206.3722801208485</ele>
                <time>2026-05-28T20:06:50.999816894Z</time>
            </trkpt>
            <trkpt lat="42.08006839271828" lon="-84.696846641679">
                <ele>1202.9521141052235</ele>
                <time>2026-05-28T20:06:51.999811172Z</time>
            </trkpt>
            <trkpt lat="42.07961442884251" lon="-84.69689039521356">
                <ele>1199.236171722411</ele>
                <time>2026-05-28T20:06:52.999805927Z</time>
            </trkpt>
            <trkpt lat="42.079160129690614" lon="-84.6969346516623">
                <ele>1195.814540863036</ele>
                <time>2026-05-28T20:06:53.999800920Z</time>
            </trkpt>
            <trkpt lat="42.07870977003321" lon="-84.69697345987399">
                <ele>1193.023525238036</ele>
                <time>2026-05-28T20:06:54.999796152Z</time>
            </trkpt>
            <trkpt lat="42.07826142203256" lon="-84.69700849622924">
                <ele>1190.0387840270985</ele>
                <time>2026-05-28T20:06:55.999790668Z</time>
            </trkpt>
            <trkpt lat="42.07781370267465" lon="-84.69704587951739">
                <ele>1187.7475242614735</ele>
                <time>2026-05-28T20:06:56.999785184Z</time>
            </trkpt>
            <trkpt lat="42.077368414068665" lon="-84.69708535828133">
                <ele>1185.6587791442857</ele>
                <time>2026-05-28T20:06:57.999779939Z</time>
            </trkpt>
            <trkpt lat="42.07692287400558" lon="-84.69711561695178">
                <ele>1185.1491355895985</ele>
                <time>2026-05-28T20:06:58.999775409Z</time>
            </trkpt>
            <trkpt lat="42.07647867504701" lon="-84.6971418523087">
                <ele>1183.1247215270985</ele>
                <time>2026-05-28T20:06:59.999769449Z</time>
            </trkpt>
            <trkpt lat="42.076033009255376" lon="-84.69716892585595">
                <ele>1180.844081878661</ele>
                <time>2026-05-28T20:07:00.999764680Z</time>
            </trkpt>
            <trkpt lat="42.075586840549555" lon="-84.69719239518483">
                <ele>1177.616542816161</ele>
                <time>2026-05-28T20:07:01.999759674Z</time>
            </trkpt>
            <trkpt lat="42.075142180586305" lon="-84.69722282149334">
                <ele>1173.686367034911</ele>
                <time>2026-05-28T20:07:02.999753952Z</time>
            </trkpt>
            <trkpt lat="42.07469634715661" lon="-84.69725911513407">
                <ele>1168.896572113036</ele>
                <time>2026-05-28T20:07:03.999749183Z</time>
            </trkpt>
            <trkpt lat="42.074251435736265" lon="-84.69729708515544">
                <ele>1164.100917816161</ele>
                <time>2026-05-28T20:07:04.999743461Z</time>
            </trkpt>
            <trkpt lat="42.07380308773561" lon="-84.69733765356679">
                <ele>1159.0207176208485</ele>
                <time>2026-05-28T20:07:05.999739170Z</time>
            </trkpt>
            <trkpt lat="42.07335302144482" lon="-84.69737998217782">
                <ele>1153.8122215270985</ele>
                <time>2026-05-28T20:07:06.999732971Z</time>
            </trkpt>
            <trkpt lat="42.072901991235156" lon="-84.69742532827398">
                <ele>1147.9394187927235</ele>
                <time>2026-05-28T20:07:07.999728202Z</time>
            </trkpt>
            <trkpt lat="42.07244597379311" lon="-84.69746883035144">
                <ele>1142.705898284911</ele>
                <time>2026-05-28T20:07:08.999723434Z</time>
            </trkpt>
            <trkpt lat="42.0719861006756" lon="-84.69751199715277">
                <ele>1137.5368309020985</ele>
                <time>2026-05-28T20:07:09.999717712Z</time>
            </trkpt>
            <trkpt lat="42.07152497027262" lon="-84.6975472011461">
                <ele>1132.377773284911</ele>
                <time>2026-05-28T20:07:10.999712944Z</time>
            </trkpt>
            <trkpt lat="42.07106233112707" lon="-84.69758441679618">
                <ele>1126.488613128661</ele>
                <time>2026-05-28T20:07:11.999707698Z</time>
            </trkpt>
            <trkpt lat="42.070594914296706" lon="-84.69761987224659">
                <ele>1122.0529441833485</ele>
                <time>2026-05-28T20:07:12.999701976Z</time>
            </trkpt>
            <trkpt lat="42.070127078371186" lon="-84.69766211703858">
                <ele>1117.5563621520985</ele>
                <time>2026-05-28T20:07:13.999696731Z</time>
            </trkpt>
            <trkpt lat="42.06966385249241" lon="-84.69771592885694">
                <ele>1113.199062347411</ele>
                <time>2026-05-28T20:07:14.999692201Z</time>
            </trkpt>
            <trkpt lat="42.06919077787741" lon="-84.69777761966428">
                <ele>1112.196376800536</ele>
                <time>2026-05-28T20:07:15.999686241Z</time>
            </trkpt>
            <trkpt lat="42.06871849954321" lon="-84.69784509398481">
                <ele>1112.2892723083485</ele>
                <time>2026-05-28T20:07:16.999681472Z</time>
            </trkpt>
            <trkpt lat="42.068245047742565" lon="-84.69790896408698">
                <ele>1112.790126800536</ele>
                <time>2026-05-28T20:07:17.999676227Z</time>
            </trkpt>
            <trkpt lat="42.0677699614708" lon="-84.69796252444824">
                <ele>1114.1669578552235</ele>
                <time>2026-05-28T20:07:19.000352859Z</time>
            </trkpt>
            <trkpt lat="42.06729671921774" lon="-84.69800845727762">
                <ele>1114.5710105895985</ele>
                <time>2026-05-28T20:07:20.000353336Z</time>
            </trkpt>
            <trkpt lat="42.066827793644805" lon="-84.69805514447829">
                <ele>1114.9201316833485</ele>
                <time>2026-05-28T20:07:21.000344514Z</time>
            </trkpt>
            <trkpt lat="42.06636603459908" lon="-84.69808825299582">
                <ele>1114.5680809020985</ele>
                <time>2026-05-28T20:07:22.000344038Z</time>
            </trkpt>
            <trkpt lat="42.065910478161705" lon="-84.69811909839949">
                <ele>1113.7968406677235</ele>
                <time>2026-05-28T20:07:23.000338554Z</time>
            </trkpt>
            <trkpt lat="42.06545550845755" lon="-84.69815229073605">
                <ele>1113.0671043395985</ele>
                <time>2026-05-28T20:07:24.000325679Z</time>
            </trkpt>
            <trkpt lat="42.06500221513404" lon="-84.69819453552803">
                <ele>1112.180263519286</ele>
                <time>2026-05-28T20:07:25.000319242Z</time>
            </trkpt>
            <trkpt lat="42.06455047246261" lon="-84.6982372832342">
                <ele>1109.187099456786</ele>
                <time>2026-05-28T20:07:26.000315666Z</time>
            </trkpt>
            <trkpt lat="42.06410199873341" lon="-84.69828045003554">
                <ele>1106.3620262145985</ele>
                <time>2026-05-28T20:07:27.000302314Z</time>
            </trkpt>
            <trkpt lat="42.06365331545664" lon="-84.69832277864656">
                <ele>1102.793788909911</ele>
                <time>2026-05-28T20:07:28.000295639Z</time>
            </trkpt>
            <trkpt lat="42.0632039197181" lon="-84.69836653218111">
                <ele>1098.318691253661</ele>
                <time>2026-05-28T20:07:29.000288248Z</time>
            </trkpt>
            <trkpt lat="42.06275368578924" lon="-84.69841254882952">
                <ele>1093.1632957458485</ele>
                <time>2026-05-28T20:07:30.000273704Z</time>
            </trkpt>
            <trkpt lat="42.06230458341731" lon="-84.69845839783987">
                <ele>1087.5287742614735</ele>
                <time>2026-05-28T20:07:31.000268936Z</time>
            </trkpt>
            <trkpt lat="42.06185082908912" lon="-84.69850055881282">
                <ele>1081.9560203552235</ele>
                <time>2026-05-28T20:07:32.000262737Z</time>
            </trkpt>
            <trkpt lat="42.06139229707612" lon="-84.69853735536775">
                <ele>1077.1877098083485</ele>
                <time>2026-05-28T20:07:33.000249385Z</time>
            </trkpt>
            <trkpt lat="42.0609337231536" lon="-84.69856836840948">
                <ele>1073.8334617614735</ele>
                <time>2026-05-28T20:07:34.000235080Z</time>
            </trkpt>
            <trkpt lat="42.06047108400805" lon="-84.69859435230931">
                <ele>1071.6366844177235</ele>
                <time>2026-05-28T20:07:35.000222206Z</time>
            </trkpt>
            <trkpt lat="42.0600084448625" lon="-84.69861622907659">
                <ele>1070.2724266052235</ele>
                <time>2026-05-28T20:07:36.000209331Z</time>
            </trkpt>
            <trkpt lat="42.05954727255" lon="-84.69863508835873">
                <ele>1069.5331687927235</ele>
                <time>2026-05-28T20:07:37.000197172Z</time>
            </trkpt>
            <trkpt lat="42.05908790234668" lon="-84.69865813859245">
                <ele>1069.835781097411</ele>
                <time>2026-05-28T20:07:38.000185012Z</time>
            </trkpt>
            <trkpt lat="42.05863167535705" lon="-84.6986852121397">
                <ele>1071.072597503661</ele>
                <time>2026-05-28T20:07:39.000172853Z</time>
            </trkpt>
            <trkpt lat="42.05817708283854" lon="-84.69871069312534">
                <ele>1072.4552879333485</ele>
                <time>2026-05-28T20:07:40.000162124Z</time>
            </trkpt>
            <trkpt lat="42.05773091413272" lon="-84.69873726375839">
                <ele>1074.508388519286</ele>
                <time>2026-05-28T20:07:41.000150680Z</time>
            </trkpt>
            <trkpt lat="42.05728839155478" lon="-84.69876467258176">
                <ele>1076.9555320739735</ele>
                <time>2026-05-28T20:07:42.000139951Z</time>
            </trkpt>
            <trkpt lat="42.05684804827166" lon="-84.69879300341448">
                <ele>1078.747890472411</ele>
                <time>2026-05-28T20:07:43.000130176Z</time>
            </trkpt>
            <trkpt lat="42.056410638654654" lon="-84.6988215857043">
                <ele>1080.327236175536</ele>
                <time>2026-05-28T20:07:44.000119924Z</time>
            </trkpt>
            <trkpt lat="42.0559712592904" lon="-84.69885352075538">
                <ele>1080.993495941161</ele>
                <time>2026-05-28T20:07:45.000109672Z</time>
            </trkpt>
            <trkpt lat="42.0555388788153" lon="-84.69887422405621">
                <ele>1080.774013519286</ele>
                <time>2026-05-28T20:07:46.000100612Z</time>
            </trkpt>
            <trkpt lat="42.05510561824036" lon="-84.69889509499511">
                <ele>1080.587734222411</ele>
                <time>2026-05-28T20:07:47.000091075Z</time>
            </trkpt>
            <trkpt lat="42.05466787334723" lon="-84.69891102061113">
                <ele>1080.2630271911612</ele>
                <time>2026-05-28T20:07:48.000081777Z</time>
            </trkpt>
            <trkpt lat="42.05422845207346" lon="-84.6989281196936">
                <ele>1080.4784812927235</ele>
                <time>2026-05-28T20:07:49.000072479Z</time>
            </trkpt>
            <trkpt lat="42.053785468490844" lon="-84.69894345857641">
                <ele>1081.6896629333485</ele>
                <time>2026-05-28T20:07:50.000064134Z</time>
            </trkpt>
            <trkpt lat="42.05333561174763" lon="-84.69895393595537">
                <ele>1082.3390769958485</ele>
                <time>2026-05-28T20:07:51.000055074Z</time>
            </trkpt>
            <trkpt lat="42.05288533590925" lon="-84.69896391042015">
                <ele>1082.171718597411</ele>
                <time>2026-05-28T20:07:52.000046730Z</time>
            </trkpt>
            <trkpt lat="42.052430533843165" lon="-84.69898763120612">
                <ele>1082.641689300536</ele>
                <time>2026-05-28T20:07:53.000038623Z</time>
            </trkpt>
            <trkpt lat="42.05197916835738" lon="-84.69901445329627">
                <ele>1083.2074851989735</ele>
                <time>2026-05-28T20:07:54.000030040Z</time>
            </trkpt>
            <trkpt lat="42.05152838960481" lon="-84.6990528424128">
                <ele>1084.567714691161</ele>
                <time>2026-05-28T20:07:55.000021696Z</time>
            </trkpt>
            <trkpt lat="42.05107346181017" lon="-84.69908854932031">
                <ele>1086.3598289489735</ele>
                <time>2026-05-28T20:07:56.000014066Z</time>
            </trkpt>
            <trkpt lat="42.05062012657714" lon="-84.6991183888956">
                <ele>1088.3647117614735</ele>
                <time>2026-05-28T20:07:57.000006437Z</time>
            </trkpt>
            <trkpt lat="42.0497153839488" lon="-84.69917722985586">
                <ele>1090.5485496520985</ele>
                <time>2026-05-28T20:07:58.999990940Z</time>
            </trkpt>
            <trkpt lat="42.049263808915434" lon="-84.69920916490695">
                <ele>1091.470302581786</ele>
                <time>2026-05-28T20:07:59.999984025Z</time>
            </trkpt>
            <trkpt lat="42.04881768211913" lon="-84.6992412675961">
                <ele>1091.8730125427235</ele>
                <time>2026-05-28T20:08:00.999976634Z</time>
            </trkpt>
            <trkpt lat="42.04837054949444" lon="-84.69927848324618">
                <ele>1092.559169769286</ele>
                <time>2026-05-28T20:08:01.999969244Z</time>
            </trkpt>
            <trkpt lat="42.04792421315056" lon="-84.69931963839075">
                <ele>1093.1796531677235</ele>
                <time>2026-05-28T20:08:02.999961376Z</time>
            </trkpt>
            <trkpt lat="42.047480391377626" lon="-84.69936456539175">
                <ele>1092.8410301208485</ele>
                <time>2026-05-28T20:08:03.999954223Z</time>
            </trkpt>
            <trkpt lat="42.04703841362339" lon="-84.6994156950011">
                <ele>1093.060390472411</ele>
                <time>2026-05-28T20:08:04.999947071Z</time>
            </trkpt>
            <trkpt lat="42.046597148330925" lon="-84.69946623787722">
                <ele>1093.296474456786</ele>
                <time>2026-05-28T20:08:05.999940633Z</time>
            </trkpt>
            <trkpt lat="42.04615596685749" lon="-84.69952013351461">
                <ele>1093.4516258239735</ele>
                <time>2026-05-28T20:08:06.999933242Z</time>
            </trkpt>
            <trkpt lat="42.045714198650835" lon="-84.69957553789457">
                <ele>1093.288417816161</ele>
                <time>2026-05-28T20:08:07.999926567Z</time>
            </trkpt>
            <trkpt lat="42.0452714246158" lon="-84.69963580377838">
                <ele>1092.366786956786</ele>
                <time>2026-05-28T20:08:08.999920129Z</time>
            </trkpt>
            <trkpt lat="42.044825884552715" lon="-84.69969858423313">
                <ele>1091.1667137145985</ele>
                <time>2026-05-28T20:08:09.999912500Z</time>
            </trkpt>
            <trkpt lat="42.0443829009701" lon="-84.69976505272528">
                <ele>1090.1777000427235</ele>
                <time>2026-05-28T20:08:10.999906063Z</time>
            </trkpt>
            <trkpt lat="42.04393954020184" lon="-84.69981894836268">
                <ele>1089.2211570739735</ele>
                <time>2026-05-28T20:08:11.999899148Z</time>
            </trkpt>
            <trkpt lat="42.043495634609876" lon="-84.69985658310792">
                <ele>1088.359951019286</ele>
                <time>2026-05-28T20:08:12.999893188Z</time>
            </trkpt>
            <trkpt lat="42.04305298630338" lon="-84.69987024561009">
                <ele>1087.537685394286</ele>
                <time>2026-05-28T20:08:13.999885559Z</time>
            </trkpt>
            <trkpt lat="42.04261113427769" lon="-84.69985825948855">
                <ele>1086.340663909911</ele>
                <time>2026-05-28T20:08:14.999879360Z</time>
            </trkpt>
            <trkpt lat="42.04217309601795" lon="-84.69980310656568">
                <ele>1085.2865867614735</ele>
                <time>2026-05-28T20:08:15.999872922Z</time>
            </trkpt>
            <trkpt lat="42.04174214046638" lon="-84.69971543185851">
                <ele>1084.1549949645987</ele>
                <time>2026-05-28T20:08:16.999866485Z</time>
            </trkpt>
            <trkpt lat="42.0413206564654" lon="-84.69958442271194">
                <ele>1082.5558738708487</ele>
                <time>2026-05-28T20:08:17.999859809Z</time>
            </trkpt>
            <trkpt lat="42.040908350648394" lon="-84.69941753901979">
                <ele>1080.7795066833485</ele>
                <time>2026-05-28T20:08:18.999853610Z</time>
            </trkpt>
            <trkpt lat="42.040504762010684" lon="-84.69921260148725">
                <ele>1078.4784812927235</ele>
                <time>2026-05-28T20:08:19.999847412Z</time>
            </trkpt>
            <trkpt lat="42.04011487778466" lon="-84.69897321433267">
                <ele>1076.243740081786</ele>
                <time>2026-05-28T20:08:20.999841213Z</time>
            </trkpt>
            <trkpt lat="42.039737943599036" lon="-84.69869610861382">
                <ele>1073.7953758239735</ele>
                <time>2026-05-28T20:08:21.999833822Z</time>
            </trkpt>
            <trkpt lat="42.03937458809655" lon="-84.69838052995941">
                <ele>1071.856288909911</ele>
                <time>2026-05-28T20:08:22.999828338Z</time>
            </trkpt>
            <trkpt lat="42.039028625043144" lon="-84.69803418972036">
                <ele>1069.617031097411</ele>
                <time>2026-05-28T20:08:23.999821186Z</time>
            </trkpt>
            <trkpt lat="42.03869720459174" lon="-84.69766220085761">
                <ele>1068.1156883239735</ele>
                <time>2026-05-28T20:08:24.999815464Z</time>
            </trkpt>
            <trkpt lat="42.03838652935069" lon="-84.6972628869905">
                <ele>1066.089687347411</ele>
                <time>2026-05-28T20:08:25.999808549Z</time>
            </trkpt>
            <trkpt lat="42.038094461934676" lon="-84.69683809213777">
                <ele>1064.7469139099112</ele>
                <time>2026-05-28T20:08:26.999803066Z</time>
            </trkpt>
            <trkpt lat="42.03782401982885" lon="-84.69639510855515">
                <ele>1063.8827781677237</ele>
                <time>2026-05-28T20:08:27.999796867Z</time>
            </trkpt>
            <trkpt lat="42.03757947780382" lon="-84.695934858252">
                <ele>1064.649013519286</ele>
                <time>2026-05-28T20:08:28.999790668Z</time>
            </trkpt>
            <trkpt lat="42.03736205123555" lon="-84.69545566484769">
                <ele>1066.580898284911</ele>
                <time>2026-05-28T20:08:29.999783992Z</time>
            </trkpt>
            <trkpt lat="42.03717739790868" lon="-84.69496926300664">
                <ele>1069.5487937927235</ele>
                <time>2026-05-28T20:08:30.999777793Z</time>
            </trkpt>
            <trkpt lat="42.03702245842855" lon="-84.69447657473822">
                <ele>1072.977382659911</ele>
                <time>2026-05-28T20:08:31.999771595Z</time>
            </trkpt>
            <trkpt lat="42.03689807098549" lon="-84.69398397028883">
                <ele>1076.000331878661</ele>
                <time>2026-05-28T20:08:32.999764919Z</time>
            </trkpt>
            <trkpt lat="42.036803187841585" lon="-84.69348818071623">
                <ele>1078.4252586364737</ele>
                <time>2026-05-28T20:08:33.999758720Z</time>
            </trkpt>
            <trkpt lat="42.036735587792506" lon="-84.69299222350557">
                <ele>1080.208095550536</ele>
                <time>2026-05-28T20:08:34.999753236Z</time>
            </trkpt>
            <trkpt lat="42.036698665509036" lon="-84.69249433845718">
                <ele>1081.085048675536</ele>
                <time>2026-05-28T20:08:35.999746799Z</time>
            </trkpt>
            <trkpt lat="42.03668701466363" lon="-84.69199402265687">
                <ele>1081.2221336364735</ele>
                <time>2026-05-28T20:08:36.999740123Z</time>
            </trkpt>
            <trkpt lat="42.0366977854092" lon="-84.69149923891266">
                <ele>1081.151454925536</ele>
                <time>2026-05-28T20:08:37.999733686Z</time>
            </trkpt>
            <trkpt lat="42.0367305586506" lon="-84.69100470662553">
                <ele>1080.3781394958485</ele>
                <time>2026-05-28T20:08:38.999727725Z</time>
            </trkpt>
            <trkpt lat="42.03679078262489" lon="-84.69051813714643">
                <ele>1079.1921043395985</ele>
                <time>2026-05-28T20:08:39.999722480Z</time>
            </trkpt>
            <trkpt lat="42.03686923723858" lon="-84.69003131621022">
                <ele>1077.853847503661</ele>
                <time>2026-05-28T20:08:40.999715805Z</time>
            </trkpt>
            <trkpt lat="42.03696822751503" lon="-84.68955011114915">
                <ele>1076.487148284911</ele>
                <time>2026-05-28T20:08:41.999709129Z</time>
            </trkpt>
            <trkpt lat="42.03709211204391" lon="-84.68908131130476">
                <ele>1075.502040863036</ele>
                <time>2026-05-28T20:08:42.999703407Z</time>
            </trkpt>
            <trkpt lat="42.03724286057245" lon="-84.68862726360996">
                <ele>1074.743007659911</ele>
                <time>2026-05-28T20:08:43.999696731Z</time>
            </trkpt>
            <trkpt lat="42.037411965468934" lon="-84.68818553731282">
                <ele>1074.040370941161</ele>
                <time>2026-05-28T20:08:44.999691009Z</time>
            </trkpt>
            <trkpt lat="42.037607431450894" lon="-84.68776057482202">
                <ele>1074.0412254333485</ele>
                <time>2026-05-28T20:08:45.999685287Z</time>
            </trkpt>
            <trkpt lat="42.03782741449963" lon="-84.68735950075526">
                <ele>1073.8559226989735</ele>
                <time>2026-05-28T20:08:46.999678850Z</time>
            </trkpt>
            <trkpt lat="42.03806831039678" lon="-84.68698583551188">
                <ele>1074.669033050536</ele>
                <time>2026-05-28T20:08:47.999672412Z</time>
            </trkpt>
            <trkpt lat="42.03833095733266" lon="-84.68663320884545">
                <ele>1075.357021331786</ele>
                <time>2026-05-28T20:08:48.999666690Z</time>
            </trkpt>
            <trkpt lat="42.03860982325118" lon="-84.68631260104914">
                <ele>1076.493007659911</ele>
                <time>2026-05-28T20:08:49.999660253Z</time>
            </trkpt>
            <trkpt lat="42.038904363328626" lon="-84.68602275483747">
                <ele>1077.847255706786</ele>
                <time>2026-05-28T20:08:50.999654531Z</time>
            </trkpt>
            <trkpt lat="42.03921067998003" lon="-84.68576023363013">
                <ele>1079.5551414489735</ele>
                <time>2026-05-28T20:08:51.999648809Z</time>
            </trkpt>
            <trkpt lat="42.03952843792926" lon="-84.68552595943649">
                <ele>1081.9512596130362</ele>
                <time>2026-05-28T20:08:52.999642133Z</time>
            </trkpt>
            <trkpt lat="42.0398565056194" lon="-84.68531833969493">
                <ele>1084.868495941161</ele>
                <time>2026-05-28T20:08:53.999636650Z</time>
            </trkpt>
            <trkpt lat="42.04018855471354" lon="-84.68513812877674">
                <ele>1087.482753753661</ele>
                <time>2026-05-28T20:08:54.999630451Z</time>
            </trkpt>
            <trkpt lat="42.040525381492486" lon="-84.68498557813902">
                <ele>1090.4284324645985</ele>
                <time>2026-05-28T20:08:55.999623775Z</time>
            </trkpt>
            <trkpt lat="42.04086811751317" lon="-84.68485993341048">
                <ele>1093.2509422302235</ele>
                <time>2026-05-28T20:08:56.999617576Z</time>
            </trkpt>
            <trkpt lat="42.04121118880998" lon="-84.6847674810185">
                <ele>1095.6820945739735</ele>
                <time>2026-05-28T20:08:57.999611854Z</time>
            </trkpt>
            <trkpt lat="42.04155593648743" lon="-84.6847032756402">
                <ele>1098.4037742614735</ele>
                <time>2026-05-28T20:08:58.999606370Z</time>
            </trkpt>
            <trkpt lat="42.041901270898094" lon="-84.68466346160014">
                <ele>1100.388271331786</ele>
                <time>2026-05-28T20:08:59.999599933Z</time>
            </trkpt>
            <trkpt lat="42.04224773686569" lon="-84.68464879326959">
                <ele>1101.673915863036</ele>
                <time>2026-05-28T20:09:00.999593734Z</time>
            </trkpt>
            <trkpt lat="42.04259671740424" lon="-84.68465348713536">
                <ele>1102.404384613036</ele>
                <time>2026-05-28T20:09:01.999588012Z</time>
            </trkpt>
            <trkpt lat="42.042945697942784" lon="-84.68467243023653">
                <ele>1102.1115379333485</ele>
                <time>2026-05-28T20:09:02.999582290Z</time>
            </trkpt>
            <trkpt lat="42.04329836651873" lon="-84.68470495202084">
                <ele>1101.609706878661</ele>
                <time>2026-05-28T20:09:03.999575614Z</time>
            </trkpt>
            <trkpt lat="42.043651244642255" lon="-84.68474183239479">
                <ele>1100.363368988036</ele>
                <time>2026-05-28T20:09:04.999569892Z</time>
            </trkpt>
            <trkpt lat="42.04400760125559" lon="-84.6847775393023">
                <ele>1098.597988128661</ele>
                <time>2026-05-28T20:09:05.999563932Z</time>
            </trkpt>
            <trkpt lat="42.044368567915676" lon="-84.68481182128627">
                <ele>1096.6361961364735</ele>
                <time>2026-05-28T20:09:06.999557256Z</time>
            </trkpt>
            <trkpt lat="42.044736156279264" lon="-84.68484115794737">
                <ele>1094.984706878661</ele>
                <time>2026-05-28T20:09:07.999551534Z</time>
            </trkpt>
            <trkpt lat="42.045109570065556" lon="-84.6848724224462">
                <ele>1092.879726409911</ele>
                <time>2026-05-28T20:09:08.999544858Z</time>
            </trkpt>
            <trkpt lat="42.04548558224183" lon="-84.68490460895438">
                <ele>1091.023281097411</ele>
                <time>2026-05-28T20:09:09.999539375Z</time>
            </trkpt>
            <trkpt lat="42.04586540818405" lon="-84.68493721455772">
                <ele>1089.555019378661</ele>
                <time>2026-05-28T20:09:10.999533653Z</time>
            </trkpt>
            <trkpt lat="42.04624904789221" lon="-84.68497216709395">
                <ele>1088.725673675536</ele>
                <time>2026-05-28T20:09:11.999526977Z</time>
            </trkpt>
            <trkpt lat="42.046634783076165" lon="-84.68500946656306">
                <ele>1088.240810394286</ele>
                <time>2026-05-28T20:09:12.999521017Z</time>
            </trkpt>
            <trkpt lat="42.04702164981705" lon="-84.68505674049695">
                <ele>1088.639736175536</ele>
                <time>2026-05-28T20:09:13.999515056Z</time>
            </trkpt>
            <trkpt lat="42.04741157595259" lon="-84.68511222869594">
                <ele>1089.305995941161</ele>
                <time>2026-05-28T20:09:14.999508857Z</time>
            </trkpt>
            <trkpt lat="42.04780322037828" lon="-84.68517123729427">
                <ele>1090.8473777770985</ele>
                <time>2026-05-28T20:09:15.999502658Z</time>
            </trkpt>
            <trkpt lat="42.04818950038594" lon="-84.68523954980512">
                <ele>1092.9328269958485</ele>
                <time>2026-05-28T20:09:16.999497175Z</time>
            </trkpt>
            <trkpt lat="42.048574690746186" lon="-84.6853076946779">
                <ele>1094.941249847411</ele>
                <time>2026-05-28T20:09:17.999490737Z</time>
            </trkpt>
            <trkpt lat="42.04895757608306" lon="-84.68537751593132">
                <ele>1097.151210784911</ele>
                <time>2026-05-28T20:09:18.999484300Z</time>
            </trkpt>
            <trkpt lat="42.049341802524445" lon="-84.68544557698507">
                <ele>1098.356044769286</ele>
                <time>2026-05-28T20:09:19.999479293Z</time>
            </trkpt>
            <trkpt lat="42.04972619660389" lon="-84.68551246457238">
                <ele>1099.5177879333485</ele>
                <time>2026-05-28T20:09:20.999472618Z</time>
            </trkpt>
            <trkpt lat="42.05011088404995" lon="-84.685577508141">
                <ele>1099.5160789489735</ele>
                <time>2026-05-28T20:09:21.999466657Z</time>
            </trkpt>
            <trkpt lat="42.05049578104359" lon="-84.68563861221512">
                <ele>1099.4484519958485</ele>
                <time>2026-05-28T20:09:22.999460697Z</time>
            </trkpt>
            <trkpt lat="42.05088206105125" lon="-84.68569267549057">
                <ele>1098.772304534911</ele>
                <time>2026-05-28T20:09:23.999454021Z</time>
            </trkpt>
            <trkpt lat="42.05126951452536" lon="-84.68574036851962">
                <ele>1098.076503753661</ele>
                <time>2026-05-28T20:09:25.000017881Z</time>
            </trkpt>
            <trkpt lat="42.05165868628961" lon="-84.68578462496836">
                <ele>1097.3791160583485</ele>
                <time>2026-05-28T20:09:26.000021457Z</time>
            </trkpt>
            <trkpt lat="42.052047271320646" lon="-84.68581714675267">
                <ele>1097.0592918395985</ele>
                <time>2026-05-28T20:09:27.000015974Z</time>
            </trkpt>
            <trkpt lat="42.05243920911295" lon="-84.68584229246218">
                <ele>1096.137050628661</ele>
                <time>2026-05-28T20:09:28.000019073Z</time>
            </trkpt>
            <trkpt lat="42.05282963816268" lon="-84.68586173847754">
                <ele>1095.066982269286</ele>
                <time>2026-05-28T20:09:29.000020503Z</time>
            </trkpt>
            <trkpt lat="42.05322149213595" lon="-84.68587875374098">
                <ele>1094.476161956786</ele>
                <time>2026-05-28T20:09:30.000014781Z</time>
            </trkpt>
            <trkpt lat="42.053610538171654" lon="-84.68589300297637">
                <ele>1093.567714691161</ele>
                <time>2026-05-28T20:09:31.000014781Z</time>
            </trkpt>
            <trkpt lat="42.05399887174559" lon="-84.68591202989657">
                <ele>1092.9662742614735</ele>
                <time>2026-05-28T20:09:32.000017166Z</time>
            </trkpt>
            <trkpt lat="42.05438548702938" lon="-84.68593080535967">
                <ele>1091.5216941833485</ele>
                <time>2026-05-28T20:09:33.000010490Z</time>
            </trkpt>
            <trkpt lat="42.05477168321801" lon="-84.68595083810825">
                <ele>1089.421718597411</ele>
                <time>2026-05-28T20:09:34.000013828Z</time>
            </trkpt>
            <trkpt lat="42.05515943005872" lon="-84.68596592553396">
                <ele>1087.1974754333485</ele>
                <time>2026-05-28T20:09:35.000013351Z</time>
            </trkpt>
            <trkpt lat="42.05554788936121" lon="-84.68598520391126">
                <ele>1084.7951316833485</ele>
                <time>2026-05-28T20:09:36.000006675Z</time>
            </trkpt>
            <trkpt lat="42.05593660012079" lon="-84.68600615866919">
                <ele>1082.364101409911</ele>
                <time>2026-05-28T20:09:37.000010013Z</time>
            </trkpt>
            <trkpt lat="42.05632547851843" lon="-84.68602702960808">
                <ele>1080.115566253661</ele>
                <time>2026-05-28T20:09:38.000013589Z</time>
            </trkpt>
            <trkpt lat="42.056715069377844" lon="-84.68604924165149">
                <ele>1078.0121726989735</ele>
                <time>2026-05-28T20:09:39.000008106Z</time>
            </trkpt>
            <trkpt lat="42.05710382204694" lon="-84.68607271098037">
                <ele>1076.4828758239735</ele>
                <time>2026-05-28T20:09:40.000002384Z</time>
            </trkpt>
            <trkpt lat="42.05787960909498" lon="-84.68611755416234">
                <ele>1075.2161521911612</ele>
                <time>2026-05-28T20:09:41.999992132Z</time>
            </trkpt>
            <trkpt lat="42.05826509282184" lon="-84.68613289304514">
                <ele>1074.544765472411</ele>
                <time>2026-05-28T20:09:42.999986648Z</time>
            </trkpt>
            <trkpt lat="42.05864944499177" lon="-84.68614320278604">
                <ele>1074.2486228942862</ele>
                <time>2026-05-28T20:09:43.999980926Z</time>
            </trkpt>
            <trkpt lat="42.05902843274368" lon="-84.68615686528821">
                <ele>1073.2984275817862</ele>
                <time>2026-05-28T20:09:44.999975681Z</time>
            </trkpt>
            <trkpt lat="42.05940461255802" lon="-84.68616818085749">
                <ele>1072.0478172302235</ele>
                <time>2026-05-28T20:09:45.999969959Z</time>
            </trkpt>
            <trkpt lat="42.05977915790124" lon="-84.68617580838938">
                <ele>1070.866298675536</ele>
                <time>2026-05-28T20:09:46.999964475Z</time>
            </trkpt>
            <trkpt lat="42.06015039239271" lon="-84.68618125662644">
                <ele>1069.389980316161</ele>
                <time>2026-05-28T20:09:47.999959230Z</time>
            </trkpt>
            <trkpt lat="42.06052057914628" lon="-84.68618377119739">
                <ele>1067.8722801208485</ele>
                <time>2026-05-28T20:09:48.999953269Z</time>
            </trkpt>
            <trkpt lat="42.06089349001838" lon="-84.68618561521609">
                <ele>1066.1076316833485</ele>
                <time>2026-05-28T20:09:49.999947547Z</time>
            </trkpt>
            <trkpt lat="42.06126493405743" lon="-84.68619081199606">
                <ele>1065.1833152770987</ele>
                <time>2026-05-28T20:09:50.999941825Z</time>
            </trkpt>
            <trkpt lat="42.06163809638662" lon="-84.6861972660615">
                <ele>1064.549892425536</ele>
                <time>2026-05-28T20:09:51.999936103Z</time>
            </trkpt>
            <trkpt lat="42.06201398283435" lon="-84.68620539650757">
                <ele>1064.155849456786</ele>
                <time>2026-05-28T20:09:52.999931097Z</time>
            </trkpt>
            <trkpt lat="42.06239288676722" lon="-84.68622417197068">
                <ele>1064.7251853942862</ele>
                <time>2026-05-28T20:09:53.999924898Z</time>
            </trkpt>
            <trkpt lat="42.062766174824965" lon="-84.68625141315599">
                <ele>1064.6608543395987</ele>
                <time>2026-05-28T20:09:54.999919414Z</time>
            </trkpt>
            <trkpt lat="42.0631391695161" lon="-84.68629064046283">
                <ele>1065.336025238036</ele>
                <time>2026-05-28T20:09:55.999913215Z</time>
            </trkpt>
            <trkpt lat="42.063511032650304" lon="-84.68633481309254">
                <ele>1066.247646331786</ele>
                <time>2026-05-28T20:09:56.999907732Z</time>
            </trkpt>
            <trkpt lat="42.0638799621184" lon="-84.68637781225581">
                <ele>1066.3321189880362</ele>
                <time>2026-05-28T20:09:57.999901771Z</time>
            </trkpt>
            <trkpt lat="42.064248388672304" lon="-84.6864145249917">
                <ele>1066.649745941161</ele>
                <time>2026-05-28T20:09:58.999895572Z</time>
            </trkpt>
            <trkpt lat="42.06461702477379" lon="-84.68644503511925">
                <ele>1066.6752586364735</ele>
                <time>2026-05-28T20:09:59.999890089Z</time>
            </trkpt>
            <trkpt lat="42.06498536750866" lon="-84.68647747308452">
                <ele>1066.9196434020985</ele>
                <time>2026-05-28T20:10:00.999884605Z</time>
            </trkpt>
            <trkpt lat="42.06535195004387" lon="-84.68651410200138">
                <ele>1066.7382469177235</ele>
                <time>2026-05-28T20:10:01.999878883Z</time>
            </trkpt>
            <trkpt lat="42.06571978986455" lon="-84.68655316167016">
                <ele>1066.8649559020985</ele>
                <time>2026-05-28T20:10:02.999872207Z</time>
            </trkpt>
            <trkpt lat="42.06608557611896" lon="-84.68658987440605">
                <ele>1066.6640281677235</ele>
                <time>2026-05-28T20:10:03.999866485Z</time>
            </trkpt>
            <trkpt lat="42.066453457849164" lon="-84.6866256651326">
                <ele>1066.2134666442862</ele>
                <time>2026-05-28T20:10:04.999861001Z</time>
            </trkpt>
            <trkpt lat="42.0668227645029" lon="-84.68666388661106">
                <ele>1065.651699066161</ele>
                <time>2026-05-28T20:10:05.999854564Z</time>
            </trkpt>
            <trkpt lat="42.06719387326582" lon="-84.68670445502241">
                <ele>1065.289150238036</ele>
                <time>2026-05-28T20:10:06.999849319Z</time>
            </trkpt>
            <trkpt lat="42.06756481439068" lon="-84.68675256714661">
                <ele>1065.053066253661</ele>
                <time>2026-05-28T20:10:07.999842882Z</time>
            </trkpt>
            <trkpt lat="42.0679322351162" lon="-84.6868019365563">
                <ele>1064.913906097411</ele>
                <time>2026-05-28T20:10:08.999836921Z</time>
            </trkpt>
            <trkpt lat="42.06830112267478" lon="-84.68685013249953">
                <ele>1064.7611961364737</ele>
                <time>2026-05-28T20:10:09.999830484Z</time>
            </trkpt>
            <trkpt lat="42.06867344681366" lon="-84.68689640060504">
                <ele>1064.5993309020985</ele>
                <time>2026-05-28T20:10:10.999825477Z</time>
            </trkpt>
            <trkpt lat="42.06904585477157" lon="-84.68694367453892">
                <ele>1064.1370506286612</ele>
                <time>2026-05-28T20:10:11.999818801Z</time>
            </trkpt>
            <trkpt lat="42.06941729881062" lon="-84.6869969834431">
                <ele>1064.4372215270985</ele>
                <time>2026-05-28T20:10:12.999813079Z</time>
            </trkpt>
            <trkpt lat="42.06978920385434" lon="-84.68705255546112">
                <ele>1064.604091644286</ele>
                <time>2026-05-28T20:10:13.999806880Z</time>
            </trkpt>
            <trkpt lat="42.0701590972413" lon="-84.68710754074593">
                <ele>1065.0365867614735</ele>
                <time>2026-05-28T20:10:14.999800682Z</time>
            </trkpt>
            <trkpt lat="42.070531882384856" lon="-84.68716302894492">
                <ele>1065.1867332458487</ele>
                <time>2026-05-28T20:10:15.999794483Z</time>
            </trkpt>
            <trkpt lat="42.07090487707599" lon="-84.68721943915327">
                <ele>1065.287929534911</ele>
                <time>2026-05-28T20:10:16.999789237Z</time>
            </trkpt>
            <trkpt lat="42.07127736885293" lon="-84.68727333479066">
                <ele>1065.208339691161</ele>
                <time>2026-05-28T20:10:17.999783039Z</time>
            </trkpt>
            <trkpt lat="42.07164830997779" lon="-84.68732798479934">
                <ele>1065.2421531677235</ele>
                <time>2026-05-28T20:10:18.999776840Z</time>
            </trkpt>
            <trkpt lat="42.072018245274265" lon="-84.68737534255226">
                <ele>1065.872402191161</ele>
                <time>2026-05-28T20:10:19.999771595Z</time>
            </trkpt>
            <trkpt lat="42.072389563584764" lon="-84.6874164138778">
                <ele>1066.1667137145985</ele>
                <time>2026-05-28T20:10:20.999764680Z</time>
            </trkpt>
            <trkpt lat="42.072757822500606" lon="-84.68746041886945">
                <ele>1066.725429534911</ele>
                <time>2026-05-28T20:10:21.999758720Z</time>
            </trkpt>
            <trkpt lat="42.07312587186887" lon="-84.68750266366143">
                <ele>1068.0673484802235</ele>
                <time>2026-05-28T20:10:22.999752521Z</time>
            </trkpt>
            <trkpt lat="42.07349128093763" lon="-84.68755111106177">
                <ele>1068.876308441161</ele>
                <time>2026-05-28T20:10:23.999746322Z</time>
            </trkpt>
            <trkpt lat="42.07385949794396" lon="-84.68759813353856">
                <ele>1068.8948631286612</ele>
                <time>2026-05-28T20:10:24.999740600Z</time>
            </trkpt>
            <trkpt lat="42.074227253945615" lon="-84.68764515601535">
                <ele>1068.008388519286</ele>
                <time>2026-05-28T20:10:25.999733924Z</time>
            </trkpt>
            <trkpt lat="42.07459873989418" lon="-84.68768874191184">
                <ele>1067.3118553161612</ele>
                <time>2026-05-28T20:10:26.999728679Z</time>
            </trkpt>
            <trkpt lat="42.074971399309185" lon="-84.68773283072252">
                <ele>1067.0109519958485</ele>
                <time>2026-05-28T20:10:27.999722242Z</time>
            </trkpt>
            <trkpt lat="42.075346866661754" lon="-84.68778169721801">
                <ele>1067.3495750427235</ele>
                <time>2026-05-28T20:10:28.999716758Z</time>
            </trkpt>
            <trkpt lat="42.07572472285673" lon="-84.68783517376025">
                <ele>1067.7621726989735</ele>
                <time>2026-05-28T20:10:29.999710321Z</time>
            </trkpt>
            <trkpt lat="42.076106015632" lon="-84.6878894884928">
                <ele>1068.4971580505362</ele>
                <time>2026-05-28T20:10:30.999704122Z</time>
            </trkpt>
            <trkpt lat="42.07648039333716" lon="-84.68794531196792">
                <ele>1070.2699851989735</ele>
                <time>2026-05-28T20:10:31.999698162Z</time>
            </trkpt>
            <trkpt lat="42.07685229838088" lon="-84.68800222509046">
                <ele>1072.8197898864735</ele>
                <time>2026-05-28T20:10:32.999692916Z</time>
            </trkpt>
            <trkpt lat="42.077217665540125" lon="-84.6880691964968">
                <ele>1076.0810203552235</ele>
                <time>2026-05-28T20:10:33.999686717Z</time>
            </trkpt>
            <trkpt lat="42.077580685766485" lon="-84.6881448012634">
                <ele>1080.136806488036</ele>
                <time>2026-05-28T20:10:34.999680042Z</time>
            </trkpt>
            <trkpt lat="42.07793754529401" lon="-84.6882243455245">
                <ele>1085.508388519286</ele>
                <time>2026-05-28T20:10:35.999674320Z</time>
            </trkpt>
            <trkpt lat="42.07827789247229" lon="-84.68831118204136">
                <ele>1091.451747894286</ele>
                <time>2026-05-28T20:10:36.999668121Z</time>
            </trkpt>
            <trkpt lat="42.07861404869899" lon="-84.6884008684053">
                <ele>1100.1943016052235</ele>
                <time>2026-05-28T20:10:37.999661922Z</time>
            </trkpt>
            <trkpt lat="42.07894245166525" lon="-84.68849533245404">
                <ele>1107.646327972411</ele>
                <time>2026-05-28T20:10:38.999655246Z</time>
            </trkpt>
            <trkpt lat="42.07926117353335" lon="-84.68859340072115">
                <ele>1115.170009613036</ele>
                <time>2026-05-28T20:10:39.999649286Z</time>
            </trkpt>
            <trkpt lat="42.07957972776338" lon="-84.68869356446405">
                <ele>1122.844326019286</ele>
                <time>2026-05-28T20:10:40.999644041Z</time>
            </trkpt>
            <trkpt lat="42.0798966475223" lon="-84.68879641041596">
                <ele>1128.638027191161</ele>
                <time>2026-05-28T20:10:41.999637603Z</time>
            </trkpt>
            <trkpt lat="42.08021239381477" lon="-84.68890730299492">
                <ele>1134.3503074645985</ele>
                <time>2026-05-28T20:10:42.999631404Z</time>
            </trkpt>
            <trkpt lat="42.080527176188376" lon="-84.68901970431645">
                <ele>1138.3803367614735</ele>
                <time>2026-05-28T20:10:43.999626159Z</time>
            </trkpt>
            <trkpt lat="42.08084652669921" lon="-84.68913470402796">
                <ele>1141.6628074645985</ele>
                <time>2026-05-28T20:10:44.999619483Z</time>
            </trkpt>
            <trkpt lat="42.0811699843426" lon="-84.68925707981427">
                <ele>1143.603115081786</ele>
                <time>2026-05-28T20:10:45.999613285Z</time>
            </trkpt>
            <trkpt lat="42.08149767484709" lon="-84.68938498765667">
                <ele>1144.997646331786</ele>
                <time>2026-05-28T20:10:46.999607563Z</time>
            </trkpt>
            <trkpt lat="42.0818327833359" lon="-84.68951574534614">
                <ele>1145.662929534911</ele>
                <time>2026-05-28T20:10:47.999600648Z</time>
            </trkpt>
            <trkpt lat="42.08217111885742" lon="-84.68964968815882">
                <ele>1145.9211082458485</ele>
                <time>2026-05-28T20:10:48.999595165Z</time>
            </trkpt>
            <trkpt lat="42.082515028344545" lon="-84.68978924684663">
                <ele>1147.5089988708485</ele>
                <time>2026-05-28T20:10:49.999588966Z</time>
            </trkpt>
            <trkpt lat="42.08286078185037" lon="-84.68992168091674">
                <ele>1149.7062644958485</ele>
                <time>2026-05-28T20:10:50.999583005Z</time>
            </trkpt>
            <trkpt lat="42.08321064248875" lon="-84.6900516004159">
                <ele>1152.7658348083485</ele>
                <time>2026-05-28T20:10:51.999576807Z</time>
            </trkpt>
            <trkpt lat="42.08356163468406" lon="-84.6901842859431">
                <ele>1155.1596336364735</ele>
                <time>2026-05-28T20:10:52.999571084Z</time>
            </trkpt>
            <trkpt lat="42.083916608283374" lon="-84.69031319961388">
                <ele>1157.5524559020985</ele>
                <time>2026-05-28T20:10:53.999564647Z</time>
            </trkpt>
            <trkpt lat="42.08427497655347" lon="-84.69043222263892">
                <ele>1159.333583831786</ele>
                <time>2026-05-28T20:10:54.999557971Z</time>
            </trkpt>
            <trkpt lat="42.08463640421823" lon="-84.69054420486529">
                <ele>1161.3263816833485</ele>
                <time>2026-05-28T20:10:55.999553203Z</time>
            </trkpt>
            <trkpt lat="42.08499934062556" lon="-84.69065803111036">
                <ele>1163.9418601989735</ele>
                <time>2026-05-28T20:10:56.999546051Z</time>
            </trkpt>
            <trkpt lat="42.085360768290315" lon="-84.69076397836645">
                <ele>1168.4106101989735</ele>
                <time>2026-05-28T20:10:57.999540805Z</time>
            </trkpt>
            <trkpt lat="42.085720729122016" lon="-84.69087495476444">
                <ele>1172.6354637145985</ele>
                <time>2026-05-28T20:10:58.999533891Z</time>
            </trkpt>
            <trkpt lat="42.08608068995372" lon="-84.690987439905">
                <ele>1176.4757957458485</ele>
                <time>2026-05-28T20:10:59.999528408Z</time>
            </trkpt>
            <trkpt lat="42.0864400640522" lon="-84.69109665610333">
                <ele>1180.743007659911</ele>
                <time>2026-05-28T20:11:00.999522686Z</time>
            </trkpt>
            <trkpt lat="42.08679914478407" lon="-84.69119908296008">
                <ele>1185.768154144286</ele>
                <time>2026-05-28T20:11:01.999515771Z</time>
            </trkpt>
            <trkpt lat="42.087150136979375" lon="-84.691301928912">
                <ele>1190.542079925536</ele>
                <time>2026-05-28T20:11:02.999509811Z</time>
            </trkpt>
            <trkpt lat="42.087495429480526" lon="-84.69140477486391">
                <ele>1195.4023094177235</ele>
                <time>2026-05-28T20:11:03.999503612Z</time>
            </trkpt>
            <trkpt lat="42.08783472892091" lon="-84.69151114121516">
                <ele>1200.9397850036607</ele>
                <time>2026-05-28T20:11:04.999498128Z</time>
            </trkpt>
            <trkpt lat="42.088172100523565" lon="-84.6916180104806">
                <ele>1205.1867332458485</ele>
                <time>2026-05-28T20:11:05.999491453Z</time>
            </trkpt>
            <trkpt lat="42.088508592026386" lon="-84.69172077261348">
                <ele>1208.045253753661</ele>
                <time>2026-05-28T20:11:06.999485492Z</time>
            </trkpt>
            <trkpt lat="42.08884508352921" lon="-84.69182713896473">
                <ele>1211.139736175536</ele>
                <time>2026-05-28T20:11:07.999479293Z</time>
            </trkpt>
            <trkpt lat="42.08918291613654" lon="-84.6919232793941">
                <ele>1214.438808441161</ele>
                <time>2026-05-28T20:11:08.999473571Z</time>
            </trkpt>
            <trkpt lat="42.089520329648714" lon="-84.69201724052866">
                <ele>1216.913906097411</ele>
                <time>2026-05-28T20:11:09.999467372Z</time>
            </trkpt>
            <trkpt lat="42.08985686306105" lon="-84.69210516669293">
                <ele>1218.6440086364732</ele>
                <time>2026-05-28T20:11:10.999461174Z</time>
            </trkpt>
            <trkpt lat="42.0901979227011" lon="-84.69219158411462">
                <ele>1219.879238128661</ele>
                <time>2026-05-28T20:11:11.999455690Z</time>
            </trkpt>
            <trkpt lat="42.09054505922095" lon="-84.69227791771729">
                <ele>1220.6512107849107</ele>
                <time>2026-05-28T20:11:12.999449253Z</time>
            </trkpt>
            <trkpt lat="42.09089471031175" lon="-84.69236852609058">
                <ele>1220.5639305114732</ele>
                <time>2026-05-28T20:11:13.999443531Z</time>
            </trkpt>
            <trkpt lat="42.09124834280656" lon="-84.69246324159641">
                <ele>1220.085536956786</ele>
                <time>2026-05-28T20:11:14.999437093Z</time>
            </trkpt>
            <trkpt lat="42.091604322234254" lon="-84.6925641597106">
                <ele>1219.3361473083485</ele>
                <time>2026-05-28T20:11:15.999431133Z</time>
            </trkpt>
            <trkpt lat="42.09196369633273" lon="-84.69266574837704">
                <ele>1218.2671775817857</ele>
                <time>2026-05-28T20:11:16.999425888Z</time>
            </trkpt>
            <trkpt lat="42.09233312871502" lon="-84.69276205644448">
                <ele>1217.1745262145985</ele>
                <time>2026-05-28T20:11:17.999419212Z</time>
            </trkpt>
            <trkpt lat="42.09270172290699" lon="-84.69284780331392">
                <ele>1217.267665863036</ele>
                <time>2026-05-28T20:11:18.999413013Z</time>
            </trkpt>
            <trkpt lat="42.09307551387892" lon="-84.69292382717569">
                <ele>1218.3261375427235</ele>
                <time>2026-05-28T20:11:19.999406576Z</time>
            </trkpt>
            <trkpt lat="42.09344687409894" lon="-84.69299155295332">
                <ele>1219.896083831786</ele>
                <time>2026-05-28T20:11:20.999401092Z</time>
            </trkpt>
            <trkpt lat="42.09381592929558" lon="-84.69305207029421">
                <ele>1223.0884666442857</ele>
                <time>2026-05-28T20:11:21.999394893Z</time>
            </trkpt>
            <trkpt lat="42.094182930925946" lon="-84.69311292291124">
                <ele>1227.4754295349107</ele>
                <time>2026-05-28T20:11:22.999388217Z</time>
            </trkpt>
            <trkpt lat="42.09454641215698" lon="-84.69317955904145">
                <ele>1232.035243988036</ele>
                <time>2026-05-28T20:11:23.999382495Z</time>
            </trkpt>
            <trkpt lat="42.094895099328916" lon="-84.693249715571">
                <ele>1237.7358055114735</ele>
                <time>2026-05-28T20:11:24.999376535Z</time>
            </trkpt>
            <trkpt lat="42.09524005655394" lon="-84.69331643552025">
                <ele>1243.5992088317857</ele>
                <time>2026-05-28T20:11:25.999370098Z</time>
            </trkpt>
            <trkpt lat="42.095577847251754" lon="-84.69337837778468">
                <ele>1249.0368309020985</ele>
                <time>2026-05-28T20:11:26.999364852Z</time>
            </trkpt>
            <trkpt lat="42.095914632121186" lon="-84.69343738638301">
                <ele>1252.3863182067857</ele>
                <time>2026-05-28T20:11:27.999358654Z</time>
            </trkpt>
            <trkpt lat="42.096247100310485" lon="-84.69349622734327">
                <ele>1254.481288909911</ele>
                <time>2026-05-28T20:11:28.999352216Z</time>
            </trkpt>
            <trkpt lat="42.09658510055588" lon="-84.69355406247516">
                <ele>1255.1779441833485</ele>
                <time>2026-05-28T20:11:29.999346017Z</time>
            </trkpt>
            <trkpt lat="42.09692004140662" lon="-84.69361273579736">
                <ele>1253.8949851989735</ele>
                <time>2026-05-28T20:11:31.000059127Z</time>
            </trkpt>
            <trkpt lat="42.09725418597655" lon="-84.69367082238634">
                <ele>1252.166103363036</ele>
                <time>2026-05-28T20:11:32.000060558Z</time>
            </trkpt>
            <trkpt lat="42.09759335968839" lon="-84.69372287400503">
                <ele>1249.047939300536</ele>
                <time>2026-05-28T20:11:33.000052928Z</time>
            </trkpt>
            <trkpt lat="42.097939113194215" lon="-84.69376687899668">
                <ele>1245.1369285583485</ele>
                <time>2026-05-28T20:11:34.000057935Z</time>
            </trkpt>
            <trkpt lat="42.09829077594178" lon="-84.69380484901805">
                <ele>1241.195888519286</ele>
                <time>2026-05-28T20:11:35.000057935Z</time>
            </trkpt>
            <trkpt lat="42.09864654582189" lon="-84.69383980155428">
                <ele>1239.0961570739732</ele>
                <time>2026-05-28T20:11:36.000049591Z</time>
            </trkpt>
            <trkpt lat="42.099006003739404" lon="-84.69386821620603">
                <ele>1238.481777191161</ele>
                <time>2026-05-28T20:11:37.000054836Z</time>
            </trkpt>
            <trkpt lat="42.09936948497044" lon="-84.69389176935394">
                <ele>1238.820888519286</ele>
                <time>2026-05-28T20:11:38.000057220Z</time>
            </trkpt>
            <trkpt lat="42.099735061677265" lon="-84.69391498722572">
                <ele>1239.4064598083482</ele>
                <time>2026-05-28T20:11:39.000048875Z</time>
            </trkpt>
            <trkpt lat="42.10010499697374" lon="-84.69394315042038">
                <ele>1241.7604637145985</ele>
                <time>2026-05-28T20:11:40.000051736Z</time>
            </trkpt>
            <trkpt lat="42.10047199860411" lon="-84.69397399582405">
                <ele>1244.598232269286</ele>
                <time>2026-05-28T20:11:41.000056266Z</time>
            </trkpt>
            <trkpt lat="42.100837156215775" lon="-84.69401758172054">
                <ele>1247.6872215270982</ele>
                <time>2026-05-28T20:11:42.000049829Z</time>
            </trkpt>
            <trkpt lat="42.10120344538437" lon="-84.6940631792738">
                <ele>1251.0127830505357</ele>
                <time>2026-05-28T20:11:43.000053405Z</time>
            </trkpt>
            <trkpt lat="42.10157023746716" lon="-84.69411087230284">
                <ele>1254.968105316161</ele>
                <time>2026-05-28T20:11:44.000058174Z</time>
            </trkpt>
            <trkpt lat="42.101932964326906" lon="-84.69415403910418">
                <ele>1258.696376800536</ele>
                <time>2026-05-28T20:11:45.000049829Z</time>
            </trkpt>
            <trkpt lat="42.10229573309617" lon="-84.69418748289783">
                <ele>1261.602626800536</ele>
                <time>2026-05-28T20:11:46.000041961Z</time>
            </trkpt>
            <trkpt lat="42.10265581965642" lon="-84.69421824448247">
                <ele>1264.6109275817857</ele>
                <time>2026-05-28T20:11:47.000031709Z</time>
            </trkpt>
            <trkpt lat="42.10301946852552" lon="-84.6942447312965">
                <ele>1267.6319236755357</ele>
                <time>2026-05-28T20:11:48.000022888Z</time>
            </trkpt>
            <trkpt lat="42.10338525477992" lon="-84.6942772530808">
                <ele>1269.8857078552232</ele>
                <time>2026-05-28T20:11:49.000014781Z</time>
            </trkpt>
            <trkpt lat="42.103753597514796" lon="-84.69431413345475">
                <ele>1271.056728363036</ele>
                <time>2026-05-28T20:11:50.000006675Z</time>
            </trkpt>
            <trkpt lat="42.10449640177386" lon="-84.69441664413054">
                <ele>1272.3051414489732</ele>
                <time>2026-05-28T20:11:51.999989986Z</time>
            </trkpt>
            <trkpt lat="42.104871156664665" lon="-84.69448135242303">
                <ele>1272.8864402770982</ele>
                <time>2026-05-28T20:11:52.999982595Z</time>
            </trkpt>
            <trkpt lat="42.10524876140254" lon="-84.69455519698997">
                <ele>1272.215419769286</ele>
                <time>2026-05-28T20:11:53.999974489Z</time>
            </trkpt>
            <trkpt lat="42.10562502503591" lon="-84.69462418005307">
                <ele>1271.8438377380357</ele>
                <time>2026-05-28T20:11:54.999966621Z</time>
            </trkpt>
            <trkpt lat="42.106004306154425" lon="-84.69468930744071">
                <ele>1270.9988670349107</ele>
                <time>2026-05-28T20:11:55.999978542Z</time>
            </trkpt>
            <trkpt lat="42.10638551511067" lon="-84.69474789694388">
                <ele>1269.608242034911</ele>
                <time>2026-05-28T20:11:56.999951362Z</time>
            </trkpt>
            <trkpt lat="42.10677259139913" lon="-84.6948021278574">
                <ele>1268.5489158630357</ele>
                <time>2026-05-28T20:11:57.999943971Z</time>
            </trkpt>
            <trkpt lat="42.107161846982414" lon="-84.69485149726708">
                <ele>1267.4797019958485</ele>
                <time>2026-05-28T20:11:58.999936580Z</time>
            </trkpt>
            <trkpt lat="42.10755181502747" lon="-84.69490078285773">
                <ele>1266.8283348083482</ele>
                <time>2026-05-28T20:11:59.999929428Z</time>
            </trkpt>
            <trkpt lat="42.1079422440772" lon="-84.69494579367776">
                <ele>1266.0446434020985</ele>
                <time>2026-05-28T20:12:00.999921798Z</time>
            </trkpt>
            <trkpt lat="42.108333846593375" lon="-84.6949850209846">
                <ele>1265.8691062927232</ele>
                <time>2026-05-28T20:12:01.999915361Z</time>
            </trkpt>
            <trkpt lat="42.10872331172424" lon="-84.6950249188437">
                <ele>1266.3724021911607</ele>
                <time>2026-05-28T20:12:02.999907970Z</time>
            </trkpt>
            <trkpt lat="42.109111058564956" lon="-84.69506196685572">
                <ele>1267.3122215270982</ele>
                <time>2026-05-28T20:12:03.999900817Z</time>
            </trkpt>
            <trkpt lat="42.109497045206005" lon="-84.69509935014386">
                <ele>1268.9490623474107</ele>
                <time>2026-05-28T20:12:04.999893665Z</time>
            </trkpt>
            <trkpt lat="42.109882026018674" lon="-84.69513815835555">
                <ele>1270.484706878661</ele>
                <time>2026-05-28T20:12:05.999886751Z</time>
            </trkpt>
            <trkpt lat="42.110265162812645" lon="-84.69517763711949">
                <ele>1272.622158050536</ele>
                <time>2026-05-28T20:12:06.999879837Z</time>
            </trkpt>
            <trkpt lat="42.110643857197935" lon="-84.69522130683501">
                <ele>1273.9413719177235</ele>
                <time>2026-05-28T20:12:07.999872446Z</time>
            </trkpt>
            <trkpt lat="42.11102288685935" lon="-84.69527008951147">
                <ele>1274.4142723083485</ele>
                <time>2026-05-28T20:12:08.999865531Z</time>
            </trkpt>
            <trkpt lat="42.11140329953479" lon="-84.6953187883689">
                <ele>1273.9545555114735</ele>
                <time>2026-05-28T20:12:09.999858856Z</time>
            </trkpt>
            <trkpt lat="42.111783293115074" lon="-84.69536656521697">
                <ele>1273.2582664489735</ele>
                <time>2026-05-28T20:12:10.999852895Z</time>
            </trkpt>
            <trkpt lat="42.11216546599019" lon="-84.69541065402765">
                <ele>1271.826747894286</ele>
                <time>2026-05-28T20:12:11.999845266Z</time>
            </trkpt>
            <trkpt lat="42.11255195554543" lon="-84.69545348555286">
                <ele>1271.1145896911607</ele>
                <time>2026-05-28T20:12:12.999839305Z</time>
            </trkpt>
            <trkpt lat="42.112940289119365" lon="-84.69549556270678">
                <ele>1270.753261566161</ele>
                <time>2026-05-28T20:12:13.999832153Z</time>
            </trkpt>
            <trkpt lat="42.11333004761684" lon="-84.69553663403232">
                <ele>1270.7388572692857</ele>
                <time>2026-05-28T20:12:14.999825239Z</time>
            </trkpt>
            <trkpt lat="42.113718423100295" lon="-84.69558063902397">
                <ele>1270.5970115661607</ele>
                <time>2026-05-28T20:12:15.999819755Z</time>
            </trkpt>
            <trkpt lat="42.11410872642148" lon="-84.69561986633082">
                <ele>1270.9477195739732</ele>
                <time>2026-05-28T20:12:16.999812126Z</time>
            </trkpt>
            <trkpt lat="42.114497269542994" lon="-84.69565875836153">
                <ele>1271.3713035583482</ele>
                <time>2026-05-28T20:12:17.999805927Z</time>
            </trkpt>
            <trkpt lat="42.11488602221209" lon="-84.69570083551545">
                <ele>1271.8913230895982</ele>
                <time>2026-05-28T20:12:18.999799251Z</time>
            </trkpt>
            <trkpt lat="42.115275990257146" lon="-84.6957469359829">
                <ele>1272.3996238708482</ele>
                <time>2026-05-28T20:12:19.999792814Z</time>
            </trkpt>
            <trkpt lat="42.11566273126948" lon="-84.69580183744867">
                <ele>1272.416347503661</ele>
                <time>2026-05-28T20:12:20.999785900Z</time>
            </trkpt>
            <trkpt lat="42.11604976564843" lon="-84.69585673891444">
                <ele>1272.4023094177232</ele>
                <time>2026-05-28T20:12:21.999779701Z</time>
            </trkpt>
            <trkpt lat="42.116435458922865" lon="-84.6959105507328">
                <ele>1272.492519378661</ele>
                <time>2026-05-28T20:12:22.999773502Z</time>
            </trkpt>
            <trkpt lat="42.11682131983537" lon="-84.69596905641694">
                <ele>1271.8000144958482</ele>
                <time>2026-05-28T20:12:23.999767303Z</time>
            </trkpt>
            <trkpt lat="42.11721099451381" lon="-84.69602739446302">
                <ele>1271.0993309020982</ele>
                <time>2026-05-28T20:12:24.999760627Z</time>
            </trkpt>
            <trkpt lat="42.11759932808775" lon="-84.69608615160425">
                <ele>1270.7109031677235</ele>
                <time>2026-05-28T20:12:25.999753952Z</time>
            </trkpt>
            <trkpt lat="42.11798694919992" lon="-84.69614624984999">
                <ele>1269.6493797302232</ele>
                <time>2026-05-28T20:12:26.999748229Z</time>
            </trkpt>
            <trkpt lat="42.11837172046501" lon="-84.6962078568383">
                <ele>1269.0557518005357</ele>
                <time>2026-05-28T20:12:27.999741077Z</time>
            </trkpt>
            <trkpt lat="42.11875896439153" lon="-84.69626401558955">
                <ele>1267.954921722411</ele>
                <time>2026-05-28T20:12:28.999735593Z</time>
            </trkpt>
            <trkpt lat="42.11914507676113" lon="-84.6963199228837">
                <ele>1267.4058494567857</ele>
                <time>2026-05-28T20:12:29.999729633Z</time>
            </trkpt>
            <trkpt lat="42.119531189130726" lon="-84.69637063339789">
                <ele>1267.3821678161607</ele>
                <time>2026-05-28T20:12:30.999722480Z</time>
            </trkpt>
            <trkpt lat="42.119918977880964" lon="-84.69641706914146">
                <ele>1267.6846580505357</ele>
                <time>2026-05-28T20:12:31.999716281Z</time>
            </trkpt>
            <trkpt lat="42.1203091554736" lon="-84.69646979131241">
                <ele>1268.983242034911</ele>
                <time>2026-05-28T20:12:32.999710083Z</time>
            </trkpt>
            <trkpt lat="42.12070042271365" lon="-84.69652812935848">
                <ele>1270.5546531677235</ele>
                <time>2026-05-28T20:12:33.999703407Z</time>
            </trkpt>
            <trkpt lat="42.12109265387256" lon="-84.69659225091775">
                <ele>1269.9193992614732</ele>
                <time>2026-05-28T20:12:34.999697208Z</time>
            </trkpt>
            <trkpt lat="42.12148354392696" lon="-84.69666098252375">
                <ele>1269.4447898864732</ele>
                <time>2026-05-28T20:12:35.999690532Z</time>
            </trkpt>
            <trkpt lat="42.12187523026217" lon="-84.69673004940589">
                <ele>1268.8287010192857</ele>
                <time>2026-05-28T20:12:36.999684333Z</time>
            </trkpt>
            <trkpt lat="42.12226876061607" lon="-84.69679526061256">
                <ele>1266.7276268005357</ele>
                <time>2026-05-28T20:12:37.999678134Z</time>
            </trkpt>
            <trkpt lat="42.12266568564076" lon="-84.69685426921089">
                <ele>1264.7428855895982</ele>
                <time>2026-05-28T20:12:38.999672412Z</time>
            </trkpt>
            <trkpt lat="42.12306005418498" lon="-84.69690673992474">
                <ele>1262.1371726989732</ele>
                <time>2026-05-28T20:12:39.999665498Z</time>
            </trkpt>
            <trkpt lat="42.12345513519097" lon="-84.6969518345638">
                <ele>1260.4217185974107</ele>
                <time>2026-05-28T20:12:40.999659299Z</time>
            </trkpt>
            <trkpt lat="42.12385671217192" lon="-84.69699374407966">
                <ele>1260.245693206786</ele>
                <time>2026-05-28T20:12:41.999653339Z</time>
            </trkpt>
            <trkpt lat="42.12425548121531" lon="-84.69703389339585">
                <ele>1259.9550437927235</ele>
                <time>2026-05-28T20:12:42.999646663Z</time>
            </trkpt>
            <trkpt lat="42.12464980785001" lon="-84.69706725337048">
                <ele>1260.299404144286</ele>
                <time>2026-05-28T20:12:43.999640703Z</time>
            </trkpt>
            <trkpt lat="42.1250475291555" lon="-84.69709617093642">
                <ele>1261.7681541442857</ele>
                <time>2026-05-28T20:12:44.999633789Z</time>
            </trkpt>
            <trkpt lat="42.12544437036116" lon="-84.69712542377849">
                <ele>1263.806240081786</ele>
                <time>2026-05-28T20:12:45.999628067Z</time>
            </trkpt>
            <trkpt lat="42.12583961900521" lon="-84.69715660445829">
                <ele>1265.8383445739735</ele>
                <time>2026-05-28T20:12:46.999621391Z</time>
            </trkpt>
            <trkpt lat="42.12622853931237" lon="-84.69718694694777">
                <ele>1268.169521331786</ele>
                <time>2026-05-28T20:12:47.999615430Z</time>
            </trkpt>
            <trkpt lat="42.12661385540117" lon="-84.6972198040082">
                <ele>1270.4875144958485</ele>
                <time>2026-05-28T20:12:48.999609231Z</time>
            </trkpt>
            <trkpt lat="42.12699472908128" lon="-84.69725056559284">
                <ele>1272.4947166442857</ele>
                <time>2026-05-28T20:12:49.999602794Z</time>
            </trkpt>
            <trkpt lat="42.127373591104636" lon="-84.69727998607297">
                <ele>1274.2259178161607</ele>
                <time>2026-05-28T20:12:50.999596595Z</time>
            </trkpt>
            <trkpt lat="42.12775048338075" lon="-84.6973130945905">
                <ele>1275.4074363708482</ele>
                <time>2026-05-28T20:12:51.999590396Z</time>
            </trkpt>
            <trkpt lat="42.12812859103282" lon="-84.6973472089364">
                <ele>1275.6702537536607</ele>
                <time>2026-05-28T20:12:52.999584197Z</time>
            </trkpt>
            <trkpt lat="42.12850766260375" lon="-84.6973862686052">
                <ele>1275.7021141052232</ele>
                <time>2026-05-28T20:12:53.999577760Z</time>
            </trkpt>
            <trkpt lat="42.12888681799372" lon="-84.69742733993074">
                <ele>1275.0264549255357</ele>
                <time>2026-05-28T20:12:54.999571800Z</time>
            </trkpt>
            <trkpt lat="42.129270080516235" lon="-84.69746815979919">
                <ele>1274.4350242614735</ele>
                <time>2026-05-28T20:12:55.999565601Z</time>
            </trkpt>
            <trkpt lat="42.1296542650481" lon="-84.69751099132439">
                <ele>1273.9640769958485</ele>
                <time>2026-05-28T20:12:56.999559402Z</time>
            </trkpt>
            <trkpt lat="42.13003907822271" lon="-84.6975517273738">
                <ele>1272.8521385192857</ele>
                <time>2026-05-28T20:12:57.999553203Z</time>
            </trkpt>
            <trkpt lat="42.13042745370616" lon="-84.69759145759484">
                <ele>1272.210048675536</ele>
                <time>2026-05-28T20:12:58.999546527Z</time>
            </trkpt>
            <trkpt lat="42.130817547479765" lon="-84.6976331156536">
                <ele>1271.2402000427232</ele>
                <time>2026-05-28T20:12:59.999540328Z</time>
            </trkpt>
            <trkpt lat="42.1312095690911" lon="-84.69767611481687">
                <ele>1271.0993309020982</ele>
                <time>2026-05-28T20:13:00.999534130Z</time>
            </trkpt>
            <trkpt lat="42.13160016577889" lon="-84.697721377094">
                <ele>1271.2918357849107</ele>
                <time>2026-05-28T20:13:01.999528408Z</time>
            </trkpt>
            <trkpt lat="42.13199088819523" lon="-84.69777124941787">
                <ele>1271.5492820739732</ele>
                <time>2026-05-28T20:13:02.999521732Z</time>
            </trkpt>
            <trkpt lat="42.13238337081124" lon="-84.69781508677146">
                <ele>1272.025966644286</ele>
                <time>2026-05-28T20:13:03.999515295Z</time>
            </trkpt>
            <trkpt lat="42.132773967499034" lon="-84.69786185779115">
                <ele>1272.9152488708482</ele>
                <time>2026-05-28T20:13:04.999509811Z</time>
            </trkpt>
            <trkpt lat="42.13316523473908" lon="-84.69790988609633">
                <ele>1273.9091453552235</ele>
                <time>2026-05-28T20:13:05.999503612Z</time>
            </trkpt>
            <trkpt lat="42.13355499323656" lon="-84.69795682475409">
                <ele>1275.3238182067857</ele>
                <time>2026-05-28T20:13:06.999497413Z</time>
            </trkpt>
            <trkpt lat="42.133939890230195" lon="-84.69800577506861">
                <ele>1277.0387840270985</ele>
                <time>2026-05-28T20:13:07.999490499Z</time>
            </trkpt>
            <trkpt lat="42.13432352993836" lon="-84.69805799432537">
                <ele>1278.471035003661</ele>
                <time>2026-05-28T20:13:08.999485015Z</time>
            </trkpt>
            <trkpt lat="42.13470595427056" lon="-84.69810836956343">
                <ele>1279.2207908630357</ele>
                <time>2026-05-28T20:13:09.999478340Z</time>
            </trkpt>
            <trkpt lat="42.1350858221223" lon="-84.69814441174707">
                <ele>1279.1184959411607</ele>
                <time>2026-05-28T20:13:10.999472379Z</time>
            </trkpt>
            <trkpt lat="42.13546753399273" lon="-84.69816419303855">
                <ele>1277.8781394958482</ele>
                <time>2026-05-28T20:13:11.999465942Z</time>
            </trkpt>
            <trkpt lat="42.13585243098637" lon="-84.69815430239281">
                <ele>1275.8031883239732</ele>
                <time>2026-05-28T20:13:12.999459743Z</time>
            </trkpt>
            <trkpt lat="42.13623615451356" lon="-84.69811499126693">
                <ele>1273.2500877380357</ele>
                <time>2026-05-28T20:13:13.999453544Z</time>
            </trkpt>
            <trkpt lat="42.13662214115461" lon="-84.6980427392616">
                <ele>1269.6875877380357</ele>
                <time>2026-05-28T20:13:14.999446868Z</time>
            </trkpt>
            <trkpt lat="42.137003727296495" lon="-84.6979320143207">
                <ele>1266.5055809020982</ele>
                <time>2026-05-28T20:13:15.999440670Z</time>
            </trkpt>
            <trkpt lat="42.13738493625274" lon="-84.69778248116812">
                <ele>1263.7485008239735</ele>
                <time>2026-05-28T20:13:16.999434471Z</time>
            </trkpt>
            <trkpt lat="42.13775663174888" lon="-84.6975916252329">
                <ele>1262.1740379333482</ele>
                <time>2026-05-28T20:13:17.999428749Z</time>
            </trkpt>
            <trkpt lat="42.138112401628995" lon="-84.6973601170673">
                <ele>1261.6217918395982</ele>
                <time>2026-05-28T20:13:18.999422550Z</time>
            </trkpt>
            <trkpt lat="42.13846268136253" lon="-84.69708896249969">
                <ele>1260.8554344177235</ele>
                <time>2026-05-28T20:13:19.999416828Z</time>
            </trkpt>
            <trkpt lat="42.13879041377654" lon="-84.6967847832336">
                <ele>1260.3606834411607</ele>
                <time>2026-05-28T20:13:20.999409914Z</time>
            </trkpt>
            <trkpt lat="42.13909614369472" lon="-84.69644498087902">
                <ele>1260.0210838317857</ele>
                <time>2026-05-28T20:13:21.999403953Z</time>
            </trkpt>
            <trkpt lat="42.13937287222793" lon="-84.6960677952363">
                <ele>1259.739589691161</ele>
                <time>2026-05-28T20:13:22.999397754Z</time>
            </trkpt>
            <trkpt lat="42.139625754246616" lon="-84.6956618596657">
                <ele>1259.845790863036</ele>
                <time>2026-05-28T20:13:23.999392032Z</time>
            </trkpt>
            <trkpt lat="42.139856340402865" lon="-84.69523270622332">
                <ele>1260.4916648864732</ele>
                <time>2026-05-28T20:13:24.999385833Z</time>
            </trkpt>
            <trkpt lat="42.14006437923958" lon="-84.69478787862201">
                <ele>1260.7931785583482</ele>
                <time>2026-05-28T20:13:25.999379396Z</time>
            </trkpt>
            <trkpt lat="42.14024710472872" lon="-84.69432410791953">
                <ele>1261.1233787536607</ele>
                <time>2026-05-28T20:13:26.999373435Z</time>
            </trkpt>
            <trkpt lat="42.140404600689315" lon="-84.6938509494855">
                <ele>1261.6231346130357</ele>
                <time>2026-05-28T20:13:27.999366998Z</time>
            </trkpt>
            <trkpt lat="42.14053737003555" lon="-84.69336580492993">
                <ele>1262.002529144286</ele>
                <time>2026-05-28T20:13:28.999360799Z</time>
            </trkpt>
            <trkpt lat="42.140640132168436" lon="-84.69286951244314">
                <ele>1262.1559715270985</ele>
                <time>2026-05-28T20:13:29.999355077Z</time>
            </trkpt>
            <trkpt lat="42.140718461053574" lon="-84.69236777171929">
                <ele>1261.945156097411</ele>
                <time>2026-05-28T20:13:30.999347925Z</time>
            </trkpt>
            <trkpt lat="42.1407687524726" lon="-84.6918561403497">
                <ele>1261.237636566161</ele>
                <time>2026-05-28T20:13:31.999342203Z</time>
            </trkpt>
            <trkpt lat="42.140792012253904" lon="-84.69134258114238">
                <ele>1260.1252098083485</ele>
                <time>2026-05-28T20:13:32.999336004Z</time>
            </trkpt>
            <trkpt lat="42.140791886525356" lon="-84.6908254177167">
                <ele>1259.2353172302232</ele>
                <time>2026-05-28T20:13:33.999329805Z</time>
            </trkpt>
            <trkpt lat="42.14077684100916" lon="-84.69030967921455">
                <ele>1259.1066551208482</ele>
                <time>2026-05-28T20:13:34.999323606Z</time>
            </trkpt>
            <trkpt lat="42.140756892079615" lon="-84.68979385689337">
                <ele>1259.4635887145985</ele>
                <time>2026-05-28T20:13:35.999316692Z</time>
            </trkpt>
            <trkpt lat="42.14073551822653" lon="-84.68927912421961">
                <ele>1259.6313133239735</ele>
                <time>2026-05-28T20:13:37.000175476Z</time>
            </trkpt>
            <trkpt lat="42.14071280326893" lon="-84.6887666546597">
                <ele>1259.7316551208482</ele>
                <time>2026-05-28T20:13:38.000181198Z</time>
            </trkpt>
            <trkpt lat="42.14068912439247" lon="-84.68825611293752">
                <ele>1260.0008201599107</ele>
                <time>2026-05-28T20:13:39.000173091Z</time>
            </trkpt>
            <trkpt lat="42.140665948430204" lon="-84.68774389483471">
                <ele>1260.1009178161607</ele>
                <time>2026-05-28T20:13:40.000179767Z</time>
            </trkpt>
            <trkpt lat="42.140642353372776" lon="-84.68723704114993">
                <ele>1259.7184715270985</ele>
                <time>2026-05-28T20:13:41.000182867Z</time>
            </trkpt>
            <trkpt lat="42.140619093591475" lon="-84.6867253259613">
                <ele>1258.7929344177232</ele>
                <time>2026-05-28T20:13:42.000174522Z</time>
            </trkpt>
            <trkpt lat="42.14059310969164" lon="-84.68621595770557">
                <ele>1258.220058441161</ele>
                <time>2026-05-28T20:13:43.000178813Z</time>
            </trkpt>
            <trkpt lat="42.140569221267604" lon="-84.6857046616121">
                <ele>1257.4516258239732</ele>
                <time>2026-05-28T20:13:44.000176906Z</time>
            </trkpt>
            <trkpt lat="42.14054248299649" lon="-84.68519303024252">
                <ele>1256.7737693786607</ele>
                <time>2026-05-28T20:13:45.000164270Z</time>
            </trkpt>
            <trkpt lat="42.14051779829165" lon="-84.68467561535974">
                <ele>1255.954677581786</ele>
                <time>2026-05-28T20:13:46.000165939Z</time>
            </trkpt>
            <trkpt lat="42.14049290403923" lon="-84.68415861957212">
                <ele>1254.6996726989735</ele>
                <time>2026-05-28T20:13:47.000166654Z</time>
            </trkpt>
            <trkpt lat="42.140464489387476" lon="-84.68364338398416">
                <ele>1253.7220115661607</ele>
                <time>2026-05-28T20:13:48.000156402Z</time>
            </trkpt>
            <trkpt lat="42.14042895011803" lon="-84.68312052086432">
                <ele>1253.126064300536</ele>
                <time>2026-05-28T20:13:49.000159740Z</time>
            </trkpt>
            <trkpt lat="42.140393075572455" lon="-84.68259950176318">
                <ele>1252.5693016052232</ele>
                <time>2026-05-28T20:13:50.000160932Z</time>
            </trkpt>
            <trkpt lat="42.140361811073625" lon="-84.68207697391945">
                <ele>1252.747646331786</ele>
                <time>2026-05-28T20:13:51.000149250Z</time>
            </trkpt>
            <trkpt lat="42.14033725209733" lon="-84.68155494898993">
                <ele>1253.8965721130357</ele>
                <time>2026-05-28T20:13:52.000138282Z</time>
            </trkpt>
            <trkpt lat="42.140314956234896" lon="-84.68102571562368">
                <ele>1255.2621726989735</ele>
                <time>2026-05-28T20:13:53.000127315Z</time>
            </trkpt>
            <trkpt lat="42.14029601313373" lon="-84.68049941592353">
                <ele>1256.0011863708485</ele>
                <time>2026-05-28T20:13:54.000115871Z</time>
            </trkpt>
            <trkpt lat="42.140278536865615" lon="-84.67997713953692">
                <ele>1257.6532859802232</ele>
                <time>2026-05-28T20:13:55.000106811Z</time>
            </trkpt>
            <trkpt lat="42.140266299286985" lon="-84.67944916345614">
                <ele>1258.392177581786</ele>
                <time>2026-05-28T20:13:56.000096082Z</time>
            </trkpt>
            <trkpt lat="42.14025318160852" lon="-84.678922863756">
                <ele>1258.9534568786607</ele>
                <time>2026-05-28T20:13:57.000086069Z</time>
            </trkpt>
            <trkpt lat="42.14024035729667" lon="-84.67840100646454">
                <ele>1259.344081878661</ele>
                <time>2026-05-28T20:13:58.000076532Z</time>
            </trkpt>
            <trkpt lat="42.140223509671294" lon="-84.67787797570664">
                <ele>1259.5351219177235</ele>
                <time>2026-05-28T20:13:59.000066280Z</time>
            </trkpt>
            <trkpt lat="42.14020142335644" lon="-84.67735201128262">
                <ele>1259.4966697692857</ele>
                <time>2026-05-28T20:14:00.000058174Z</time>
            </trkpt>
            <trkpt lat="42.14017967231771" lon="-84.67682805851537">
                <ele>1259.6670799255357</ele>
                <time>2026-05-28T20:14:01.000048160Z</time>
            </trkpt>
            <trkpt lat="42.140156915450596" lon="-84.67630209409135">
                <ele>1260.1464500427232</ele>
                <time>2026-05-28T20:14:02.000038623Z</time>
            </trkpt>
            <trkpt lat="42.14013617024025" lon="-84.67577923097151">
                <ele>1261.1354637145985</ele>
                <time>2026-05-28T20:14:03.000030517Z</time>
            </trkpt>
            <trkpt lat="42.14011295236846" lon="-84.67525837950843">
                <ele>1262.2535057067857</ele>
                <time>2026-05-28T20:14:04.000021934Z</time>
            </trkpt>
            <trkpt lat="42.14009078223457" lon="-84.67473727658826">
                <ele>1263.7348289489735</ele>
                <time>2026-05-28T20:14:05.000013351Z</time>
            </trkpt>
            <trkpt lat="42.14006764818182" lon="-84.67421533547777">
                <ele>1266.2991600036607</ele>
                <time>2026-05-28T20:14:06.000004291Z</time>
            </trkpt>
            <trkpt lat="42.14003332428833" lon="-84.67316642411488">
                <ele>1268.0967674255357</ele>
                <time>2026-05-28T20:14:07.999988079Z</time>
            </trkpt>
            <trkpt lat="42.14002221826663" lon="-84.6726439800902">
                <ele>1268.114589691161</ele>
                <time>2026-05-28T20:14:08.999979496Z</time>
            </trkpt>
            <trkpt lat="42.14001404591104" lon="-84.67211851858038">
                <ele>1268.2050437927232</ele>
                <time>2026-05-28T20:14:09.999971628Z</time>
            </trkpt>
            <trkpt lat="42.140007088931405" lon="-84.67158819556671">
                <ele>1268.2134666442857</ele>
                <time>2026-05-28T20:14:10.999963521Z</time>
            </trkpt>
            <trkpt lat="42.140001724513375" lon="-84.67105066411632">
                <ele>1267.1903953552235</ele>
                <time>2026-05-28T20:14:11.999954700Z</time>
            </trkpt>
            <trkpt lat="42.13999367788633" lon="-84.6705096122666">
                <ele>1266.5599021911607</ele>
                <time>2026-05-28T20:14:12.999947547Z</time>
            </trkpt>
            <trkpt lat="42.13998630181154" lon="-84.66996554293173">
                <ele>1265.7817039489732</ele>
                <time>2026-05-28T20:14:13.999939918Z</time>
            </trkpt>
            <trkpt lat="42.13997427378049" lon="-84.66942440726298">
                <ele>1265.3639793395982</ele>
                <time>2026-05-28T20:14:14.999932527Z</time>
            </trkpt>
            <trkpt lat="42.13995683942189" lon="-84.66887899682361">
                <ele>1265.5087547302232</ele>
                <time>2026-05-28T20:14:15.999924421Z</time>
            </trkpt>
            <trkpt lat="42.13993613612106" lon="-84.66833962135452">
                <ele>1266.4840965270982</ele>
                <time>2026-05-28T20:14:16.999916553Z</time>
            </trkpt>
            <trkpt lat="42.139913798349106" lon="-84.66780074879962">
                <ele>1267.4386863708482</ele>
                <time>2026-05-28T20:14:17.999909877Z</time>
            </trkpt>
            <trkpt lat="42.13989355605295" lon="-84.66726330116826">
                <ele>1268.1629295349107</ele>
                <time>2026-05-28T20:14:18.999902248Z</time>
            </trkpt>
            <trkpt lat="42.13987461295178" lon="-84.66672820046978">
                <ele>1268.131191253661</ele>
                <time>2026-05-28T20:14:19.999894142Z</time>
            </trkpt>
            <trkpt lat="42.13985919024994" lon="-84.66618756771521">
                <ele>1267.196620941161</ele>
                <time>2026-05-28T20:14:20.999886989Z</time>
            </trkpt>
            <trkpt lat="42.13984204925796" lon="-84.66564835988419">
                <ele>1266.722255706786</ele>
                <time>2026-05-28T20:14:21.999879598Z</time>
            </trkpt>
            <trkpt lat="42.13982168123325" lon="-84.6651105769767">
                <ele>1265.9602928161607</ele>
                <time>2026-05-28T20:14:22.999871969Z</time>
            </trkpt>
            <trkpt lat="42.13979863099953" lon="-84.66456977658407">
                <ele>1265.9240379333482</ele>
                <time>2026-05-28T20:14:23.999865531Z</time>
            </trkpt>
            <trkpt lat="42.13977231182357" lon="-84.66402847327726">
                <ele>1266.2975730895985</ele>
                <time>2026-05-28T20:14:24.999858379Z</time>
            </trkpt>
            <trkpt lat="42.13974448390504" lon="-84.6634873376085">
                <ele>1267.7433738708482</ele>
                <time>2026-05-28T20:14:25.999850749Z</time>
            </trkpt>
            <trkpt lat="42.139715189153456" lon="-84.66294997379617">
                <ele>1268.4635887145982</ele>
                <time>2026-05-28T20:14:26.999843120Z</time>
            </trkpt>
            <trkpt lat="42.139682332093024" lon="-84.66241110124128">
                <ele>1268.9427146911607</ele>
                <time>2026-05-28T20:14:27.999835968Z</time>
            </trkpt>
            <trkpt lat="42.139649433123076" lon="-84.6618744079812">
                <ele>1268.9772605895982</ele>
                <time>2026-05-28T20:14:28.999829053Z</time>
            </trkpt>
            <trkpt lat="42.13961791716715" lon="-84.66133813381629">
                <ele>1269.0888328552235</ele>
                <time>2026-05-28T20:14:29.999822616Z</time>
            </trkpt>
            <trkpt lat="42.13959013115814" lon="-84.66080470949845">
                <ele>1270.027431488036</ele>
                <time>2026-05-28T20:14:30.999814748Z</time>
            </trkpt>
            <trkpt lat="42.13956326715847" lon="-84.66027296156125">
                <ele>1271.0998191833482</ele>
                <time>2026-05-28T20:14:31.999808549Z</time>
            </trkpt>
            <trkpt lat="42.13953761853477" lon="-84.65974087834792">
                <ele>1271.2812156677235</ele>
                <time>2026-05-28T20:14:32.999800682Z</time>
            </trkpt>
            <trkpt lat="42.139508407602214" lon="-84.65920929804878">
                <ele>1271.9067039489732</ele>
                <time>2026-05-28T20:14:33.999794721Z</time>
            </trkpt>
            <trkpt lat="42.13948020249804" lon="-84.6586783883019">
                <ele>1272.4001121520985</ele>
                <time>2026-05-28T20:14:34.999786853Z</time>
            </trkpt>
            <trkpt lat="42.139453673774504" lon="-84.65814965784983">
                <ele>1272.1516990661607</ele>
                <time>2026-05-28T20:14:35.999780654Z</time>
            </trkpt>
            <trkpt lat="42.13942760605564" lon="-84.65762042448358">
                <ele>1271.3758201599107</ele>
                <time>2026-05-28T20:14:36.999773502Z</time>
            </trkpt>
            <trkpt lat="42.13940191552242" lon="-84.65708800599413">
                <ele>1270.5257225036607</ele>
                <time>2026-05-28T20:14:37.999766588Z</time>
            </trkpt>
            <trkpt lat="42.139378404284024" lon="-84.65655575514273">
                <ele>1269.799648284911</ele>
                <time>2026-05-28T20:14:38.999759435Z</time>
            </trkpt>
            <trkpt lat="42.139357198069" lon="-84.65602476157682">
                <ele>1269.3721580505357</ele>
                <time>2026-05-28T20:14:39.999752521Z</time>
            </trkpt>
            <trkpt lat="42.13934190109571" lon="-84.65548580520289">
                <ele>1270.3488426208482</ele>
                <time>2026-05-28T20:14:40.999745368Z</time>
            </trkpt>
            <trkpt lat="42.13933636903962" lon="-84.65494475335316">
                <ele>1271.795497894286</ele>
                <time>2026-05-28T20:14:41.999739170Z</time>
            </trkpt>
            <trkpt lat="42.139349151441955" lon="-84.654402528037">
                <ele>1273.3505516052232</ele>
                <time>2026-05-28T20:14:42.999732017Z</time>
            </trkpt>
            <trkpt lat="42.13937974538853" lon="-84.65386809789078">
                <ele>1274.3763084411607</ele>
                <time>2026-05-28T20:14:43.999725103Z</time>
            </trkpt>
            <trkpt lat="42.139440095091366" lon="-84.65333584703939">
                <ele>1276.048183441161</ele>
                <time>2026-05-28T20:14:44.999718666Z</time>
            </trkpt>
            <trkpt lat="42.13953112255981" lon="-84.65280954733925">
                <ele>1277.987636566161</ele>
                <time>2026-05-28T20:14:45.999711513Z</time>
            </trkpt>
            <trkpt lat="42.13964423634311" lon="-84.65230001144545">
                <ele>1279.7751121520982</ele>
                <time>2026-05-28T20:14:46.999705076Z</time>
            </trkpt>
            <trkpt lat="42.139784088397526" lon="-84.65180682026283">
                <ele>1280.5796775817857</ele>
                <time>2026-05-28T20:14:47.999697685Z</time>
            </trkpt>
            <trkpt lat="42.13994657159051" lon="-84.65132754303947">
                <ele>1280.9768943786607</ele>
                <time>2026-05-28T20:14:48.999691486Z</time>
            </trkpt>
            <trkpt lat="42.14013306893607" lon="-84.65086787946954">
                <ele>1280.7006492614732</ele>
                <time>2026-05-28T20:14:49.999684333Z</time>
            </trkpt>
            <trkpt lat="42.14034869339516" lon="-84.65043713346556">
                <ele>1279.059413909911</ele>
                <time>2026-05-28T20:14:50.999677658Z</time>
            </trkpt>
            <trkpt lat="42.14059214577278" lon="-84.65002239689663">
                <ele>1277.6969871520985</ele>
                <time>2026-05-28T20:14:51.999671220Z</time>
            </trkpt>
            <trkpt lat="42.14086560536375" lon="-84.64963423096076">
                <ele>1275.1620750427235</ele>
                <time>2026-05-28T20:14:52.999664306Z</time>
            </trkpt>
            <trkpt lat="42.1411601454412" lon="-84.64927330621019">
                <ele>1271.9843406677232</ele>
                <time>2026-05-28T20:14:53.999657630Z</time>
            </trkpt>
            <trkpt lat="42.14147672992399" lon="-84.64894792072907">
                <ele>1268.9427146911607</ele>
                <time>2026-05-28T20:14:54.999651193Z</time>
            </trkpt>
            <trkpt lat="42.141813556702935" lon="-84.64864977643326">
                <ele>1266.3852195739735</ele>
                <time>2026-05-28T20:14:55.999643325Z</time>
            </trkpt>
            <trkpt lat="42.142166560555005" lon="-84.64838557884529">
                <ele>1264.4394187927232</ele>
                <time>2026-05-28T20:14:56.999636888Z</time>
            </trkpt>
            <trkpt lat="42.142536537760996" lon="-84.64814518586233">
                <ele>1263.2149314880357</ele>
                <time>2026-05-28T20:14:57.999630451Z</time>
            </trkpt>
            <trkpt lat="42.142915106417746" lon="-84.64793412954047">
                <ele>1262.0987205505357</ele>
                <time>2026-05-28T20:14:58.999623298Z</time>
            </trkpt>
            <trkpt lat="42.14330285325846" lon="-84.64775383480325">
                <ele>1261.8988914489732</ele>
                <time>2026-05-28T20:14:59.999617099Z</time>
            </trkpt>
            <trkpt lat="42.14369412049851" lon="-84.64760522366002">
                <ele>1262.5408592224107</ele>
                <time>2026-05-28T20:15:00.999610424Z</time>
            </trkpt>
            <trkpt lat="42.144091380799324" lon="-84.64748293169275">
                <ele>1263.7685203552235</ele>
                <time>2026-05-28T20:15:01.999603033Z</time>
            </trkpt>
            <trkpt lat="42.14449086230448" lon="-84.64739316150978">
                <ele>1264.8398094177232</ele>
                <time>2026-05-28T20:15:02.999596834Z</time>
            </trkpt>
            <trkpt lat="42.14489239737591" lon="-84.64733155452147">
                <ele>1265.3550682067857</ele>
                <time>2026-05-28T20:15:03.999589443Z</time>
            </trkpt>
            <trkpt lat="42.14529762048474" lon="-84.64729450650945">
                <ele>1265.5729637145982</ele>
                <time>2026-05-28T20:15:04.999583244Z</time>
            </trkpt>
            <trkpt lat="42.14570351414582" lon="-84.64727740742698">
                <ele>1265.338222503661</ele>
                <time>2026-05-28T20:15:05.999576807Z</time>
            </trkpt>
            <trkpt lat="42.146111838558824" lon="-84.64727170773283">
                <ele>1264.7950096130357</ele>
                <time>2026-05-28T20:15:06.999570369Z</time>
            </trkpt>
            <trkpt lat="42.14652443774244" lon="-84.64727908380762">
                <ele>1264.5266990661607</ele>
                <time>2026-05-28T20:15:07.999563694Z</time>
            </trkpt>
            <trkpt lat="42.146937204564125" lon="-84.6473004576607">
                <ele>1264.919277191161</ele>
                <time>2026-05-28T20:15:08.999556064Z</time>
            </trkpt>
            <trkpt lat="42.147345445158095" lon="-84.64733649984434">
                <ele>1266.076259613036</ele>
                <time>2026-05-28T20:15:09.999549388Z</time>
            </trkpt>
            <trkpt lat="42.14775393720916" lon="-84.6473815944834">
                <ele>1267.1302146911607</ele>
                <time>2026-05-28T20:15:10.999543190Z</time>
            </trkpt>
            <trkpt lat="42.14816146534136" lon="-84.64742928751245">
                <ele>1267.7504539489732</ele>
                <time>2026-05-28T20:15:11.999536037Z</time>
            </trkpt>
            <trkpt lat="42.148567233273894" lon="-84.64748167440727">
                <ele>1268.836269378661</ele>
                <time>2026-05-28T20:15:12.999529838Z</time>
            </trkpt>
            <trkpt lat="42.148973043115944" lon="-84.64753615677789">
                <ele>1269.5038719177232</ele>
                <time>2026-05-28T20:15:13.999522686Z</time>
            </trkpt>
            <trkpt lat="42.149378852957994" lon="-84.64759608738557">
                <ele>1269.9766502380357</ele>
                <time>2026-05-28T20:15:14.999516010Z</time>
            </trkpt>
            <trkpt lat="42.14978629727116" lon="-84.6476614662303">
                <ele>1270.2495994567857</ele>
                <time>2026-05-28T20:15:15.999509096Z</time>
            </trkpt>
            <trkpt lat="42.15019034691355" lon="-84.64772894055083">
                <ele>1269.5917625427232</ele>
                <time>2026-05-28T20:15:16.999502420Z</time>
            </trkpt>
            <trkpt lat="42.150599299969294" lon="-84.64779532522395">
                <ele>1269.2286033630357</ele>
                <time>2026-05-28T20:15:17.999496221Z</time>
            </trkpt>
            <trkpt lat="42.151007624382295" lon="-84.64785693221226">
                <ele>1269.2499656677232</ele>
                <time>2026-05-28T20:15:18.999489307Z</time>
            </trkpt>
            <trkpt lat="42.15141620025239" lon="-84.64791166603997">
                <ele>1269.4997215270982</ele>
                <time>2026-05-28T20:15:19.999482154Z</time>
            </trkpt>
            <trkpt lat="42.151826326774575" lon="-84.64795793414548">
                <ele>1269.938564300536</ele>
                <time>2026-05-28T20:15:20.999475955Z</time>
            </trkpt>
            <trkpt lat="42.152233771087744" lon="-84.64800101712778">
                <ele>1270.7491111755357</ele>
                <time>2026-05-28T20:15:21.999469518Z</time>
            </trkpt>
            <trkpt lat="42.15263928756318" lon="-84.64804376483396">
                <ele>1271.578945159911</ele>
                <time>2026-05-28T20:15:22.999462366Z</time>
            </trkpt>
            <trkpt lat="42.15304513931475" lon="-84.64808969766334">
                <ele>1272.294521331786</ele>
                <time>2026-05-28T20:15:23.999456167Z</time>
            </trkpt>
            <trkpt lat="42.15345002714745" lon="-84.64814015672043">
                <ele>1272.5192527770985</ele>
                <time>2026-05-28T20:15:24.999449253Z</time>
            </trkpt>
            <trkpt lat="42.15385378342322" lon="-84.64819111869171">
                <ele>1272.0768699645985</ele>
                <time>2026-05-28T20:15:25.999442577Z</time>
            </trkpt>
            <trkpt lat="42.15425720442287" lon="-84.64824308649138">
                <ele>1271.5573387145982</ele>
                <time>2026-05-28T20:15:26.999435901Z</time>
            </trkpt>
            <trkpt lat="42.15466263707928" lon="-84.64830192745164">
                <ele>1271.8647117614735</ele>
                <time>2026-05-28T20:15:27.999429225Z</time>
            </trkpt>
            <trkpt lat="42.15506739918343" lon="-84.64836353443995">
                <ele>1271.9004783630357</ele>
                <time>2026-05-28T20:15:28.999422550Z</time>
            </trkpt>
            <trkpt lat="42.15547199364952" lon="-84.64842908092275">
                <ele>1272.6095848083485</ele>
                <time>2026-05-28T20:15:29.999415397Z</time>
            </trkpt>
            <trkpt lat="42.15586816430292" lon="-84.64849890217617">
                <ele>1273.0652732849107</ele>
                <time>2026-05-28T20:15:30.999409198Z</time>
            </trkpt>
            <trkpt lat="42.156267478170015" lon="-84.64856897488669">
                <ele>1272.6672019958482</ele>
                <time>2026-05-28T20:15:31.999401807Z</time>
            </trkpt>
            <trkpt lat="42.156661762895205" lon="-84.64864357382491">
                <ele>1272.1051902770982</ele>
                <time>2026-05-28T20:15:32.999395608Z</time>
            </trkpt>
            <trkpt lat="42.15705940038166" lon="-84.64871264070705">
                <ele>1271.8586082458485</ele>
                <time>2026-05-28T20:15:33.999388694Z</time>
            </trkpt>
            <trkpt lat="42.1574556548541" lon="-84.64877609171405">
                <ele>1272.2050437927232</ele>
                <time>2026-05-28T20:15:34.999382019Z</time>
            </trkpt>
            <trkpt lat="42.15785270560733" lon="-84.6488325019224">
                <ele>1271.8256492614735</ele>
                <time>2026-05-28T20:15:35.999375343Z</time>
            </trkpt>
            <trkpt lat="42.15824699033253" lon="-84.64887751274243">
                <ele>1271.5949363708485</ele>
                <time>2026-05-28T20:15:36.999368667Z</time>
            </trkpt>
            <trkpt lat="42.15864022731982" lon="-84.64891665623024">
                <ele>1272.0586814880357</ele>
                <time>2026-05-28T20:15:37.999361991Z</time>
            </trkpt>
            <trkpt lat="42.15903392531179" lon="-84.64895378806129">
                <ele>1273.2378807067857</ele>
                <time>2026-05-28T20:15:38.999355792Z</time>
            </trkpt>
            <trkpt lat="42.15942624028973" lon="-84.64898865677849">
                <ele>1274.3359031677232</ele>
                <time>2026-05-28T20:15:39.999348640Z</time>
            </trkpt>
            <trkpt lat="42.159818094263" lon="-84.64902897373274">
                <ele>1275.285976409911</ele>
                <time>2026-05-28T20:15:40.999341964Z</time>
            </trkpt>
            <trkpt lat="42.16020743366532" lon="-84.64907767259017">
                <ele>1275.9757957458485</ele>
                <time>2026-05-28T20:15:41.999335050Z</time>
            </trkpt>
            <trkpt lat="42.16059907809101" lon="-84.64913307697013">
                <ele>1276.5080223083482</ele>
                <time>2026-05-28T20:15:43.000320911Z</time>
            </trkpt>
            <trkpt lat="42.16099164452605" lon="-84.64918990627363">
                <ele>1276.4060935974107</ele>
                <time>2026-05-28T20:15:44.000323534Z</time>
            </trkpt>
            <trkpt lat="42.161385049151406" lon="-84.64924472392038">
                <ele>1276.6874656677235</ele>
                <time>2026-05-28T20:15:45.000313282Z</time>
            </trkpt>
            <trkpt lat="42.16178021397643" lon="-84.64929820046261">
                <ele>1277.1357078552232</ele>
                <time>2026-05-28T20:15:46.000318527Z</time>
            </trkpt>
            <trkpt lat="42.16217324141614" lon="-84.6493536886616">
                <ele>1277.5612449645985</ele>
                <time>2026-05-28T20:15:47.000318527Z</time>
            </trkpt>
            <trkpt lat="42.16257029216938" lon="-84.64941781022087">
                <ele>1278.1426658630357</ele>
                <time>2026-05-28T20:15:48.000305175Z</time>
            </trkpt>
            <trkpt lat="42.16296931266986" lon="-84.64948075831369">
                <ele>1277.732021331786</ele>
                <time>2026-05-28T20:15:49.000304698Z</time>
            </trkpt>
            <trkpt lat="42.16337047055565" lon="-84.6495437064065">
                <ele>1278.406581878661</ele>
                <time>2026-05-28T20:15:50.000303745Z</time>
            </trkpt>
            <trkpt lat="42.163775903212056" lon="-84.64960782796577">
                <ele>1278.7245750427235</ele>
                <time>2026-05-28T20:15:51.000288486Z</time>
            </trkpt>
            <trkpt lat="42.16418410189651" lon="-84.64966926731601">
                <ele>1279.1189842224107</ele>
                <time>2026-05-28T20:15:52.000286579Z</time>
            </trkpt>
            <trkpt lat="42.16458953455292" lon="-84.64973338887528">
                <ele>1278.7393455505357</ele>
                <time>2026-05-28T20:15:53.000284910Z</time>
            </trkpt>
            <trkpt lat="42.16499907434188" lon="-84.64979088873103">
                <ele>1278.837734222411</ele>
                <time>2026-05-28T20:15:54.000269889Z</time>
            </trkpt>
            <trkpt lat="42.165409787597284" lon="-84.64985056788161">
                <ele>1278.9468650817857</ele>
                <time>2026-05-28T20:15:55.000272035Z</time>
            </trkpt>
            <trkpt lat="42.16581978839093" lon="-84.64991594672635">
                <ele>1278.0296287536607</ele>
                <time>2026-05-28T20:15:56.000270843Z</time>
            </trkpt>
            <trkpt lat="42.16623171702229" lon="-84.64998174466625">
                <ele>1276.9075584411607</ele>
                <time>2026-05-28T20:15:57.000254869Z</time>
            </trkpt>
            <trkpt lat="42.1666466631388" lon="-84.65004100472167">
                <ele>1275.4906883239735</ele>
                <time>2026-05-28T20:15:58.000238895Z</time>
            </trkpt>
            <trkpt lat="42.16706416573577" lon="-84.6501002647771">
                <ele>1274.2170066833485</ele>
                <time>2026-05-28T20:15:59.000224113Z</time>
            </trkpt>
            <trkpt lat="42.16748292561822" lon="-84.65015717789963">
                <ele>1273.0810203552232</ele>
                <time>2026-05-28T20:16:00.000208854Z</time>
            </trkpt>
            <trkpt lat="42.1679054573571" lon="-84.65021132499412">
                <ele>1272.3080711364735</ele>
                <time>2026-05-28T20:16:01.000194072Z</time>
            </trkpt>
            <trkpt lat="42.168328827286295" lon="-84.65026689701214">
                <ele>1271.5501365661607</ele>
                <time>2026-05-28T20:16:02.000180006Z</time>
            </trkpt>
            <trkpt lat="42.16875290967726" lon="-84.65032079264954">
                <ele>1270.8761863708485</ele>
                <time>2026-05-28T20:16:03.000166416Z</time>
            </trkpt>
            <trkpt lat="42.16917581860178" lon="-84.65037032969728">
                <ele>1269.8558006286607</ele>
                <time>2026-05-28T20:16:04.000154018Z</time>
            </trkpt>
            <trkpt lat="42.169598978983394" lon="-84.65041592725053">
                <ele>1268.2726707458485</ele>
                <time>2026-05-28T20:16:05.000140666Z</time>
            </trkpt>
            <trkpt lat="42.170022684188716" lon="-84.65046554811731">
                <ele>1266.476894378661</ele>
                <time>2026-05-28T20:16:06.000128746Z</time>
            </trkpt>
            <trkpt lat="42.17044634748452" lon="-84.65050972074702">
                <ele>1265.0501365661607</ele>
                <time>2026-05-28T20:16:07.000115871Z</time>
            </trkpt>
            <trkpt lat="42.170871938618056" lon="-84.65054970242515">
                <ele>1263.8277244567857</ele>
                <time>2026-05-28T20:16:08.000103473Z</time>
            </trkpt>
            <trkpt lat="42.17129824221336" lon="-84.65059228249326">
                <ele>1262.581386566161</ele>
                <time>2026-05-28T20:16:09.000092744Z</time>
            </trkpt>
            <trkpt lat="42.17172664128446" lon="-84.65063846677974">
                <ele>1261.1991844177232</ele>
                <time>2026-05-28T20:16:10.000080585Z</time>
            </trkpt>
            <trkpt lat="42.172154537441365" lon="-84.65068272322848">
                <ele>1260.1181297302235</ele>
                <time>2026-05-28T20:16:11.000070095Z</time>
            </trkpt>
            <trkpt lat="42.17258025430345" lon="-84.65072857223883">
                <ele>1259.1208152770982</ele>
                <time>2026-05-28T20:16:12.000059366Z</time>
            </trkpt>
            <trkpt lat="42.173004713880054" lon="-84.65077475652531">
                <ele>1258.427089691161</ele>
                <time>2026-05-28T20:16:13.000048160Z</time>
            </trkpt>
            <trkpt lat="42.17342946682328" lon="-84.65081968352631">
                <ele>1258.2502098083485</ele>
                <time>2026-05-28T20:16:14.000038146Z</time>
            </trkpt>
            <trkpt lat="42.173853633033275" lon="-84.65086997494534">
                <ele>1257.527187347411</ele>
                <time>2026-05-28T20:16:15.000027418Z</time>
            </trkpt>
            <trkpt lat="42.17427784115279" lon="-84.65092529550627">
                <ele>1256.5452537536607</ele>
                <time>2026-05-28T20:16:16.000016927Z</time>
            </trkpt>
            <trkpt lat="42.17470230072939" lon="-84.65098279536203">
                <ele>1256.3516502380357</ele>
                <time>2026-05-28T20:16:17.000007390Z</time>
            </trkpt>
            <trkpt lat="42.17554065868461" lon="-84.65109083809391">
                <ele>1256.4635887145985</ele>
                <time>2026-05-28T20:16:18.999987602Z</time>
            </trkpt>
            <trkpt lat="42.17595782600546" lon="-84.65114138097003">
                <ele>1256.1818504333485</ele>
                <time>2026-05-28T20:16:19.999978065Z</time>
            </trkpt>
            <trkpt lat="42.17637243684584" lon="-84.65118899018005">
                <ele>1256.400478363036</ele>
                <time>2026-05-28T20:16:20.999968528Z</time>
            </trkpt>
            <trkpt lat="42.176786460953" lon="-84.65124011978939">
                <ele>1256.641445159911</ele>
                <time>2026-05-28T20:16:21.999959230Z</time>
            </trkpt>
            <trkpt lat="42.17719696466082" lon="-84.65129108176068">
                <ele>1257.1296043395985</ele>
                <time>2026-05-28T20:16:22.999949932Z</time>
            </trkpt>
            <trkpt lat="42.177605372892856" lon="-84.65134413920775">
                <ele>1256.8738670349107</ele>
                <time>2026-05-28T20:16:23.999941349Z</time>
            </trkpt>
            <trkpt lat="42.178011308463454" lon="-84.65139862157837">
                <ele>1257.0061912536607</ele>
                <time>2026-05-28T20:16:24.999932527Z</time>
            </trkpt>
            <trkpt lat="42.17841707639599" lon="-84.65145628907219">
                <ele>1257.0448875427232</ele>
                <time>2026-05-28T20:16:25.999923229Z</time>
            </trkpt>
            <trkpt lat="42.178821293676435" lon="-84.65151915334597">
                <ele>1257.4643211364735</ele>
                <time>2026-05-28T20:16:26.999914169Z</time>
            </trkpt>
            <trkpt lat="42.17922282874787" lon="-84.6515844483717">
                <ele>1258.3648338317857</ele>
                <time>2026-05-28T20:16:27.999905586Z</time>
            </trkpt>
            <trkpt lat="42.179623106533825" lon="-84.65165309615867">
                <ele>1259.3410301208485</ele>
                <time>2026-05-28T20:16:28.999897003Z</time>
            </trkpt>
            <trkpt lat="42.180020911658346" lon="-84.65172157630758">
                <ele>1260.0486717224107</ele>
                <time>2026-05-28T20:16:29.999887943Z</time>
            </trkpt>
            <trkpt lat="42.18041930351609" lon="-84.6517877095236">
                <ele>1260.8318748474107</ele>
                <time>2026-05-28T20:16:30.999880313Z</time>
            </trkpt>
            <trkpt lat="42.18081438452208" lon="-84.65185660876767">
                <ele>1261.6357078552232</ele>
                <time>2026-05-28T20:16:31.999871492Z</time>
            </trkpt>
            <trkpt lat="42.18120921407098" lon="-84.65192475364046">
                <ele>1262.3776512145985</ele>
                <time>2026-05-28T20:16:32.999863386Z</time>
            </trkpt>
            <trkpt lat="42.18160299588198" lon="-84.65199423961775">
                <ele>1263.1027488708485</ele>
                <time>2026-05-28T20:16:33.999855041Z</time>
            </trkpt>
            <trkpt lat="42.18199464030767" lon="-84.65206774890856">
                <ele>1263.6369285583482</ele>
                <time>2026-05-28T20:16:34.999845981Z</time>
            </trkpt>
            <trkpt lat="42.1823861170953" lon="-84.65214251548485">
                <ele>1264.1012840270982</ele>
                <time>2026-05-28T20:16:35.999838352Z</time>
            </trkpt>
            <trkpt lat="42.182776671873576" lon="-84.65221501894729">
                <ele>1264.6125144958485</ele>
                <time>2026-05-28T20:16:36.999829769Z</time>
            </trkpt>
            <trkpt lat="42.183165382633156" lon="-84.65228391819136">
                <ele>1265.0434226989732</ele>
                <time>2026-05-28T20:16:37.999821901Z</time>
            </trkpt>
            <trkpt lat="42.18355141118372" lon="-84.65234125040905">
                <ele>1265.0428123474107</ele>
                <time>2026-05-28T20:16:38.999813556Z</time>
            </trkpt>
            <trkpt lat="42.18393551189656" lon="-84.65238793760972">
                <ele>1265.0387840270985</ele>
                <time>2026-05-28T20:16:39.999805927Z</time>
            </trkpt>
            <trkpt lat="42.18432330064679" lon="-84.65240369558768">
                <ele>1265.534755706786</ele>
                <time>2026-05-28T20:16:40.999798297Z</time>
            </trkpt>
            <trkpt lat="42.184705976436085" lon="-84.65238483630554">
                <ele>1264.854091644286</ele>
                <time>2026-05-28T20:16:41.999789953Z</time>
            </trkpt>
            <trkpt lat="42.18508370690251" lon="-84.65232700117366">
                <ele>1263.8797264099107</ele>
                <time>2026-05-28T20:16:42.999781370Z</time>
            </trkpt>
            <trkpt lat="42.185448487328536" lon="-84.65223597370522">
                <ele>1262.1447410583485</ele>
                <time>2026-05-28T20:16:43.999773979Z</time>
            </trkpt>
            <trkpt lat="42.18581113036925" lon="-84.6521074791296">
                <ele>1259.8722801208485</ele>
                <time>2026-05-28T20:16:44.999765634Z</time>
            </trkpt>
            <trkpt lat="42.18616589442099" lon="-84.6519396734281">
                <ele>1256.951747894286</ele>
                <time>2026-05-28T20:16:45.999757766Z</time>
            </trkpt>
            <trkpt lat="42.18651168983633" lon="-84.65174286634164">
                <ele>1255.5645408630357</ele>
                <time>2026-05-28T20:16:46.999749660Z</time>
            </trkpt>
            <trkpt lat="42.18685031872446" lon="-84.65151144199505">
                <ele>1254.601894378661</ele>
                <time>2026-05-28T20:16:47.999742507Z</time>
            </trkpt>
            <trkpt lat="42.18718228399957" lon="-84.65125931434766">
                <ele>1253.8034324645985</ele>
                <time>2026-05-28T20:16:48.999733924Z</time>
            </trkpt>
            <trkpt lat="42.18750255651975" lon="-84.6509803646101">
                <ele>1253.1036033630357</ele>
                <time>2026-05-28T20:16:49.999726772Z</time>
            </trkpt>
            <trkpt lat="42.18781180683727" lon="-84.6506872494562">
                <ele>1251.7051658630357</ele>
                <time>2026-05-28T20:16:50.999719142Z</time>
            </trkpt>
            <trkpt lat="42.18811104078049" lon="-84.65036152869895">
                <ele>1250.5523338317857</ele>
                <time>2026-05-28T20:16:51.999711036Z</time>
            </trkpt>
            <trkpt lat="42.188395103478975" lon="-84.65000554927126">
                <ele>1249.6829490661607</ele>
                <time>2026-05-28T20:16:52.999703407Z</time>
            </trkpt>
            <trkpt lat="42.18866374347563" lon="-84.64961763479248">
                <ele>1248.7961082458485</ele>
                <time>2026-05-28T20:16:53.999695301Z</time>
            </trkpt>
            <trkpt lat="42.18891159635241" lon="-84.6492070053561">
                <ele>1247.9497947692857</ele>
                <time>2026-05-28T20:16:54.999687671Z</time>
            </trkpt>
            <trkpt lat="42.18913924884255" lon="-84.6487682965441">
                <ele>1246.2904930114735</ele>
                <time>2026-05-28T20:16:55.999680042Z</time>
            </trkpt>
            <trkpt lat="42.18934716195072" lon="-84.64830519639388">
                <ele>1245.1064109802235</ele>
                <time>2026-05-28T20:16:56.999672889Z</time>
            </trkpt>
            <trkpt lat="42.18953609004821" lon="-84.64782608680859">
                <ele>1243.988124847411</ele>
                <time>2026-05-28T20:16:57.999664783Z</time>
            </trkpt>
            <trkpt lat="42.18969853133167" lon="-84.64732828557923">
                <ele>1243.2549705505357</ele>
                <time>2026-05-28T20:16:58.999656915Z</time>
            </trkpt>
            <trkpt lat="42.189837503286256" lon="-84.6468157322003">
                <ele>1242.199550628661</ele>
                <time>2026-05-28T20:16:59.999649524Z</time>
            </trkpt>
            <trkpt lat="42.18995371837373" lon="-84.64628758848146">
                <ele>1240.826259613036</ele>
                <time>2026-05-28T20:17:00.999641418Z</time>
            </trkpt>
            <trkpt lat="42.19004466202314" lon="-84.64575039230719">
                <ele>1239.0116844177235</ele>
                <time>2026-05-28T20:17:01.999634265Z</time>
            </trkpt>
            <trkpt lat="42.19011012468691" lon="-84.64520615533426">
                <ele>1237.4787254333482</ele>
                <time>2026-05-28T20:17:02.999627113Z</time>
            </trkpt>
            <trkpt lat="42.19015392013098" lon="-84.64465144098237">
                <ele>1236.5928611755357</ele>
                <time>2026-05-28T20:17:03.999618530Z</time>
            </trkpt>
            <trkpt lat="42.19018476553465" lon="-84.64409505024985">
                <ele>1236.478847503661</ele>
                <time>2026-05-28T20:17:04.999610900Z</time>
            </trkpt>
            <trkpt lat="42.19019670974667" lon="-84.64353983298376">
                <ele>1237.138759613036</ele>
                <time>2026-05-28T20:17:05.999604225Z</time>
            </trkpt>
            <trkpt lat="42.19019578773732" lon="-84.6429852024509">
                <ele>1238.026210784911</ele>
                <time>2026-05-28T20:17:06.999596595Z</time>
            </trkpt>
            <trkpt lat="42.190185855182065" lon="-84.64243141010836">
                <ele>1239.0544090270982</ele>
                <time>2026-05-28T20:17:07.999588727Z</time>
            </trkpt>
            <trkpt lat="42.190165864343" lon="-84.64188197635546">
                <ele>1240.283779144286</ele>
                <time>2026-05-28T20:17:08.999580860Z</time>
            </trkpt>
            <trkpt lat="42.1901391679814" lon="-84.64133371606901">
                <ele>1242.5653953552235</ele>
                <time>2026-05-28T20:17:09.999572753Z</time>
            </trkpt>
            <trkpt lat="42.19011293262447" lon="-84.64078964673415">
                <ele>1244.925624847411</ele>
                <time>2026-05-28T20:17:10.999565601Z</time>
            </trkpt>
            <trkpt lat="42.19008837364818" lon="-84.64025060654119">
                <ele>1247.3883934020985</ele>
                <time>2026-05-28T20:17:11.999558448Z</time>
            </trkpt>
            <trkpt lat="42.19006469477172" lon="-84.63971869096592">
                <ele>1250.118984222411</ele>
                <time>2026-05-28T20:17:12.999550104Z</time>
            </trkpt>
            <trkpt lat="42.190040680619134" lon="-84.63918912232354">
                <ele>1252.0141258239732</ele>
                <time>2026-05-28T20:17:13.999543190Z</time>
            </trkpt>
            <trkpt lat="42.1900173370188" lon="-84.63866391227081">
                <ele>1253.854335784911</ele>
                <time>2026-05-28T20:17:14.999535083Z</time>
            </trkpt>
            <trkpt lat="42.18999416105653" lon="-84.63815278381541">
                <ele>1255.0780906677235</ele>
                <time>2026-05-28T20:17:15.999527931Z</time>
            </trkpt>
            <trkpt lat="42.18997303866054" lon="-84.63764207445517">
                <ele>1254.8839988708485</ele>
                <time>2026-05-28T20:17:16.999520301Z</time>
            </trkpt>
            <trkpt lat="42.18995401174034" lon="-84.63712767705753">
                <ele>1253.723232269286</ele>
                <time>2026-05-28T20:17:17.999512434Z</time>
            </trkpt>
            <trkpt lat="42.189937247934" lon="-84.63660967544153">
                <ele>1252.5583152770982</ele>
                <time>2026-05-28T20:17:18.999504566Z</time>
            </trkpt>
            <trkpt lat="42.18992425598408" lon="-84.63609175764455">
                <ele>1251.155117034911</ele>
                <time>2026-05-28T20:17:19.999497413Z</time>
            </trkpt>
            <trkpt lat="42.18990636062081" lon="-84.63557300165726">
                <ele>1250.1796531677232</ele>
                <time>2026-05-28T20:17:20.999490261Z</time>
            </trkpt>
            <trkpt lat="42.18988523822482" lon="-84.63505315602256">
                <ele>1249.4181785583482</ele>
                <time>2026-05-28T20:17:21.999482393Z</time>
            </trkpt>
            <trkpt lat="42.18986302618141" lon="-84.63453557350172">
                <ele>1248.9394187927232</ele>
                <time>2026-05-28T20:17:22.999474525Z</time>
            </trkpt>
            <trkpt lat="42.1898413170522" lon="-84.63402000263764">
                <ele>1248.2807273864735</ele>
                <time>2026-05-28T20:17:23.999467372Z</time>
            </trkpt>
            <trkpt lat="42.18982136812265" lon="-84.63350174956454">
                <ele>1247.5982322692857</ele>
                <time>2026-05-28T20:17:24.999459743Z</time>
            </trkpt>
            <trkpt lat="42.189811309838845" lon="-84.63298525669111">
                <ele>1246.576992034911</ele>
                <time>2026-05-28T20:17:25.999452352Z</time>
            </trkpt>
            <trkpt lat="42.18980653215404" lon="-84.63246574633254">
                <ele>1246.1794090270982</ele>
                <time>2026-05-28T20:17:26.999444961Z</time>
            </trkpt>
            <trkpt lat="42.18980674170162" lon="-84.63193827316596">
                <ele>1245.2729148864735</ele>
                <time>2026-05-28T20:17:27.999437093Z</time>
            </trkpt>
            <trkpt lat="42.18979949135537" lon="-84.6313987300588">
                <ele>1245.0617332458485</ele>
                <time>2026-05-28T20:17:28.999429464Z</time>
            </trkpt>
            <trkpt lat="42.189777321221484" lon="-84.63086228825583">
                <ele>1243.565517425536</ele>
                <time>2026-05-28T20:17:29.999421834Z</time>
            </trkpt>
            <trkpt lat="42.18973247803952" lon="-84.63032525971963">
                <ele>1241.4842185974107</ele>
                <time>2026-05-28T20:17:30.999414682Z</time>
            </trkpt>
            <trkpt lat="42.18965968121047" lon="-84.6297892370118">
                <ele>1239.982265472411</ele>
                <time>2026-05-28T20:17:31.999406576Z</time>
            </trkpt>
            <trkpt lat="42.18956345696206" lon="-84.62925505832268">
                <ele>1238.8153953552232</ele>
                <time>2026-05-28T20:17:32.999399185Z</time>
            </trkpt>
            <trkpt lat="42.189443553837194" lon="-84.62872708224191">
                <ele>1237.3442039489735</ele>
                <time>2026-05-28T20:17:33.999391555Z</time>
            </trkpt>
            <trkpt lat="42.189296241888954" lon="-84.6282095835401">
                <ele>1236.5003318786607</ele>
                <time>2026-05-28T20:17:34.999383926Z</time>
            </trkpt>
            <trkpt lat="42.18911728825624" lon="-84.6276997961892">
                <ele>1236.1344871520985</ele>
                <time>2026-05-28T20:17:35.999377250Z</time>
            </trkpt>
            <trkpt lat="42.18892010398413" lon="-84.62720065385534">
                <ele>1235.3791160583485</ele>
                <time>2026-05-28T20:17:36.999369621Z</time>
            </trkpt>
            <trkpt lat="42.18869567852671" lon="-84.62671123452915">
                <ele>1235.1620750427232</ele>
                <time>2026-05-28T20:17:37.999361991Z</time>
            </trkpt>
            <trkpt lat="42.18845168132538" lon="-84.62623178966774">
                <ele>1234.8404197692857</ele>
                <time>2026-05-28T20:17:38.999353885Z</time>
            </trkpt>
            <trkpt lat="42.18819209378416" lon="-84.62576751605107">
                <ele>1235.1646385192857</ele>
                <time>2026-05-28T20:17:39.999346733Z</time>
            </trkpt>
            <trkpt lat="42.18791515570337" lon="-84.62531749166979">
                <ele>1236.4516258239732</ele>
                <time>2026-05-28T20:17:40.999339342Z</time>
            </trkpt>
            <trkpt lat="42.18762258537317" lon="-84.62488808677031">
                <ele>1237.3566551208482</ele>
                <time>2026-05-28T20:17:41.999330997Z</time>
            </trkpt>
            <trkpt lat="42.18731756791676" lon="-84.62447175763978">
                <ele>1238.597499847411</ele>
                <time>2026-05-28T20:17:42.999324798Z</time>
            </trkpt>
            <trkpt lat="42.18700358182395" lon="-84.62407202467753">
                <ele>1238.9822654724107</ele>
                <time>2026-05-28T20:17:43.999316692Z</time>
            </trkpt>
            <trkpt lat="42.18667660378123" lon="-84.62369609632029">
                <ele>1238.8468894958485</ele>
                <time>2026-05-28T20:17:44.999309062Z</time>
            </trkpt>
            <trkpt lat="42.18633399348909" lon="-84.62333357900812">
                <ele>1237.7500877380357</ele>
                <time>2026-05-28T20:17:45.999300956Z</time>
            </trkpt>
            <trkpt lat="42.185976924413986" lon="-84.62298841223551">
                <ele>1236.342372894286</ele>
                <time>2026-05-28T20:17:46.999294281Z</time>
            </trkpt>
            <trkpt lat="42.185604097360915" lon="-84.62266260765924">
                <ele>1234.1640281677232</ele>
                <time>2026-05-28T20:17:47.999287128Z</time>
            </trkpt>
            <trkpt lat="42.18521769162471" lon="-84.62235817693605">
                <ele>1230.5651512145985</ele>
                <time>2026-05-28T20:17:49.000367641Z</time>
            </trkpt>
            <trkpt lat="42.18481552791054" lon="-84.62207604207529">
                <ele>1226.4961814880357</ele>
                <time>2026-05-28T20:17:50.000370979Z</time>
            </trkpt>
            <trkpt lat="42.1844036830982" lon="-84.62180907845928">
                <ele>1221.6957664489732</ele>
                <time>2026-05-28T20:17:51.000360012Z</time>
            </trkpt>
            <trkpt lat="42.18398203145916" lon="-84.62156399161054">
                <ele>1216.3459129333482</ele>
                <time>2026-05-28T20:17:52.000364780Z</time>
            </trkpt>
            <trkpt lat="42.18354340646619" lon="-84.62134581067099">
                <ele>1209.9937400817857</ele>
                <time>2026-05-28T20:17:53.000362873Z</time>
            </trkpt>
            <trkpt lat="42.18309455555136" lon="-84.62117155090405">
                <ele>1203.607021331786</ele>
                <time>2026-05-28T20:17:54.000347614Z</time>
            </trkpt>
            <trkpt lat="42.18263040766323" lon="-84.62101866499019">
                <ele>1196.669521331786</ele>
                <time>2026-05-28T20:17:55.000346660Z</time>
            </trkpt>
            <trkpt lat="42.18215754259581" lon="-84.62089729503226">
                <ele>1189.323085784911</ele>
                <time>2026-05-28T20:17:56.000344753Z</time>
            </trkpt>
            <trkpt lat="42.181677427182144" lon="-84.62080216043127">
                <ele>1182.408535003661</ele>
                <time>2026-05-28T20:17:57.000327348Z</time>
            </trkpt>
            <trkpt lat="42.181188133584506" lon="-84.62073250681591">
                <ele>1176.9455223083485</ele>
                <time>2026-05-28T20:17:58.000324726Z</time>
            </trkpt>
            <trkpt lat="42.18069477476382" lon="-84.62067852735949">
                <ele>1171.9362449645985</ele>
                <time>2026-05-28T20:17:59.000324010Z</time>
            </trkpt>
            <trkpt lat="42.180198985191225" lon="-84.62064290427101">
                <ele>1167.486660003661</ele>
                <time>2026-05-28T20:18:00.000306129Z</time>
            </trkpt>
            <trkpt lat="42.17970411762798" lon="-84.62062027313245">
                <ele>1163.471523284911</ele>
                <time>2026-05-28T20:18:01.000302791Z</time>
            </trkpt>
            <trkpt lat="42.17920803468877" lon="-84.62060920902026">
                <ele>1159.552822113036</ele>
                <time>2026-05-28T20:18:02.000299930Z</time>
            </trkpt>
            <trkpt lat="42.17871094592118" lon="-84.62061239414346">
                <ele>1155.3432273864735</ele>
                <time>2026-05-28T20:18:03.000282287Z</time>
            </trkpt>
            <trkpt lat="42.17821934730017" lon="-84.62063192397785">
                <ele>1152.1222801208485</ele>
                <time>2026-05-28T20:18:04.000267028Z</time>
            </trkpt>
            <trkpt lat="42.1777299698835" lon="-84.62066838525665">
                <ele>1149.829189300536</ele>
                <time>2026-05-28T20:18:05.000250816Z</time>
            </trkpt>
            <trkpt lat="42.17724260412359" lon="-84.62071691647601">
                <ele>1147.687587738036</ele>
                <time>2026-05-28T20:18:06.000235795Z</time>
            </trkpt>
            <trkpt lat="42.176761399062514" lon="-84.62076092146766">
                <ele>1146.508876800536</ele>
                <time>2026-05-28T20:18:07.000220775Z</time>
            </trkpt>
            <trkpt lat="42.17628497168624" lon="-84.62080392063093">
                <ele>1145.268398284911</ele>
                <time>2026-05-28T20:18:08.000206708Z</time>
            </trkpt>
            <trkpt lat="42.175811142699956" lon="-84.62084658451808">
                <ele>1144.068447113036</ele>
                <time>2026-05-28T20:18:09.000192642Z</time>
            </trkpt>
            <trkpt lat="42.17534259431267" lon="-84.62089276880455">
                <ele>1142.5671043395985</ele>
                <time>2026-05-28T20:18:10.000179290Z</time>
            </trkpt>
            <trkpt lat="42.174878530243575" lon="-84.62093895309103">
                <ele>1141.250820159911</ele>
                <time>2026-05-28T20:18:11.000164985Z</time>
            </trkpt>
            <trkpt lat="42.17441786084527" lon="-84.6209869813962">
                <ele>1139.616542816161</ele>
                <time>2026-05-28T20:18:12.000152587Z</time>
            </trkpt>
            <trkpt lat="42.17396104712242" lon="-84.62103635080588">
                <ele>1137.593349456786</ele>
                <time>2026-05-28T20:18:13.000139474Z</time>
            </trkpt>
            <trkpt lat="42.17350461058521" lon="-84.62109234191908">
                <ele>1135.513759613036</ele>
                <time>2026-05-28T20:18:14.000127792Z</time>
            </trkpt>
            <trkpt lat="42.17305299364232" lon="-84.62115352981223">
                <ele>1133.5282859802235</ele>
                <time>2026-05-28T20:18:15.000115394Z</time>
            </trkpt>
            <trkpt lat="42.172602131070725" lon="-84.62121848956181">
                <ele>1131.2316551208485</ele>
                <time>2026-05-28T20:18:16.000103473Z</time>
            </trkpt>
            <trkpt lat="42.17215122658961" lon="-84.6212866344346">
                <ele>1128.502529144286</ele>
                <time>2026-05-28T20:18:17.000092267Z</time>
            </trkpt>
            <trkpt lat="42.17170313004606" lon="-84.62136081427766">
                <ele>1125.3927879333485</ele>
                <time>2026-05-28T20:18:18.000079631Z</time>
            </trkpt>
            <trkpt lat="42.171253985764615" lon="-84.62143750869168">
                <ele>1121.6579246520985</ele>
                <time>2026-05-28T20:18:19.000068187Z</time>
            </trkpt>
            <trkpt lat="42.17080643404477" lon="-84.62151302963926">
                <ele>1118.494716644286</ele>
                <time>2026-05-28T20:18:20.000056982Z</time>
            </trkpt>
            <trkpt lat="42.170358086044125" lon="-84.62158117451204">
                <ele>1115.029384613036</ele>
                <time>2026-05-28T20:18:21.000045776Z</time>
            </trkpt>
            <trkpt lat="42.16991124678605" lon="-84.62163632743491">
                <ele>1111.496181488036</ele>
                <time>2026-05-28T20:18:22.000035285Z</time>
            </trkpt>
            <trkpt lat="42.16946520380878" lon="-84.62168184116913">
                <ele>1107.719570159911</ele>
                <time>2026-05-28T20:18:23.000024318Z</time>
            </trkpt>
            <trkpt lat="42.169016813898615" lon="-84.62172592997982">
                <ele>1104.3532371520985</ele>
                <time>2026-05-28T20:18:24.000013828Z</time>
            </trkpt>
            <trkpt lat="42.16856863353603" lon="-84.62177488029434">
                <ele>1100.6335105895985</ele>
                <time>2026-05-28T20:18:25.000003814Z</time>
            </trkpt>
            <trkpt lat="42.16766640547865" lon="-84.62188292302622">
                <ele>1093.577968597411</ele>
                <time>2026-05-28T20:18:26.999982833Z</time>
            </trkpt>
            <trkpt lat="42.16721244160288" lon="-84.62193975232972">
                <ele>1089.7658348083485</ele>
                <time>2026-05-28T20:18:27.999972820Z</time>
            </trkpt>
            <trkpt lat="42.166761243755154" lon="-84.62199683309032">
                <ele>1086.810878753661</ele>
                <time>2026-05-28T20:18:28.999962806Z</time>
            </trkpt>
            <trkpt lat="42.166307657065026" lon="-84.62205341093673">
                <ele>1083.6391258239735</ele>
                <time>2026-05-28T20:18:29.999953746Z</time>
            </trkpt>
            <trkpt lat="42.16585159771346" lon="-84.62211158134474">
                <ele>1080.602382659911</ele>
                <time>2026-05-28T20:18:30.999943256Z</time>
            </trkpt>
            <trkpt lat="42.1653942391669" lon="-84.62216933265759">
                <ele>1078.311367034911</ele>
                <time>2026-05-28T20:18:31.999933481Z</time>
            </trkpt>
            <trkpt lat="42.164933946954235" lon="-84.62222859271301">
                <ele>1075.9772605895987</ele>
                <time>2026-05-28T20:18:32.999923706Z</time>
            </trkpt>
            <trkpt lat="42.16447474438898" lon="-84.62227150805725">
                <ele>1074.777431488036</ele>
                <time>2026-05-28T20:18:33.999914646Z</time>
            </trkpt>
            <trkpt lat="42.16401604473792" lon="-84.62231190883054">
                <ele>1074.1664695739737</ele>
                <time>2026-05-28T20:18:34.999905109Z</time>
            </trkpt>
            <trkpt lat="42.16355902146749" lon="-84.62235675201251">
                <ele>1074.1881980895987</ele>
                <time>2026-05-28T20:18:35.999895095Z</time>
            </trkpt>
            <trkpt lat="42.1631036745777" lon="-84.62240017027094">
                <ele>1074.5548973083485</ele>
                <time>2026-05-28T20:18:36.999885797Z</time>
            </trkpt>
            <trkpt lat="42.16264895633064" lon="-84.62244618691935">
                <ele>1075.683681488036</ele>
                <time>2026-05-28T20:18:37.999876976Z</time>
            </trkpt>
            <trkpt lat="42.16219918340646" lon="-84.62249723270966">
                <ele>1076.6176414489735</ele>
                <time>2026-05-28T20:18:38.999867677Z</time>
            </trkpt>
            <trkpt lat="42.16175246987693" lon="-84.62254685357644">
                <ele>1076.5595359802235</ele>
                <time>2026-05-28T20:18:39.999858379Z</time>
            </trkpt>
            <trkpt lat="42.161303702781126" lon="-84.6225916967584">
                <ele>1075.4313621520985</ele>
                <time>2026-05-28T20:18:40.999849319Z</time>
            </trkpt>
            <trkpt lat="42.1608551452329" lon="-84.62263855159713">
                <ele>1073.939296722411</ele>
                <time>2026-05-28T20:18:41.999840259Z</time>
            </trkpt>
            <trkpt lat="42.16040419884227" lon="-84.62268238895072">
                <ele>1072.2843894958485</ele>
                <time>2026-05-28T20:18:42.999830722Z</time>
            </trkpt>
            <trkpt lat="42.15995157607101" lon="-84.62272689685656">
                <ele>1070.6248435974112</ele>
                <time>2026-05-28T20:18:43.999821901Z</time>
            </trkpt>
            <trkpt lat="42.15949656445734" lon="-84.62277316496207">
                <ele>1069.1667137145985</ele>
                <time>2026-05-28T20:18:44.999813318Z</time>
            </trkpt>
            <trkpt lat="42.15904025364868" lon="-84.62282144472434">
                <ele>1067.8973045349112</ele>
                <time>2026-05-28T20:18:45.999804019Z</time>
            </trkpt>
            <trkpt lat="42.1585828112831" lon="-84.62286888629629">
                <ele>1067.1921043395985</ele>
                <time>2026-05-28T20:18:46.999794960Z</time>
            </trkpt>
            <trkpt lat="42.158122896256074" lon="-84.62291959681048">
                <ele>1066.5370750427235</ele>
                <time>2026-05-28T20:18:47.999786376Z</time>
            </trkpt>
            <trkpt lat="42.157663693690814" lon="-84.62297315717174">
                <ele>1066.2091941833485</ele>
                <time>2026-05-28T20:18:48.999777555Z</time>
            </trkpt>
            <trkpt lat="42.157208514439084" lon="-84.62302789099945">
                <ele>1066.451992034911</ele>
                <time>2026-05-28T20:18:49.999768733Z</time>
            </trkpt>
            <trkpt lat="42.156753838101544" lon="-84.62307893678977">
                <ele>1066.4225730895985</ele>
                <time>2026-05-28T20:18:50.999759674Z</time>
            </trkpt>
            <trkpt lat="42.15630058668754" lon="-84.62313258097006">
                <ele>1066.6637840270985</ele>
                <time>2026-05-28T20:18:51.999751091Z</time>
            </trkpt>
            <trkpt lat="42.155852154867866" lon="-84.62318873972131">
                <ele>1067.6039695739735</ele>
                <time>2026-05-28T20:18:52.999741554Z</time>
            </trkpt>
            <trkpt lat="42.15540535751931" lon="-84.62324766450061">
                <ele>1068.930019378661</ele>
                <time>2026-05-28T20:18:53.999732732Z</time>
            </trkpt>
            <trkpt lat="42.154961326198794" lon="-84.62330625400378">
                <ele>1069.9950828552235</ele>
                <time>2026-05-28T20:18:54.999724864Z</time>
            </trkpt>
            <trkpt lat="42.15452194683454" lon="-84.62336325094535">
                <ele>1070.513759613036</ele>
                <time>2026-05-28T20:18:55.999716281Z</time>
            </trkpt>
            <trkpt lat="42.15408466294608" lon="-84.62342209190561">
                <ele>1070.8219871520985</ele>
                <time>2026-05-28T20:18:56.999706983Z</time>
            </trkpt>
            <trkpt lat="42.153648468705036" lon="-84.62348093286587">
                <ele>1071.1117820739735</ele>
                <time>2026-05-28T20:18:57.999697923Z</time>
            </trkpt>
            <trkpt lat="42.153216884510734" lon="-84.62353633724584">
                <ele>1071.373622894286</ele>
                <time>2026-05-28T20:18:58.999689817Z</time>
            </trkpt>
            <trkpt lat="42.152787689158835" lon="-84.62359660312964">
                <ele>1071.388271331786</ele>
                <time>2026-05-28T20:18:59.999680995Z</time>
            </trkpt>
            <trkpt lat="42.152356188783564" lon="-84.62365804247989">
                <ele>1071.053310394286</ele>
                <time>2026-05-28T20:19:00.999671936Z</time>
            </trkpt>
            <trkpt lat="42.151925568508126" lon="-84.6237233375056">
                <ele>1070.6816062927235</ele>
                <time>2026-05-28T20:19:01.999663591Z</time>
            </trkpt>
            <trkpt lat="42.15149511587075" lon="-84.62378754288389">
                <ele>1070.1081199645985</ele>
                <time>2026-05-28T20:19:02.999655246Z</time>
            </trkpt>
            <trkpt lat="42.15106625579498" lon="-84.62384814404382">
                <ele>1069.451015472411</ele>
                <time>2026-05-28T20:19:03.999647140Z</time>
            </trkpt>
            <trkpt lat="42.150633875319876" lon="-84.62390455425216">
                <ele>1068.924160003661</ele>
                <time>2026-05-28T20:19:04.999638319Z</time>
            </trkpt>
            <trkpt lat="42.15020183012089" lon="-84.62395534858538">
                <ele>1068.5288963317862</ele>
                <time>2026-05-28T20:19:05.999629020Z</time>
            </trkpt>
            <trkpt lat="42.1497671027129" lon="-84.6240008623196">
                <ele>1068.2865867614735</ele>
                <time>2026-05-28T20:19:06.999620437Z</time>
            </trkpt>
            <trkpt lat="42.14933082465282" lon="-84.62404344238772">
                <ele>1068.3339500427235</ele>
                <time>2026-05-28T20:19:07.999612331Z</time>
            </trkpt>
            <trkpt lat="42.14889538478306" lon="-84.6240877826555">
                <ele>1069.034267425536</ele>
                <time>2026-05-28T20:19:08.999603271Z</time>
            </trkpt>
            <trkpt lat="42.14846296239844" lon="-84.62413480513229">
                <ele>1069.9801902770987</ele>
                <time>2026-05-28T20:19:09.999595165Z</time>
            </trkpt>
            <trkpt lat="42.14803280312768" lon="-84.62418568328454">
                <ele>1071.461025238036</ele>
                <time>2026-05-28T20:19:10.999586105Z</time>
            </trkpt>
            <trkpt lat="42.14760398496142" lon="-84.6242376510842">
                <ele>1072.4123191833485</ele>
                <time>2026-05-28T20:19:11.999578475Z</time>
            </trkpt>
            <trkpt lat="42.14717307131937" lon="-84.62429330692126">
                <ele>1072.8273582458485</ele>
                <time>2026-05-28T20:19:12.999568939Z</time>
            </trkpt>
            <trkpt lat="42.1467391821017" lon="-84.62435097441508">
                <ele>1072.776699066161</ele>
                <time>2026-05-28T20:19:13.999560832Z</time>
            </trkpt>
            <trkpt lat="42.14630650825998" lon="-84.62440855808987">
                <ele>1073.7734031677235</ele>
                <time>2026-05-28T20:19:14.999552488Z</time>
            </trkpt>
            <trkpt lat="42.14587219994715" lon="-84.62446102880372">
                <ele>1074.756679534911</ele>
                <time>2026-05-28T20:19:15.999543905Z</time>
            </trkpt>
            <trkpt lat="42.14543877173415" lon="-84.62451651700272">
                <ele>1075.691005706786</ele>
                <time>2026-05-28T20:19:16.999535083Z</time>
            </trkpt>
            <trkpt lat="42.14500450533083" lon="-84.62457284339203">
                <ele>1077.2340965270985</ele>
                <time>2026-05-28T20:19:17.999526262Z</time>
            </trkpt>
            <trkpt lat="42.14457120284638" lon="-84.62462380536331">
                <ele>1078.4856834411612</ele>
                <time>2026-05-28T20:19:18.999517917Z</time>
            </trkpt>
            <trkpt lat="42.14413978629014" lon="-84.62467191748752">
                <ele>1078.7904930114735</ele>
                <time>2026-05-28T20:19:19.999509334Z</time>
            </trkpt>
            <trkpt lat="42.14370878882906" lon="-84.62472162217333">
                <ele>1079.8837547302235</ele>
                <time>2026-05-28T20:19:20.999501228Z</time>
            </trkpt>
            <trkpt lat="42.143285209352285" lon="-84.62476747118367">
                <ele>1078.942470550536</ele>
                <time>2026-05-28T20:19:21.999492645Z</time>
            </trkpt>
            <trkpt lat="42.14285689410022" lon="-84.62481499657466">
                <ele>1078.3517723083485</ele>
                <time>2026-05-28T20:19:22.999483823Z</time>
            </trkpt>
            <trkpt lat="42.14242815975299" lon="-84.62486151613726">
                <ele>1077.937343597411</ele>
                <time>2026-05-28T20:19:23.999475002Z</time>
            </trkpt>
            <trkpt lat="42.141998922491574" lon="-84.62489479229285">
                <ele>1077.230800628661</ele>
                <time>2026-05-28T20:19:24.999466896Z</time>
            </trkpt>
            <trkpt lat="42.14156758975437" lon="-84.62493628271355">
                <ele>1076.369472503661</ele>
                <time>2026-05-28T20:19:25.999458312Z</time>
            </trkpt>
            <trkpt lat="42.14113541882684" lon="-84.62498766377999">
                <ele>1076.257411956786</ele>
                <time>2026-05-28T20:19:26.999449729Z</time>
            </trkpt>
            <trkpt lat="42.14070421181818" lon="-84.62504709147348">
                <ele>1078.162441253661</ele>
                <time>2026-05-28T20:19:27.999441146Z</time>
            </trkpt>
            <trkpt lat="42.140276525208854" lon="-84.62510584861471">
                <ele>1082.568447113036</ele>
                <time>2026-05-28T20:19:28.999433040Z</time>
            </trkpt>
            <trkpt lat="42.13985416110804" lon="-84.62514675230219">
                <ele>1088.466396331786</ele>
                <time>2026-05-28T20:19:29.999423980Z</time>
            </trkpt>
            <trkpt lat="42.139434143940115" lon="-84.62517131127848">
                <ele>1094.8854637145985</ele>
                <time>2026-05-28T20:19:30.999416351Z</time>
            </trkpt>
            <trkpt lat="42.139019030185544" lon="-84.62518497378065">
                <ele>1101.3312644958485</ele>
                <time>2026-05-28T20:19:31.999407052Z</time>
            </trkpt>
            <trkpt lat="42.138607646377885" lon="-84.62520140231086">
                <ele>1107.7887840270985</ele>
                <time>2026-05-28T20:19:32.999398469Z</time>
            </trkpt>
            <trkpt lat="42.13820242326906" lon="-84.62522747002973">
                <ele>1114.407070159911</ele>
                <time>2026-05-28T20:19:33.999390602Z</time>
            </trkpt>
            <trkpt lat="42.137801181564235" lon="-84.62526326075627">
                <ele>1121.2438621520985</ele>
                <time>2026-05-28T20:19:34.999381542Z</time>
            </trkpt>
            <trkpt lat="42.137403963172936" lon="-84.6253034938915">
                <ele>1127.294277191161</ele>
                <time>2026-05-28T20:19:35.999372959Z</time>
            </trkpt>
            <trkpt lat="42.13700976226678" lon="-84.62535747334792">
                <ele>1132.759853363036</ele>
                <time>2026-05-28T20:19:36.999364614Z</time>
            </trkpt>
            <trkpt lat="42.136618662664794" lon="-84.62542025380267">
                <ele>1138.122646331786</ele>
                <time>2026-05-28T20:19:37.999356746Z</time>
            </trkpt>
            <trkpt lat="42.13623363994261" lon="-84.62549334399833">
                <ele>1142.5312156677235</ele>
                <time>2026-05-28T20:19:38.999348163Z</time>
            </trkpt>
            <trkpt lat="42.13584974877735" lon="-84.62557976142003">
                <ele>1146.7790184020985</ele>
                <time>2026-05-28T20:19:39.999339103Z</time>
            </trkpt>
            <trkpt lat="42.13547138966819" lon="-84.6256830264671">
                <ele>1151.207363128661</ele>
                <time>2026-05-28T20:19:40.999330997Z</time>
            </trkpt>
            <trkpt lat="42.13509512603482" lon="-84.62580573752953">
                <ele>1155.5561180114735</ele>
                <time>2026-05-28T20:19:41.999322891Z</time>
            </trkpt>
            <trkpt lat="42.134721754158036" lon="-84.62594822988345">
                <ele>1159.989589691161</ele>
                <time>2026-05-28T20:19:42.999314546Z</time>
            </trkpt>
            <trkpt lat="42.13435190268059" lon="-84.62610304363503">
                <ele>1163.6879539489735</ele>
                <time>2026-05-28T20:19:43.999305248Z</time>
            </trkpt>
            <trkpt lat="42.13398523632635" lon="-84.62627244189812">
                <ele>1166.5707664489735</ele>
                <time>2026-05-28T20:19:44.999297380Z</time>
            </trkpt>
            <trkpt lat="42.133622216099994" lon="-84.62646313019528">
                <ele>1169.4369773864735</ele>
                <time>2026-05-28T20:19:45.999289035Z</time>
            </trkpt>
            <trkpt lat="42.13326632049133" lon="-84.62666555315687">
                <ele>1172.825527191161</ele>
                <time>2026-05-28T20:19:46.999280452Z</time>
            </trkpt>
            <trkpt lat="42.132911765987174" lon="-84.62687728003098">
                <ele>1176.573818206786</ele>
                <time>2026-05-28T20:19:47.999271392Z</time>
            </trkpt>
            <trkpt lat="42.13255616374512" lon="-84.62708816871478">
                <ele>1179.469570159911</ele>
                <time>2026-05-28T20:19:48.999263286Z</time>
            </trkpt>
            <trkpt lat="42.1322059259211" lon="-84.62730903186335">
                <ele>1182.4643211364735</ele>
                <time>2026-05-28T20:19:49.999254703Z</time>
            </trkpt>
            <trkpt lat="42.13185887322028" lon="-84.62753701962961">
                <ele>1185.4674949645985</ele>
                <time>2026-05-28T20:19:50.999246597Z</time>
            </trkpt>
            <trkpt lat="42.1315158857425" lon="-84.62777297020389">
                <ele>1188.039394378661</ele>
                <time>2026-05-28T20:19:51.999238014Z</time>
            </trkpt>
            <trkpt lat="42.13117285635521" lon="-84.62801420137717">
                <ele>1190.0558738708485</ele>
                <time>2026-05-28T20:19:52.999228954Z</time>
            </trkpt>
            <trkpt lat="42.130829701239364" lon="-84.62826699957682">
                <ele>1191.264492034911</ele>
                <time>2026-05-28T20:19:53.999221324Z</time>
            </trkpt>
            <trkpt lat="42.13049082089414" lon="-84.628539662887">
                <ele>1192.210781097411</ele>
                <time>2026-05-28T20:19:55.000289916Z</time>
            </trkpt>
            <trkpt lat="42.13014955170651" lon="-84.62882313885225">
                <ele>1192.378505706786</ele>
                <time>2026-05-28T20:19:56.000291824Z</time>
            </trkpt>
            <trkpt lat="42.129812892565624" lon="-84.62912044495775">
                <ele>1193.1664695739735</ele>
                <time>2026-05-28T20:19:57.000279426Z</time>
            </trkpt>
            <trkpt lat="42.12947589814861" lon="-84.62943015627994">
                <ele>1194.4958152770985</ele>
                <time>2026-05-28T20:19:58.000279903Z</time>
            </trkpt>
            <trkpt lat="42.12914183739771" lon="-84.6297514346285">
                <ele>1195.4306297302235</ele>
                <time>2026-05-28T20:19:59.000278949Z</time>
            </trkpt>
            <trkpt lat="42.12880936920841" lon="-84.6300828550799">
                <ele>1197.556728363036</ele>
                <time>2026-05-28T20:20:00.000264644Z</time>
            </trkpt>
            <trkpt lat="42.128482349256174" lon="-84.6304216516061">
                <ele>1199.3639793395985</ele>
                <time>2026-05-28T20:20:01.000264167Z</time>
            </trkpt>
            <trkpt lat="42.12816094517906" lon="-84.63076899767353">
                <ele>1201.366786956786</ele>
                <time>2026-05-28T20:20:02.000260591Z</time>
            </trkpt>
            <trkpt lat="42.12784192994435" lon="-84.63112556383444">
                <ele>1203.3500633239735</ele>
                <time>2026-05-28T20:20:03.000244140Z</time>
            </trkpt>
            <trkpt lat="42.127531212793784" lon="-84.63149235591723">
                <ele>1205.7326316833485</ele>
                <time>2026-05-28T20:20:04.000242948Z</time>
            </trkpt>
            <trkpt lat="42.12722979955573" lon="-84.63186761372222">
                <ele>1208.6386375427235</ele>
                <time>2026-05-28T20:20:05.000238895Z</time>
            </trkpt>
            <trkpt lat="42.126937438773105" lon="-84.63225376800133">
                <ele>1211.5780906677232</ele>
                <time>2026-05-28T20:20:06.000223159Z</time>
            </trkpt>
            <trkpt lat="42.126659117678294" lon="-84.63265023202135">
                <ele>1215.0412254333485</ele>
                <time>2026-05-28T20:20:07.000219345Z</time>
            </trkpt>
            <trkpt lat="42.12639026813407" lon="-84.63305935271515">
                <ele>1218.686855316161</ele>
                <time>2026-05-28T20:20:08.000215530Z</time>
            </trkpt>
            <trkpt lat="42.12613671556313" lon="-84.63348029189243">
                <ele>1222.275722503661</ele>
                <time>2026-05-28T20:20:09.000199317Z</time>
            </trkpt>
            <trkpt lat="42.125899381974826" lon="-84.63391698904766">
                <ele>1225.2648582458485</ele>
                <time>2026-05-28T20:20:10.000183582Z</time>
            </trkpt>
            <trkpt lat="42.12567977611173" lon="-84.63436273865833">
                <ele>1227.7828025817857</ele>
                <time>2026-05-28T20:20:11.000167369Z</time>
            </trkpt>
            <trkpt lat="42.12546775587101" lon="-84.634821731676">
                <ele>1230.651699066161</ele>
                <time>2026-05-28T20:20:12.000151157Z</time>
            </trkpt>
            <trkpt lat="42.125267847480366" lon="-84.63529044770135">
                <ele>1232.5724754333485</ele>
                <time>2026-05-28T20:20:13.000136375Z</time>
            </trkpt>
            <trkpt lat="42.12507979948271" lon="-84.63576729417278">
                <ele>1234.0116844177235</ele>
                <time>2026-05-28T20:20:14.000121593Z</time>
            </trkpt>
            <trkpt lat="42.124904952982554" lon="-84.63626584977342">
                <ele>1234.941493988036</ele>
                <time>2026-05-28T20:20:15.000107765Z</time>
            </trkpt>
            <trkpt lat="42.12474322416086" lon="-84.63677270345822">
                <ele>1235.1796531677235</ele>
                <time>2026-05-28T20:20:16.000093460Z</time>
            </trkpt>
            <trkpt lat="42.12459679231245" lon="-84.63729590185419">
                <ele>1235.4294090270982</ele>
                <time>2026-05-28T20:20:17.000079631Z</time>
            </trkpt>
            <trkpt lat="42.12446800437022" lon="-84.63783041581944">
                <ele>1236.032070159911</ele>
                <time>2026-05-28T20:20:18.000066280Z</time>
            </trkpt>
            <trkpt lat="42.12435581259627" lon="-84.63837498806849">
                <ele>1236.9320945739735</ele>
                <time>2026-05-28T20:20:19.000053405Z</time>
            </trkpt>
            <trkpt lat="42.12426013317157" lon="-84.63893112734392">
                <ele>1239.1564598083485</ele>
                <time>2026-05-28T20:20:20.000040054Z</time>
            </trkpt>
            <trkpt lat="42.1241875458901" lon="-84.63948567405775">
                <ele>1241.8027000427235</ele>
                <time>2026-05-28T20:20:21.000027418Z</time>
            </trkpt>
            <trkpt lat="42.12413436271448" lon="-84.64004206479028">
                <ele>1245.4716453552235</ele>
                <time>2026-05-28T20:20:22.000015258Z</time>
            </trkpt>
            <trkpt lat="42.124099493997285" lon="-84.64058915161029">
                <ele>1249.6879539489735</ele>
                <time>2026-05-28T20:20:23.000003337Z</time>
            </trkpt>
            <trkpt lat="42.124042036051044" lon="-84.64167217731908">
                <ele>1262.7637596130357</ele>
                <time>2026-05-28T20:20:24.999979972Z</time>
            </trkpt>
            <trkpt lat="42.12401827335555" lon="-84.64220141068533">
                <ele>1269.5566062927235</ele>
                <time>2026-05-28T20:20:25.999968051Z</time>
            </trkpt>
            <trkpt lat="42.1239940915649" lon="-84.64271899320617">
                <ele>1275.1932029724107</ele>
                <time>2026-05-28T20:20:26.999956607Z</time>
            </trkpt>
            <trkpt lat="42.12397166997392" lon="-84.64323607281283">
                <ele>1280.3152732849107</ele>
                <time>2026-05-28T20:20:27.999945163Z</time>
            </trkpt>
            <trkpt lat="42.123945392707476" lon="-84.6437500511153">
                <ele>1284.8106346130357</ele>
                <time>2026-05-28T20:20:28.999933719Z</time>
            </trkpt>
            <trkpt lat="42.12392024699796" lon="-84.64426084429458">
                <ele>1288.058925628661</ele>
                <time>2026-05-28T20:20:29.999922275Z</time>
            </trkpt>
            <trkpt lat="42.12389325726975" lon="-84.64477708571091">
                <ele>1290.7572898864732</ele>
                <time>2026-05-28T20:20:30.999911308Z</time>
            </trkpt>
            <trkpt lat="42.12386513598461" lon="-84.64529391386047">
                <ele>1292.636562347411</ele>
                <time>2026-05-28T20:20:31.999900341Z</time>
            </trkpt>
            <trkpt lat="42.12383353620965" lon="-84.64581677698031">
                <ele>1293.7846336364735</ele>
                <time>2026-05-28T20:20:32.999889850Z</time>
            </trkpt>
            <trkpt lat="42.12380323562969" lon="-84.64634064592853">
                <ele>1294.0556297302232</ele>
                <time>2026-05-28T20:20:33.999878883Z</time>
            </trkpt>
            <trkpt lat="42.123766732441375" lon="-84.64687692009345">
                <ele>1293.5647850036607</ele>
                <time>2026-05-28T20:20:34.999869346Z</time>
            </trkpt>
            <trkpt lat="42.123723020816335" lon="-84.64741663083866">
                <ele>1293.4197654724107</ele>
                <time>2026-05-28T20:20:35.999857902Z</time>
            </trkpt>
            <trkpt lat="42.123677507082114" lon="-84.6479622089161">
                <ele>1294.6684226989732</ele>
                <time>2026-05-28T20:20:36.999847650Z</time>
            </trkpt>
            <trkpt lat="42.12363249626208" lon="-84.64851181030706">
                <ele>1296.9734764099107</ele>
                <time>2026-05-28T20:20:37.999837875Z</time>
            </trkpt>
            <trkpt lat="42.12358668916125" lon="-84.64906426154509">
                <ele>1299.3267478942857</ele>
                <time>2026-05-28T20:20:38.999827623Z</time>
            </trkpt>
            <trkpt lat="42.12355039552052" lon="-84.64961671278313">
                <ele>1301.616786956786</ele>
                <time>2026-05-28T20:20:39.999817609Z</time>
            </trkpt>
            <trkpt lat="42.12352202277828" lon="-84.65016690090731">
                <ele>1305.0762596130357</ele>
                <time>2026-05-28T20:20:40.999806880Z</time>
            </trkpt>
            <trkpt lat="42.12349453013588" lon="-84.65070962913767">
                <ele>1309.4134178161607</ele>
                <time>2026-05-28T20:20:41.999797344Z</time>
            </trkpt>
            <trkpt lat="42.12346355900366" lon="-84.65124255054131">
                <ele>1314.448085784911</ele>
                <time>2026-05-28T20:20:42.999787330Z</time>
            </trkpt>
            <trkpt lat="42.12343409661401" lon="-84.65177144863145">
                <ele>1319.0473289489732</ele>
                <time>2026-05-28T20:20:43.999776840Z</time>
            </trkpt>
            <trkpt lat="42.123408070804665" lon="-84.65229179718034">
                <ele>1322.9787254333482</ele>
                <time>2026-05-28T20:20:44.999767780Z</time>
            </trkpt>
            <trkpt lat="42.12338451765675" lon="-84.65281415738599">
                <ele>1326.1142234802232</ele>
                <time>2026-05-28T20:20:45.999757766Z</time>
            </trkpt>
            <trkpt lat="42.12336079687078" lon="-84.65333743960099">
                <ele>1329.2099266052232</ele>
                <time>2026-05-28T20:20:46.999747276Z</time>
            </trkpt>
            <trkpt lat="42.123331585938224" lon="-84.65385736905472">
                <ele>1332.2004051208482</ele>
                <time>2026-05-28T20:20:47.999738216Z</time>
            </trkpt>
            <trkpt lat="42.12330120153923" lon="-84.65437218554752">
                <ele>1334.671962738036</ele>
                <time>2026-05-28T20:20:48.999728679Z</time>
            </trkpt>
            <trkpt lat="42.12326738055993" lon="-84.65489211500125">
                <ele>1337.3367576599107</ele>
                <time>2026-05-28T20:20:49.999719142Z</time>
            </trkpt>
            <trkpt lat="42.123239720279464" lon="-84.65541112244563">
                <ele>1339.1424217224107</ele>
                <time>2026-05-28T20:20:50.999709129Z</time>
            </trkpt>
            <trkpt lat="42.123208958694825" lon="-84.6559340693845">
                <ele>1341.3822898864732</ele>
                <time>2026-05-28T20:20:51.999699354Z</time>
            </trkpt>
            <trkpt lat="42.1231740061586" lon="-84.656458692704">
                <ele>1343.5430564880357</ele>
                <time>2026-05-28T20:20:52.999690055Z</time>
            </trkpt>
            <trkpt lat="42.123140562364945" lon="-84.65698356748061">
                <ele>1345.5448875427232</ele>
                <time>2026-05-28T20:20:53.999680042Z</time>
            </trkpt>
            <trkpt lat="42.12310996841837" lon="-84.6575121302946">
                <ele>1346.4718894958482</ele>
                <time>2026-05-28T20:20:54.999670982Z</time>
            </trkpt>
            <trkpt lat="42.123084319794664" lon="-84.6580411960228">
                <ele>1347.825771331786</ele>
                <time>2026-05-28T20:20:55.999660968Z</time>
            </trkpt>
            <trkpt lat="42.1230600960945" lon="-84.65857227340774">
                <ele>1349.5688133239732</ele>
                <time>2026-05-28T20:20:56.999651908Z</time>
            </trkpt>
            <trkpt lat="42.12303956043173" lon="-84.65911190033393">
                <ele>1351.6364402770985</ele>
                <time>2026-05-28T20:20:57.999642848Z</time>
            </trkpt>
            <trkpt lat="42.12302195843507" lon="-84.6596517787172">
                <ele>1354.2039451599105</ele>
                <time>2026-05-28T20:20:58.999633073Z</time>
            </trkpt>
            <trkpt lat="42.12300582327146" lon="-84.6601856221302">
                <ele>1356.9388084411605</ele>
                <time>2026-05-28T20:20:59.999624252Z</time>
            </trkpt>
            <trkpt lat="42.12299492679734" lon="-84.66071477167742">
                <ele>1359.8525047302232</ele>
                <time>2026-05-28T20:21:00.999614238Z</time>
            </trkpt>
            <trkpt lat="42.122983736956606" lon="-84.6612440888627">
                <ele>1362.9497947692857</ele>
                <time>2026-05-28T20:21:01.999604701Z</time>
            </trkpt>
            <trkpt lat="42.122977576257775" lon="-84.66177281931476">
                <ele>1366.3799705505357</ele>
                <time>2026-05-28T20:21:02.999595165Z</time>
            </trkpt>
            <trkpt lat="42.12297677997697" lon="-84.66229685590105">
                <ele>1369.5301170349105</ele>
                <time>2026-05-28T20:21:03.999585628Z</time>
            </trkpt>
            <trkpt lat="42.12297673806746" lon="-84.66281728826897">
                <ele>1372.5900535583482</ele>
                <time>2026-05-28T20:21:04.999577045Z</time>
            </trkpt>
            <trkpt lat="42.12298067756195" lon="-84.66333730154173">
                <ele>1376.1309471130355</ele>
                <time>2026-05-28T20:21:05.999567508Z</time>
            </trkpt>
            <trkpt lat="42.12298306640435" lon="-84.66386150576608">
                <ele>1379.6717185974105</ele>
                <time>2026-05-28T20:21:06.999558448Z</time>
            </trkpt>
            <trkpt lat="42.12298411414225" lon="-84.66438570999043">
                <ele>1382.3952293395982</ele>
                <time>2026-05-28T20:21:07.999548912Z</time>
            </trkpt>
            <trkpt lat="42.12298801172722" lon="-84.66491075240509">
                <ele>1384.4528465270982</ele>
                <time>2026-05-28T20:21:08.999539136Z</time>
            </trkpt>
            <trkpt lat="42.122998908201346" lon="-84.66543084949689">
                <ele>1386.707485198973</ele>
                <time>2026-05-28T20:21:09.999530553Z</time>
            </trkpt>
            <trkpt lat="42.12300502699066" lon="-84.665951784779">
                <ele>1389.2710838317857</ele>
                <time>2026-05-28T20:21:10.999521017Z</time>
            </trkpt>
            <trkpt lat="42.12301043331821" lon="-84.66647749774592">
                <ele>1391.6663475036607</ele>
                <time>2026-05-28T20:21:11.999511718Z</time>
            </trkpt>
            <trkpt lat="42.12301445663173" lon="-84.66700488709348">
                <ele>1394.2162742614732</ele>
                <time>2026-05-28T20:21:12.999502658Z</time>
            </trkpt>
            <trkpt lat="42.12301588155527" lon="-84.66753294699329">
                <ele>1396.436977386473</ele>
                <time>2026-05-28T20:21:13.999493122Z</time>
            </trkpt>
            <trkpt lat="42.12301273834158" lon="-84.6680610068931">
                <ele>1398.282680511473</ele>
                <time>2026-05-28T20:21:14.999484300Z</time>
            </trkpt>
            <trkpt lat="42.12301139723707" lon="-84.66858856387871">
                <ele>1399.9277000427232</ele>
                <time>2026-05-28T20:21:15.999474525Z</time>
            </trkpt>
            <trkpt lat="42.123003476338575" lon="-84.6691279393478">
                <ele>1400.0155906677232</ele>
                <time>2026-05-28T20:21:16.999465703Z</time>
            </trkpt>
            <trkpt lat="42.12299526207347" lon="-84.66967418797749">
                <ele>1400.1510887145982</ele>
                <time>2026-05-28T20:21:17.999455928Z</time>
            </trkpt>
            <trkpt lat="42.122983234042415" lon="-84.67022697449165">
                <ele>1399.8337059020982</ele>
                <time>2026-05-28T20:21:18.999447345Z</time>
            </trkpt>
            <trkpt lat="42.12296274028916" lon="-84.67078470632869">
                <ele>1399.8565330505355</ele>
                <time>2026-05-28T20:21:19.999438285Z</time>
            </trkpt>
            <trkpt lat="42.12293189488549" lon="-84.67135316700178">
                <ele>1400.6397361755355</ele>
                <time>2026-05-28T20:21:20.999428510Z</time>
            </trkpt>
            <trkpt lat="42.12289224848349" lon="-84.67192112476069">
                <ele>1400.5690574645982</ele>
                <time>2026-05-28T20:21:21.999419689Z</time>
            </trkpt>
            <trkpt lat="42.12284933313925" lon="-84.67249771587986">
                <ele>1399.9311180114732</ele>
                <time>2026-05-28T20:21:22.999410390Z</time>
            </trkpt>
            <trkpt lat="42.12280650161404" lon="-84.67307916850287">
                <ele>1399.5614891052232</ele>
                <time>2026-05-28T20:21:23.999401092Z</time>
            </trkpt>
            <trkpt lat="42.122770166063795" lon="-84.67366673991519">
                <ele>1398.4579734802232</ele>
                <time>2026-05-28T20:21:24.999392509Z</time>
            </trkpt>
            <trkpt lat="42.12273508779902" lon="-84.67425514951783">
                <ele>1398.4994773864732</ele>
                <time>2026-05-28T20:21:25.999383449Z</time>
            </trkpt>
            <trkpt lat="42.12269322019268" lon="-84.67485244393784">
                <ele>1399.305873870848</ele>
                <time>2026-05-28T20:21:26.999373912Z</time>
            </trkpt>
            <trkpt lat="42.122651394495854" lon="-84.67545527041393">
                <ele>1397.4606590270982</ele>
                <time>2026-05-28T20:21:27.999364137Z</time>
            </trkpt>
            <trkpt lat="42.12261237673659" lon="-84.67606027618486">
                <ele>1396.3244285583482</ele>
                <time>2026-05-28T20:21:28.999355077Z</time>
            </trkpt>
            <trkpt lat="42.12257260460604" lon="-84.67667123310703">
                <ele>1395.6435203552232</ele>
                <time>2026-05-28T20:21:29.999346256Z</time>
            </trkpt>
            <trkpt lat="42.122533712575326" lon="-84.67728503987628">
                <ele>1394.8013572692855</ele>
                <time>2026-05-28T20:21:30.999336957Z</time>
            </trkpt>
            <trkpt lat="42.12249377280671" lon="-84.67790286995906">
                <ele>1395.267787933348</ele>
                <time>2026-05-28T20:21:31.999328136Z</time>
            </trkpt>
            <trkpt lat="42.122454084495196" lon="-84.67851793401378">
                <ele>1395.5259666442857</ele>
                <time>2026-05-28T20:21:32.999318361Z</time>
            </trkpt>
            <trkpt lat="42.122414521912226" lon="-84.67913702138203">
                <ele>1396.1543846130357</ele>
                <time>2026-05-28T20:21:33.999309539Z</time>
            </trkpt>
            <trkpt lat="42.122369511092195" lon="-84.67975418091255">
                <ele>1396.8936424255357</ele>
                <time>2026-05-28T20:21:34.999300479Z</time>
            </trkpt>
            <trkpt lat="42.1223269729336" lon="-84.68036899351019">
                <ele>1397.286342620848</ele>
                <time>2026-05-28T20:21:35.999290943Z</time>
            </trkpt>
            <trkpt lat="42.12228883527417" lon="-84.68098422520298">
                <ele>1397.6021385192857</ele>
                <time>2026-05-28T20:21:36.999281883Z</time>
            </trkpt>
            <trkpt lat="42.1222482249533" lon="-84.68160121709543">
                <ele>1398.3426170349107</ele>
                <time>2026-05-28T20:21:37.999273061Z</time>
            </trkpt>
            <trkpt lat="42.12221323050756" lon="-84.6822129283889">
                <ele>1398.5629539489732</ele>
                <time>2026-05-28T20:21:38.999263286Z</time>
            </trkpt>
            <trkpt lat="42.12217471566249" lon="-84.68282623224397">
                <ele>1399.2547264099107</ele>
                <time>2026-05-28T20:21:39.999254226Z</time>
            </trkpt>
            <trkpt lat="42.12213682946015" lon="-84.68344238594611">
                <ele>1399.9921531677232</ele>
                <time>2026-05-28T20:21:40.999245643Z</time>
            </trkpt>
            <trkpt lat="42.12210112255264" lon="-84.6840555221631">
                <ele>1400.571498870848</ele>
                <time>2026-05-28T20:21:41.999236345Z</time>
            </trkpt>
            <trkpt lat="42.12206549946416" lon="-84.68466907747526">
                <ele>1401.2366600036607</ele>
                <time>2026-05-28T20:21:42.999226808Z</time>
            </trkpt>
            <trkpt lat="42.1220325585847" lon="-84.68528581791062">
                <ele>1401.3388328552232</ele>
                <time>2026-05-28T20:21:43.999217987Z</time>
            </trkpt>
            <trkpt lat="42.12199936624814" lon="-84.68590406708856">
                <ele>1401.4867820739732</ele>
                <time>2026-05-28T20:21:44.999208927Z</time>
            </trkpt>
            <trkpt lat="42.12196667682577" lon="-84.68652416028519">
                <ele>1401.6690330505355</ele>
                <time>2026-05-28T20:21:45.999199628Z</time>
            </trkpt>
            <trkpt lat="42.12193474177469" lon="-84.68714651659567">
                <ele>1402.0867576599107</ele>
                <time>2026-05-28T20:21:46.999190807Z</time>
            </trkpt>
            <trkpt lat="42.12189685557235" lon="-84.68776962727745">
                <ele>1402.7643699645982</ele>
                <time>2026-05-28T20:21:47.999181509Z</time>
            </trkpt>
            <trkpt lat="42.12186701599706" lon="-84.68839013956924">
                <ele>1403.5841941833482</ele>
                <time>2026-05-28T20:21:48.999172210Z</time>
            </trkpt>
            <trkpt lat="42.12183843370725" lon="-84.68900830492814">
                <ele>1404.457485198973</ele>
                <time>2026-05-28T20:21:49.999163150Z</time>
            </trkpt>
            <trkpt lat="42.12181312035967" lon="-84.68962311752577">
                <ele>1406.2771873474107</ele>
                <time>2026-05-28T20:21:50.999154090Z</time>
            </trkpt>
            <trkpt lat="42.121784621888885" lon="-84.69023357153375">
                <ele>1408.5299949645982</ele>
                <time>2026-05-28T20:21:51.999145269Z</time>
            </trkpt>
            <trkpt lat="42.121759937184045" lon="-84.69084310353239">
                <ele>1410.7286033630357</ele>
                <time>2026-05-28T20:21:52.999136209Z</time>
            </trkpt>
            <trkpt lat="42.121730390975365" lon="-84.69144685201783">
                <ele>1411.6530418395982</ele>
                <time>2026-05-28T20:21:53.999126434Z</time>
            </trkpt>
            <trkpt lat="42.12170017421443" lon="-84.69205009758909">
                <ele>1411.877162933348</ele>
                <time>2026-05-28T20:21:54.999117612Z</time>
            </trkpt>
            <trkpt lat="42.12166798770625" lon="-84.69265200205584">
                <ele>1411.920619964598</ele>
                <time>2026-05-28T20:21:55.999108791Z</time>
            </trkpt>
            <trkpt lat="42.121638944411764" lon="-84.69325457707484">
                <ele>1412.3183250427232</ele>
                <time>2026-05-28T20:21:56.999099731Z</time>
            </trkpt>
            <trkpt lat="42.12161044594098" lon="-84.69385162003775">
                <ele>1412.7026023864732</ele>
                <time>2026-05-28T20:21:57.999090194Z</time>
            </trkpt>
            <trkpt lat="42.121583079027126" lon="-84.69444966882904">
                <ele>1412.5849266052232</ele>
                <time>2026-05-28T20:21:58.999081373Z</time>
            </trkpt>
            <trkpt lat="42.12155512538005" lon="-84.6950492263629">
                <ele>1411.7652244567857</ele>
                <time>2026-05-28T20:21:59.999071598Z</time>
            </trkpt>
            <trkpt lat="42.121531781779716" lon="-84.6956497059061">
                <ele>1411.474575042723</ele>
                <time>2026-05-28T20:22:01.000045537Z</time>
            </trkpt>
            <trkpt lat="42.12151313204516" lon="-84.69624758705933">
                <ele>1410.8966941833482</ele>
                <time>2026-05-28T20:22:02.000046491Z</time>
            </trkpt>
            <trkpt lat="42.121495781505594" lon="-84.69684597112675">
                <ele>1410.6026268005357</ele>
                <time>2026-05-28T20:22:03.000038146Z</time>
            </trkpt>
            <trkpt lat="42.1214772994091" lon="-84.6974436008229">
                <ele>1411.2132225036607</ele>
                <time>2026-05-28T20:22:04.000042915Z</time>
            </trkpt>
            <trkpt lat="42.121456302741656" lon="-84.6980390512242">
                <ele>1412.4703025817855</ele>
                <time>2026-05-28T20:22:05.000048160Z</time>
            </trkpt>
            <trkpt lat="42.12142956447054" lon="-84.69863559127292">
                <ele>1413.5884666442855</ele>
                <time>2026-05-28T20:22:06.000038862Z</time>
            </trkpt>
            <trkpt lat="42.12139746178139" lon="-84.6992375795587">
                <ele>1414.3916893005355</ele>
                <time>2026-05-28T20:22:07.000040769Z</time>
            </trkpt>
            <trkpt lat="42.121360497588405" lon="-84.6998385620161">
                <ele>1414.8990135192857</ele>
                <time>2026-05-28T20:22:08.000045776Z</time>
            </trkpt>
            <trkpt lat="42.12132001299609" lon="-84.7004429810538">
                <ele>1415.4886131286605</ele>
                <time>2026-05-28T20:22:09.000037908Z</time>
            </trkpt>
            <trkpt lat="42.12128032468457" lon="-84.70104421496829">
                <ele>1414.6018943786605</ele>
                <time>2026-05-28T20:22:10.000042438Z</time>
            </trkpt>
            <trkpt lat="42.12123719979275" lon="-84.70165190294823">
                <ele>1413.8013572692855</ele>
                <time>2026-05-28T20:22:11.000046253Z</time>
            </trkpt>
            <trkpt lat="42.12118833329726" lon="-84.70226453625104">
                <ele>1412.6599998474105</ele>
                <time>2026-05-28T20:22:12.000035762Z</time>
            </trkpt>
            <trkpt lat="42.12114336438675" lon="-84.702877588649">
                <ele>1410.8398094177232</ele>
                <time>2026-05-28T20:22:13.000040054Z</time>
            </trkpt>
            <trkpt lat="42.12109759919543" lon="-84.70349675983628">
                <ele>1409.1409568786605</ele>
                <time>2026-05-28T20:22:14.000042200Z</time>
            </trkpt>
            <trkpt lat="42.121054641941676" lon="-84.70411484137615">
                <ele>1407.9834861755357</ele>
                <time>2026-05-28T20:22:15.000030994Z</time>
            </trkpt>
            <trkpt lat="42.1210137382542" lon="-84.70473728150567">
                <ele>1407.5115623474107</ele>
                <time>2026-05-28T20:22:16.000019073Z</time>
            </trkpt>
            <trkpt lat="42.120972583109626" lon="-84.70536232002517">
                <ele>1406.6260643005357</ele>
                <time>2026-05-28T20:22:17.000008583Z</time>
            </trkpt>
            <trkpt lat="42.12089999582816" lon="-84.70660694882712">
                <ele>1407.4219627380357</ele>
                <time>2026-05-28T20:22:18.999986648Z</time>
            </trkpt>
            <trkpt lat="42.12085980460245" lon="-84.7072256171002">
                <ele>1408.5120506286607</ele>
                <time>2026-05-28T20:22:19.999975204Z</time>
            </trkpt>
            <trkpt lat="42.12081563197274" lon="-84.70784143552622">
                <ele>1409.6112937927232</ele>
                <time>2026-05-28T20:22:20.999964714Z</time>
            </trkpt>
            <trkpt lat="42.12077447682817" lon="-84.70844979405841">
                <ele>1410.4361228942855</ele>
                <time>2026-05-28T20:22:21.999953508Z</time>
            </trkpt>
            <trkpt lat="42.1207312262078" lon="-84.70906209208509">
                <ele>1410.541713714598</ele>
                <time>2026-05-28T20:22:22.999942779Z</time>
            </trkpt>
            <trkpt lat="42.120696189852545" lon="-84.70967162408373">
                <ele>1410.1242332458482</ele>
                <time>2026-05-28T20:22:23.999933242Z</time>
            </trkpt>
            <trkpt lat="42.12066362615872" lon="-84.71028040171107">
                <ele>1409.8752098083482</ele>
                <time>2026-05-28T20:22:24.999922752Z</time>
            </trkpt>
            <trkpt lat="42.12063533723552" lon="-84.710890688081">
                <ele>1409.596889495848</ele>
                <time>2026-05-28T20:22:25.999912023Z</time>
            </trkpt>
            <trkpt lat="42.120608766602466" lon="-84.71150424339315">
                <ele>1409.908168792723</ele>
                <time>2026-05-28T20:22:26.999901771Z</time>
            </trkpt>
            <trkpt lat="42.120581357779095" lon="-84.71211561941048">
                <ele>1409.9223289489732</ele>
                <time>2026-05-28T20:22:27.999891281Z</time>
            </trkpt>
            <trkpt lat="42.12055436805088" lon="-84.71272858798943">
                <ele>1410.0208396911607</ele>
                <time>2026-05-28T20:22:28.999881267Z</time>
            </trkpt>
            <trkpt lat="42.12052750405122" lon="-84.71333862290226">
                <ele>1410.904262542723</ele>
                <time>2026-05-28T20:22:29.999871492Z</time>
            </trkpt>
            <trkpt lat="42.1205034060796" lon="-84.71395217821441">
                <ele>1411.3931541442857</ele>
                <time>2026-05-28T20:22:30.999860763Z</time>
            </trkpt>
            <trkpt lat="42.12047629062284" lon="-84.71456313513659">
                <ele>1411.877895355223</ele>
                <time>2026-05-28T20:22:31.999850749Z</time>
            </trkpt>
            <trkpt lat="42.12045005526591" lon="-84.71517124221168">
                <ele>1412.7945213317857</ele>
                <time>2026-05-28T20:22:32.999841213Z</time>
            </trkpt>
            <trkpt lat="42.1204204252382" lon="-84.71577507451616">
                <ele>1414.3846092224105</ele>
                <time>2026-05-28T20:22:33.999830722Z</time>
            </trkpt>
            <trkpt lat="42.120390837120006" lon="-84.71637815244935">
                <ele>1415.9158592224107</ele>
                <time>2026-05-28T20:22:34.999821186Z</time>
            </trkpt>
            <trkpt lat="42.12036367975373" lon="-84.71697930254481">
                <ele>1417.837123870848</ele>
                <time>2026-05-28T20:22:35.999811172Z</time>
            </trkpt>
            <trkpt lat="42.12033861786325" lon="-84.71756846651874">
                <ele>1419.109828948973</ele>
                <time>2026-05-28T20:22:36.999800920Z</time>
            </trkpt>
            <trkpt lat="42.12031967476208" lon="-84.71815838486395">
                <ele>1419.3103904724107</ele>
                <time>2026-05-28T20:22:37.999792098Z</time>
            </trkpt>
            <trkpt lat="42.12030156985123" lon="-84.71874989577077">
                <ele>1419.1480369567857</ele>
                <time>2026-05-28T20:22:38.999781608Z</time>
            </trkpt>
            <trkpt lat="42.12028610523988" lon="-84.71934459180079">
                <ele>1419.4522361755357</ele>
                <time>2026-05-28T20:22:39.999771595Z</time>
            </trkpt>
            <trkpt lat="42.12027587931801" lon="-84.71993643798373">
                <ele>1419.3059959411605</ele>
                <time>2026-05-28T20:22:40.999762058Z</time>
            </trkpt>
            <trkpt lat="42.12026485711534" lon="-84.72053398386083">
                <ele>1419.2105369567857</ele>
                <time>2026-05-28T20:22:41.999752759Z</time>
            </trkpt>
            <trkpt lat="42.12025873832602" lon="-84.72112423748217">
                <ele>1419.1892967224105</ele>
                <time>2026-05-28T20:22:42.999742984Z</time>
            </trkpt>
            <trkpt lat="42.12024469863821" lon="-84.72172480084441">
                <ele>1419.3755760192855</ele>
                <time>2026-05-28T20:22:43.999733448Z</time>
            </trkpt>
            <trkpt lat="42.120236945377776" lon="-84.72232427455924">
                <ele>1419.5588035583482</ele>
                <time>2026-05-28T20:22:44.999724388Z</time>
            </trkpt>
            <trkpt lat="42.12022797674138" lon="-84.72292508937858">
                <ele>1420.352993011473</ele>
                <time>2026-05-28T20:22:45.999714374Z</time>
            </trkpt>
            <trkpt lat="42.12021766700048" lon="-84.72352473073147">
                <ele>1421.3532371520982</ele>
                <time>2026-05-28T20:22:46.999704360Z</time>
            </trkpt>
            <trkpt lat="42.12020622570265" lon="-84.72411984585665">
                <ele>1423.2671775817857</ele>
                <time>2026-05-28T20:22:47.999694585Z</time>
            </trkpt>
            <trkpt lat="42.12019017435808" lon="-84.72471512861989">
                <ele>1424.5948143005355</ele>
                <time>2026-05-28T20:22:48.999685287Z</time>
            </trkpt>
            <trkpt lat="42.120183426926026" lon="-84.72530303530834">
                <ele>1424.828334808348</ele>
                <time>2026-05-28T20:22:49.999675512Z</time>
            </trkpt>
            <trkpt lat="42.12017567366559" lon="-84.72589320511065">
                <ele>1424.1167869567855</ele>
                <time>2026-05-28T20:22:50.999666929Z</time>
            </trkpt>
            <trkpt lat="42.1201682975908" lon="-84.72648681149326">
                <ele>1423.5656394958482</ele>
                <time>2026-05-28T20:22:51.999657154Z</time>
            </trkpt>
            <trkpt lat="42.120165112467596" lon="-84.72708159134231">
                <ele>1422.382778167723</ele>
                <time>2026-05-28T20:22:52.999647378Z</time>
            </trkpt>
            <trkpt lat="42.12015819739748" lon="-84.72768198706649">
                <ele>1420.8614158630357</ele>
                <time>2026-05-28T20:22:53.999638319Z</time>
            </trkpt>
            <trkpt lat="42.12015245579381" lon="-84.72828699283743">
                <ele>1419.2061424255357</ele>
                <time>2026-05-28T20:22:54.999629020Z</time>
            </trkpt>
            <trkpt lat="42.120151366146395" lon="-84.72888822675192">
                <ele>1416.6247215270982</ele>
                <time>2026-05-28T20:22:55.999619483Z</time>
            </trkpt>
            <trkpt lat="42.12015124041785" lon="-84.72949625000798">
                <ele>1414.8952293395982</ele>
                <time>2026-05-28T20:22:56.999609947Z</time>
            </trkpt>
            <trkpt lat="42.12014658846159" lon="-84.73011055969143">
                <ele>1413.6308250427232</ele>
                <time>2026-05-28T20:22:57.999599933Z</time>
            </trkpt>
            <trkpt lat="42.120141559319684" lon="-84.73072646193647">
                <ele>1412.278774261473</ele>
                <time>2026-05-28T20:22:58.999590873Z</time>
            </trkpt>
            <trkpt lat="42.120135775806496" lon="-84.73134320237183">
                <ele>1411.1891746520982</ele>
                <time>2026-05-28T20:22:59.999581098Z</time>
            </trkpt>
            <trkpt lat="42.12012793872703" lon="-84.73195985898816">
                <ele>1410.5214500427232</ele>
                <time>2026-05-28T20:23:00.999571800Z</time>
            </trkpt>
            <trkpt lat="42.12012056265224" lon="-84.73257886253738">
                <ele>1409.9715232849107</ele>
                <time>2026-05-28T20:23:01.999562501Z</time>
            </trkpt>
            <trkpt lat="42.12011188738246" lon="-84.73319820136273">
                <ele>1409.7138328552232</ele>
                <time>2026-05-28T20:23:02.999552965Z</time>
            </trkpt>
            <trkpt lat="42.12010417603154" lon="-84.73381351687455">
                <ele>1409.973354339598</ele>
                <time>2026-05-28T20:23:03.999544143Z</time>
            </trkpt>
            <trkpt lat="42.120092986190805" lon="-84.73442723982477">
                <ele>1410.2747459411607</ele>
                <time>2026-05-28T20:23:04.999534606Z</time>
            </trkpt>
            <trkpt lat="42.120086909311006" lon="-84.7350438964411">
                <ele>1410.9468650817857</ele>
                <time>2026-05-28T20:23:05.999525070Z</time>
            </trkpt>
            <trkpt lat="42.12009181272436" lon="-84.73565124914491">
                <ele>1412.7743797302232</ele>
                <time>2026-05-28T20:23:06.999516010Z</time>
            </trkpt>
            <trkpt lat="42.12009679995675" lon="-84.73625449471616">
                <ele>1414.6868553161607</ele>
                <time>2026-05-28T20:23:07.999506235Z</time>
            </trkpt>
            <trkpt lat="42.12010602005024" lon="-84.73685732119226">
                <ele>1417.0569725036605</ele>
                <time>2026-05-28T20:23:08.999496936Z</time>
            </trkpt>
            <trkpt lat="42.12012466978479" lon="-84.73744514406168">
                <ele>1418.6036033630355</ele>
                <time>2026-05-28T20:23:09.999487876Z</time>
            </trkpt>
            <trkpt lat="42.12013946384389" lon="-84.73803187728369">
                <ele>1420.2587547302232</ele>
                <time>2026-05-28T20:23:10.999478578Z</time>
            </trkpt>
            <trkpt lat="42.120149144942054" lon="-84.73862062216246">
                <ele>1421.3648338317857</ele>
                <time>2026-05-28T20:23:11.999469041Z</time>
            </trkpt>
            <trkpt lat="42.12014855820883" lon="-84.73920618191802">
                <ele>1422.6121482849107</ele>
                <time>2026-05-28T20:23:12.999459266Z</time>
            </trkpt>
            <trkpt lat="42.12013259068329" lon="-84.73978855655038">
                <ele>1423.5409812927232</ele>
                <time>2026-05-28T20:23:13.999449729Z</time>
            </trkpt>
            <trkpt lat="42.12009876970399" lon="-84.7403676622405">
                <ele>1423.5743064880355</ele>
                <time>2026-05-28T20:23:14.999440670Z</time>
            </trkpt>
            <trkpt lat="42.12004768200416" lon="-84.74094509154999">
                <ele>1423.2665672302232</ele>
                <time>2026-05-28T20:23:15.999431610Z</time>
            </trkpt>
            <trkpt lat="42.119974801356086" lon="-84.74152050920272">
                <ele>1422.5937156677232</ele>
                <time>2026-05-28T20:23:16.999422550Z</time>
            </trkpt>
            <trkpt lat="42.119881929868946" lon="-84.74209215499901">
                <ele>1420.7829246520982</ele>
                <time>2026-05-28T20:23:17.999413013Z</time>
            </trkpt>
            <trkpt lat="42.119764206038894" lon="-84.74266011275792">
                <ele>1419.1757469177232</ele>
                <time>2026-05-28T20:23:18.999403476Z</time>
            </trkpt>
            <trkpt lat="42.11961995348531" lon="-84.74322178408946">
                <ele>1416.3604393005357</ele>
                <time>2026-05-28T20:23:19.999393939Z</time>
            </trkpt>
            <trkpt lat="42.1194444364329" lon="-84.74377624698425">
                <ele>1412.4654197692857</ele>
                <time>2026-05-28T20:23:20.999384403Z</time>
            </trkpt>
            <trkpt lat="42.11924117528099" lon="-84.74432207651878">
                <ele>1407.7090721130355</ele>
                <time>2026-05-28T20:23:21.999375343Z</time>
            </trkpt>
            <trkpt lat="42.11901172068167" lon="-84.74485902123595">
                <ele>1402.2878074645982</ele>
                <time>2026-05-28T20:23:22.999366521Z</time>
            </trkpt>
            <trkpt lat="42.11875904821056" lon="-84.74538959570671">
                <ele>1396.5981101989732</ele>
                <time>2026-05-28T20:23:23.999356508Z</time>
            </trkpt>
            <trkpt lat="42.11848831273812" lon="-84.74591329701687">
                <ele>1390.3815574645982</ele>
                <time>2026-05-28T20:23:24.999347925Z</time>
            </trkpt>
            <trkpt lat="42.11820127446401" lon="-84.74642526366259">
                <ele>1384.6227684020982</ele>
                <time>2026-05-28T20:23:25.999338626Z</time>
            </trkpt>
            <trkpt lat="42.117891269775214" lon="-84.74693354227091">
                <ele>1381.8055076599107</ele>
                <time>2026-05-28T20:23:26.999329328Z</time>
            </trkpt>
            <trkpt lat="42.11756357927072" lon="-84.74742597908224">
                <ele>1378.4716453552232</ele>
                <time>2026-05-28T20:23:27.999319553Z</time>
            </trkpt>
            <trkpt lat="42.11722373500663" lon="-84.74790869288589">
                <ele>1375.7456932067857</ele>
                <time>2026-05-28T20:23:28.999310016Z</time>
            </trkpt>
            <trkpt lat="42.11686934814054" lon="-84.74838134840573">
                <ele>1375.3244285583482</ele>
                <time>2026-05-28T20:23:29.999301195Z</time>
            </trkpt>
            <trkpt lat="42.11650217887211" lon="-84.74884000614728">
                <ele>1375.7882957458482</ele>
                <time>2026-05-28T20:23:30.999292135Z</time>
            </trkpt>
            <trkpt lat="42.1161281783526" lon="-84.74928500138665">
                <ele>1375.3639793395982</ele>
                <time>2026-05-28T20:23:31.999282360Z</time>
            </trkpt>
            <trkpt lat="42.11574227553058" lon="-84.74970141433622">
                <ele>1375.4799461364732</ele>
                <time>2026-05-28T20:23:32.999273300Z</time>
            </trkpt>
            <trkpt lat="42.11534778125781" lon="-84.75008631132985">
                <ele>1376.2651023864732</ele>
                <time>2026-05-28T20:23:33.999263763Z</time>
            </trkpt>
            <trkpt lat="42.11494389925349" lon="-84.75044405095721">
                <ele>1377.4322166442855</ele>
                <time>2026-05-28T20:23:34.999254465Z</time>
            </trkpt>
            <trkpt lat="42.114526312837484" lon="-84.7507762257799">
                <ele>1377.4435691833482</ele>
                <time>2026-05-28T20:23:35.999245166Z</time>
            </trkpt>
            <trkpt lat="42.114099548237505" lon="-84.7510735318854">
                <ele>1375.4668846130357</ele>
                <time>2026-05-28T20:23:36.999236345Z</time>
            </trkpt>
            <trkpt lat="42.11366062987793" lon="-84.75134736866201">
                <ele>1374.039760589598</ele>
                <time>2026-05-28T20:23:37.999226570Z</time>
            </trkpt>
            <trkpt lat="42.113213748710336" lon="-84.75159941249038">
                <ele>1371.3088035583482</ele>
                <time>2026-05-28T20:23:38.999217510Z</time>
            </trkpt>
            <trkpt lat="42.11275865327764" lon="-84.75182714879955">
                <ele>1366.866909027098</ele>
                <time>2026-05-28T20:23:39.999207496Z</time>
            </trkpt>
            <trkpt lat="42.11229513403225" lon="-84.75203443326498">
                <ele>1362.0815086364732</ele>
                <time>2026-05-28T20:23:40.999198913Z</time>
            </trkpt>
            <trkpt lat="42.111822646150465" lon="-84.75221078850771">
                <ele>1357.2552146911605</ele>
                <time>2026-05-28T20:23:41.999189615Z</time>
            </trkpt>
            <trkpt lat="42.11134077053713" lon="-84.75236359060253">
                <ele>1351.9159812927232</ele>
                <time>2026-05-28T20:23:42.999179601Z</time>
            </trkpt>
            <trkpt lat="42.11085080638724" lon="-84.75248990588332">
                <ele>1346.9567527770982</ele>
                <time>2026-05-28T20:23:43.999170780Z</time>
            </trkpt>
            <trkpt lat="42.110356944652374" lon="-84.75258696832205">
                <ele>1342.7157859802232</ele>
                <time>2026-05-28T20:23:44.999161720Z</time>
            </trkpt>
            <trkpt lat="42.109858850056405" lon="-84.75265905268932">
                <ele>1339.0845603942857</ele>
                <time>2026-05-28T20:23:45.999152183Z</time>
            </trkpt>
            <trkpt lat="42.10936109073656" lon="-84.75271110430802">
                <ele>1335.6582908630357</ele>
                <time>2026-05-28T20:23:46.999143123Z</time>
            </trkpt>
            <trkpt lat="42.10886182267415" lon="-84.75276784979249">
                <ele>1332.5913963317857</ele>
                <time>2026-05-28T20:23:47.999133586Z</time>
            </trkpt>
            <trkpt lat="42.10836393762576" lon="-84.75281881176377">
                <ele>1330.315029144286</ele>
                <time>2026-05-28T20:23:48.999124526Z</time>
            </trkpt>
            <trkpt lat="42.10787049498605" lon="-84.75285778761352">
                <ele>1328.9739646911607</ele>
                <time>2026-05-28T20:23:49.999114513Z</time>
            </trkpt>
            <trkpt lat="42.10738111756938" lon="-84.75288787864591">
                <ele>1326.6870994567857</ele>
                <time>2026-05-28T20:23:50.999106168Z</time>
            </trkpt>
            <trkpt lat="42.106893332714314" lon="-84.75292350173439">
                <ele>1323.5172996520985</ele>
                <time>2026-05-28T20:23:51.999096155Z</time>
            </trkpt>
            <trkpt lat="42.10640521258312" lon="-84.7529663332596">
                <ele>1320.9466209411607</ele>
                <time>2026-05-28T20:23:52.999086856Z</time>
            </trkpt>
            <trkpt lat="42.1059209900369" lon="-84.75301503211702">
                <ele>1318.0038719177232</ele>
                <time>2026-05-28T20:23:53.999077796Z</time>
            </trkpt>
            <trkpt lat="42.10543890487599" lon="-84.75306498825992">
                <ele>1314.9770164489735</ele>
                <time>2026-05-28T20:23:54.999068737Z</time>
            </trkpt>
            <trkpt lat="42.10496239368069" lon="-84.75310798742319">
                <ele>1311.7416648864732</ele>
                <time>2026-05-28T20:23:55.999059200Z</time>
            </trkpt>
            <trkpt lat="42.104485295752156" lon="-84.75313992247428">
                <ele>1308.0063133239732</ele>
                <time>2026-05-28T20:23:56.999049663Z</time>
            </trkpt>
            <trkpt lat="42.10400932938056" lon="-84.75317395300115">
                <ele>1303.7332420349107</ele>
                <time>2026-05-28T20:23:57.999041080Z</time>
            </trkpt>
            <trkpt lat="42.103532650547194" lon="-84.75321343176509">
                <ele>1299.2442283630357</ele>
                <time>2026-05-28T20:23:58.999030590Z</time>
            </trkpt>
            <trkpt lat="42.103055594528186" lon="-84.75325701766158">
                <ele>1294.9301414489732</ele>
                <time>2026-05-28T20:23:59.999022245Z</time>
            </trkpt>
            <trkpt lat="42.10258004725175" lon="-84.7533011902913">
                <ele>1290.4361228942857</ele>
                <time>2026-05-28T20:24:00.999012470Z</time>
            </trkpt>
            <trkpt lat="42.1021060506274" lon="-84.7533495538726">
                <ele>1286.367031097411</ele>
                <time>2026-05-28T20:24:01.999003171Z</time>
            </trkpt>
            <trkpt lat="42.10162987470822" lon="-84.75339473233069">
                <ele>1282.9231834411607</ele>
                <time>2026-05-28T20:24:02.998993873Z</time>
            </trkpt>
            <trkpt lat="42.10115386642711" lon="-84.75343689330364">
                <ele>1280.5562400817857</ele>
                <time>2026-05-28T20:24:03.998985052Z</time>
            </trkpt>
            <trkpt lat="42.100677103774714" lon="-84.75347452804888">
                <ele>1278.6650047302232</ele>
                <time>2026-05-28T20:24:04.998975753Z</time>
            </trkpt>
            <trkpt lat="42.1002021432315" lon="-84.7535062954619">
                <ele>1276.4187889099107</ele>
                <time>2026-05-28T20:24:05.998966693Z</time>
            </trkpt>
            <trkpt lat="42.09972755987393" lon="-84.75354359493102">
                <ele>1274.3540916442857</ele>
                <time>2026-05-28T20:24:07.000000476Z</time>
            </trkpt>
            <trkpt lat="42.09925737701552" lon="-84.75357837982918">
                <ele>1272.914394378661</ele>
                <time>2026-05-28T20:24:08.000009059Z</time>
            </trkpt>
            <trkpt lat="42.09878870289968" lon="-84.75360972814704">
                <ele>1270.2382469177235</ele>
                <time>2026-05-28T20:24:09.000000953Z</time>
            </trkpt>
            <trkpt lat="42.098323674911725" lon="-84.7536447645023">
                <ele>1268.2570457458485</ele>
                <time>2026-05-28T20:24:10.000008583Z</time>
            </trkpt>
            <trkpt lat="42.097861622499394" lon="-84.75368164487625">
                <ele>1266.3175926208485</ele>
                <time>2026-05-28T20:24:11.000013589Z</time>
            </trkpt>
            <trkpt lat="42.0974020427485" lon="-84.75371726796473">
                <ele>1264.3593406677232</ele>
                <time>2026-05-28T20:24:12.000006198Z</time>
            </trkpt>
            <trkpt lat="42.09694464229243" lon="-84.7537552379861">
                <ele>1261.634853363036</ele>
                <time>2026-05-28T20:24:13.000010490Z</time>
            </trkpt>
            <trkpt lat="42.0964879123886" lon="-84.7537932918265">
                <ele>1258.8200340270982</ele>
                <time>2026-05-28T20:24:14.000018119Z</time>
            </trkpt>
            <trkpt lat="42.096031894946556" lon="-84.7538310942098">
                <ele>1255.7882957458485</ele>
                <time>2026-05-28T20:24:15.000010013Z</time>
            </trkpt>
            <trkpt lat="42.095577134789984" lon="-84.75386738785053">
                <ele>1252.262783050536</ele>
                <time>2026-05-28T20:24:16.000015258Z</time>
            </trkpt>
            <trkpt lat="42.09512078207181" lon="-84.75390611224319">
                <ele>1248.9571189880357</ele>
                <time>2026-05-28T20:24:17.000018596Z</time>
            </trkpt>
            <trkpt lat="42.09466577045814" lon="-84.75394567482616">
                <ele>1245.1731834411607</ele>
                <time>2026-05-28T20:24:18.000008583Z</time>
            </trkpt>
            <trkpt lat="42.09420593925015" lon="-84.7539862432375">
                <ele>1241.816005706786</ele>
                <time>2026-05-28T20:24:19.000013351Z</time>
            </trkpt>
            <trkpt lat="42.09374661095635" lon="-84.75402915858174">
                <ele>1238.6559715270985</ele>
                <time>2026-05-28T20:24:20.000018835Z</time>
            </trkpt>
            <trkpt lat="42.09328376226322" lon="-84.75407861181046">
                <ele>1236.952236175536</ele>
                <time>2026-05-28T20:24:21.000010013Z</time>
            </trkpt>
            <trkpt lat="42.09282028492735" lon="-84.7541334294572">
                <ele>1236.3929100036607</ele>
                <time>2026-05-28T20:24:22.000001430Z</time>
            </trkpt>
            <trkpt lat="42.09189957477347" lon="-84.75422848023916">
                <ele>1237.6131248474107</ele>
                <time>2026-05-28T20:24:23.999982833Z</time>
            </trkpt>
            <trkpt lat="42.09144230004595" lon="-84.75426175639475">
                <ele>1238.9700584411607</ele>
                <time>2026-05-28T20:24:24.999973535Z</time>
            </trkpt>
            <trkpt lat="42.090985109137456" lon="-84.75428740501846">
                <ele>1240.033046722411</ele>
                <time>2026-05-28T20:24:25.999964714Z</time>
            </trkpt>
            <trkpt lat="42.090531648175876" lon="-84.7543181666031">
                <ele>1240.9884910583485</ele>
                <time>2026-05-28T20:24:26.999955177Z</time>
            </trkpt>
            <trkpt lat="42.09008338399426" lon="-84.75435353823448">
                <ele>1241.7580223083482</ele>
                <time>2026-05-28T20:24:27.999945640Z</time>
            </trkpt>
            <trkpt lat="42.08963277287976" lon="-84.75440341055835">
                <ele>1242.6867332458485</ele>
                <time>2026-05-28T20:24:28.999936580Z</time>
            </trkpt>
            <trkpt lat="42.089184257241044" lon="-84.75445739001478">
                <ele>1243.8224754333485</ele>
                <time>2026-05-28T20:24:29.999927997Z</time>
            </trkpt>
            <trkpt lat="42.088736956978295" lon="-84.75451405168022">
                <ele>1245.2215232849107</ele>
                <time>2026-05-28T20:24:30.999918937Z</time>
            </trkpt>
            <trkpt lat="42.0882927161102" lon="-84.75457884379173">
                <ele>1247.5082664489732</ele>
                <time>2026-05-28T20:24:31.999909400Z</time>
            </trkpt>
            <trkpt lat="42.087858240159306" lon="-84.7546321526959">
                <ele>1248.9714012145982</ele>
                <time>2026-05-28T20:24:32.999899864Z</time>
            </trkpt>
            <trkpt lat="42.08742233928487" lon="-84.75468847908522">
                <ele>1249.1473045349107</ele>
                <time>2026-05-28T20:24:33.999891042Z</time>
            </trkpt>
            <trkpt lat="42.086986731777046" lon="-84.75474212326552">
                <ele>1248.4794578552232</ele>
                <time>2026-05-28T20:24:34.999881267Z</time>
            </trkpt>
            <trkpt lat="42.08654982507423" lon="-84.75479710855032">
                <ele>1247.3599510192857</ele>
                <time>2026-05-28T20:24:35.999871969Z</time>
            </trkpt>
            <trkpt lat="42.0861134212856" lon="-84.75484714851225">
                <ele>1246.0954246520985</ele>
                <time>2026-05-28T20:24:36.999863147Z</time>
            </trkpt>
            <trkpt lat="42.08567513156876" lon="-84.7549033072635">
                <ele>1245.2362937927232</ele>
                <time>2026-05-28T20:24:37.999853849Z</time>
            </trkpt>
            <trkpt lat="42.08523759622321" lon="-84.7549656686231">
                <ele>1244.7029685974107</ele>
                <time>2026-05-28T20:24:38.999845027Z</time>
            </trkpt>
            <trkpt lat="42.08480161152974" lon="-84.75503104746784">
                <ele>1244.194179534911</ele>
                <time>2026-05-28T20:24:39.999835491Z</time>
            </trkpt>
            <trkpt lat="42.08436504010305" lon="-84.7551022936448">
                <ele>1244.330654144286</ele>
                <time>2026-05-28T20:24:40.999826431Z</time>
            </trkpt>
            <trkpt lat="42.08392980978087" lon="-84.7551728692695">
                <ele>1244.338466644286</ele>
                <time>2026-05-28T20:24:41.999817132Z</time>
            </trkpt>
            <trkpt lat="42.083494998553846" lon="-84.75524696529354">
                <ele>1243.9651756286607</ele>
                <time>2026-05-28T20:24:42.999807834Z</time>
            </trkpt>
            <trkpt lat="42.08306069024101" lon="-84.75531737328018">
                <ele>1243.427822113036</ele>
                <time>2026-05-28T20:24:43.999798536Z</time>
            </trkpt>
            <trkpt lat="42.082626717204306" lon="-84.75538744599069">
                <ele>1242.6213035583482</ele>
                <time>2026-05-28T20:24:44.999788761Z</time>
            </trkpt>
            <trkpt lat="42.08219341471985" lon="-84.75546170965279">
                <ele>1241.613613128661</ele>
                <time>2026-05-28T20:24:45.999779701Z</time>
            </trkpt>
            <trkpt lat="42.08175973504976" lon="-84.75553479984845">
                <ele>1240.546474456786</ele>
                <time>2026-05-28T20:24:46.999770164Z</time>
            </trkpt>
            <trkpt lat="42.08132421136096" lon="-84.75560143597866">
                <ele>1239.503749847411</ele>
                <time>2026-05-28T20:24:47.999761581Z</time>
            </trkpt>
            <trkpt lat="42.08088688556298" lon="-84.75566254005278">
                <ele>1237.6159324645985</ele>
                <time>2026-05-28T20:24:48.999751806Z</time>
            </trkpt>
            <trkpt lat="42.08044708710357" lon="-84.75572691306914">
                <ele>1236.1725730895982</ele>
                <time>2026-05-28T20:24:49.999742507Z</time>
            </trkpt>
            <trkpt lat="42.080004606435146" lon="-84.75579271100904">
                <ele>1234.7412986755357</ele>
                <time>2026-05-28T20:24:50.999733448Z</time>
            </trkpt>
            <trkpt lat="42.07955462396338" lon="-84.75585993387247">
                <ele>1232.921962738036</ele>
                <time>2026-05-28T20:24:51.999723434Z</time>
            </trkpt>
            <trkpt lat="42.07910078581616" lon="-84.75592288196529">
                <ele>1231.7452049255357</ele>
                <time>2026-05-28T20:24:52.999714851Z</time>
            </trkpt>
            <trkpt lat="42.078644139731374" lon="-84.75598046564008">
                <ele>1231.3398094177235</ele>
                <time>2026-05-28T20:24:53.999705791Z</time>
            </trkpt>
            <trkpt lat="42.078185691537406" lon="-84.75603670821036">
                <ele>1231.406337738036</ele>
                <time>2026-05-28T20:24:54.999696016Z</time>
            </trkpt>
            <trkpt lat="42.07772904545262" lon="-84.75608934656228">
                <ele>1232.8427391052232</ele>
                <time>2026-05-28T20:24:55.999687194Z</time>
            </trkpt>
            <trkpt lat="42.077273321377184" lon="-84.75614114672388">
                <ele>1234.4154930114735</ele>
                <time>2026-05-28T20:24:56.999678134Z</time>
            </trkpt>
            <trkpt lat="42.0768225007151" lon="-84.75618582226778">
                <ele>1235.5723533630357</ele>
                <time>2026-05-28T20:24:57.999668598Z</time>
            </trkpt>
            <trkpt lat="42.076372350605276" lon="-84.75622664213623">
                <ele>1237.0385398864732</ele>
                <time>2026-05-28T20:24:58.999659061Z</time>
            </trkpt>
            <trkpt lat="42.075924463609304" lon="-84.75625832573022">
                <ele>1238.1925926208482</ele>
                <time>2026-05-28T20:24:59.999649286Z</time>
            </trkpt>
            <trkpt lat="42.07547934264138" lon="-84.75627475426043">
                <ele>1238.6769676208485</ele>
                <time>2026-05-28T20:25:00.999640464Z</time>
            </trkpt>
            <trkpt lat="42.075032796749916" lon="-84.75628950641001">
                <ele>1239.4250144958485</ele>
                <time>2026-05-28T20:25:01.999630928Z</time>
            </trkpt>
            <trkpt lat="42.074585119301524" lon="-84.75630451001669">
                <ele>1239.2604637145982</ele>
                <time>2026-05-28T20:25:02.999621629Z</time>
            </trkpt>
            <trkpt lat="42.07413450818702" lon="-84.75632060327078">
                <ele>1238.3550682067857</ele>
                <time>2026-05-28T20:25:03.999612331Z</time>
            </trkpt>
            <trkpt lat="42.07368314270123" lon="-84.75634030074323">
                <ele>1237.451503753661</ele>
                <time>2026-05-28T20:25:04.999603033Z</time>
            </trkpt>
            <trkpt lat="42.07323148384883" lon="-84.75636444062437">
                <ele>1236.850917816161</ele>
                <time>2026-05-28T20:25:05.999593734Z</time>
            </trkpt>
            <trkpt lat="42.07278041172965" lon="-84.75639034070517">
                <ele>1235.9261131286607</ele>
                <time>2026-05-28T20:25:06.999584197Z</time>
            </trkpt>
            <trkpt lat="42.07232795659645" lon="-84.75641464822436">
                <ele>1234.9920310974107</ele>
                <time>2026-05-28T20:25:07.999575614Z</time>
            </trkpt>
            <trkpt lat="42.07187420226826" lon="-84.75644029684807">
                <ele>1234.3113670349107</ele>
                <time>2026-05-28T20:25:08.999565601Z</time>
            </trkpt>
            <trkpt lat="42.071420196482975" lon="-84.75646561019565">
                <ele>1233.9008445739735</ele>
                <time>2026-05-28T20:25:09.999556779Z</time>
            </trkpt>
            <trkpt lat="42.07096313130303" lon="-84.75648882806743">
                <ele>1232.787197113036</ele>
                <time>2026-05-28T20:25:10.999547481Z</time>
            </trkpt>
            <trkpt lat="42.0705061080326" lon="-84.75651397377695">
                <ele>1233.7890281677232</ele>
                <time>2026-05-28T20:25:11.999538183Z</time>
            </trkpt>
            <trkpt lat="42.070046654010255" lon="-84.75653434180165">
                <ele>1234.645351409911</ele>
                <time>2026-05-28T20:25:12.999529361Z</time>
            </trkpt>
            <trkpt lat="42.06958414059325" lon="-84.75654783666576">
                <ele>1235.281826019286</ele>
                <time>2026-05-28T20:25:13.999519824Z</time>
            </trkpt>
            <trkpt lat="42.06912246536656" lon="-84.75655185997928">
                <ele>1236.374599456786</ele>
                <time>2026-05-28T20:25:14.999509811Z</time>
            </trkpt>
            <trkpt lat="42.068659155668755" lon="-84.75655261435057">
                <ele>1237.0238914489735</ele>
                <time>2026-05-28T20:25:15.999501228Z</time>
            </trkpt>
            <trkpt lat="42.06820045601769" lon="-84.75653995767678">
                <ele>1238.0191307067857</ele>
                <time>2026-05-28T20:25:16.999491214Z</time>
            </trkpt>
            <trkpt lat="42.067740373352606" lon="-84.75652855828847">
                <ele>1238.235683441161</ele>
                <time>2026-05-28T20:25:17.999482154Z</time>
            </trkpt>
            <trkpt lat="42.067282260434766" lon="-84.75651397377695">
                <ele>1238.8075828552232</ele>
                <time>2026-05-28T20:25:18.999472856Z</time>
            </trkpt>
            <trkpt lat="42.066824650431116" lon="-84.75649796434189">
                <ele>1239.4278221130357</ele>
                <time>2026-05-28T20:25:19.999463558Z</time>
            </trkpt>
            <trkpt lat="42.066369010174704" lon="-84.75648245782102">
                <ele>1240.483486175536</ele>
                <time>2026-05-28T20:25:20.999454021Z</time>
            </trkpt>
            <trkpt lat="42.065915926398766" lon="-84.75646217361535">
                <ele>1241.2026023864732</ele>
                <time>2026-05-28T20:25:21.999444484Z</time>
            </trkpt>
            <trkpt lat="42.06546376463218" lon="-84.75644172177161">
                <ele>1242.0165672302232</ele>
                <time>2026-05-28T20:25:22.999435901Z</time>
            </trkpt>
            <trkpt lat="42.06501378216041" lon="-84.75642395213688">
                <ele>1242.164150238036</ele>
                <time>2026-05-28T20:25:23.999426364Z</time>
            </trkpt>
            <trkpt lat="42.06456396732671" lon="-84.75641146310116">
                <ele>1242.079921722411</ele>
                <time>2026-05-28T20:25:24.999416828Z</time>
            </trkpt>
            <trkpt lat="42.064114823045266" lon="-84.75640182391251">
                <ele>1241.954677581786</ele>
                <time>2026-05-28T20:25:25.999407291Z</time>
            </trkpt>
            <trkpt lat="42.06366454720689" lon="-84.75640081808413">
                <ele>1240.853359222411</ele>
                <time>2026-05-28T20:25:26.999398708Z</time>
            </trkpt>
            <trkpt lat="42.06321381036384" lon="-84.75640643395926">
                <ele>1240.3189353942857</ele>
                <time>2026-05-28T20:25:27.999388933Z</time>
            </trkpt>
            <trkpt lat="42.06276278015418" lon="-84.75641774952854">
                <ele>1240.3190574645985</ele>
                <time>2026-05-28T20:25:28.999379634Z</time>
            </trkpt>
            <trkpt lat="42.06230965446873" lon="-84.75643786609615">
                <ele>1240.278652191161</ele>
                <time>2026-05-28T20:25:29.999370098Z</time>
            </trkpt>
            <trkpt lat="42.061853678936195" lon="-84.75646167070116">
                <ele>1239.9970359802235</ele>
                <time>2026-05-28T20:25:30.999361038Z</time>
            </trkpt>
            <trkpt lat="42.06139958933188" lon="-84.75648882806743">
                <ele>1239.969081878661</ele>
                <time>2026-05-28T20:25:31.999352455Z</time>
            </trkpt>
            <trkpt lat="42.0609442843516" lon="-84.75652193658496">
                <ele>1239.8058738708482</ele>
                <time>2026-05-28T20:25:32.999342441Z</time>
            </trkpt>
            <trkpt lat="42.06048956610454" lon="-84.75655831404472">
                <ele>1239.6650047302235</ele>
                <time>2026-05-28T20:25:33.999333381Z</time>
            </trkpt>
            <trkpt lat="42.06003413539572" lon="-84.75659754135157">
                <ele>1239.8789939880357</ele>
                <time>2026-05-28T20:25:34.999323844Z</time>
            </trkpt>
            <trkpt lat="42.05957862086786" lon="-84.7566359304681">
                <ele>1240.1641502380357</ele>
                <time>2026-05-28T20:25:35.999315261Z</time>
            </trkpt>
            <trkpt lat="42.05911979548825" lon="-84.756675325413">
                <ele>1239.5348777770985</ele>
                <time>2026-05-28T20:25:36.999305725Z</time>
            </trkpt>
            <trkpt lat="42.05866050910396" lon="-84.75671757020498">
                <ele>1239.1691551208482</ele>
                <time>2026-05-28T20:25:37.999296665Z</time>
            </trkpt>
            <trkpt lat="42.058202019000476" lon="-84.75676258102501">
                <ele>1238.7289695739732</ele>
                <time>2026-05-28T20:25:38.999287366Z</time>
            </trkpt>
            <trkpt lat="42.05774466045392" lon="-84.75680599928344">
                <ele>1238.8590965270985</ele>
                <time>2026-05-28T20:25:39.999277353Z</time>
            </trkpt>
            <trkpt lat="42.05728520643157" lon="-84.75685277030314">
                <ele>1238.7588768005357</ele>
                <time>2026-05-28T20:25:40.999267816Z</time>
            </trkpt>
            <trkpt lat="42.05682612959487" lon="-84.75690079860831">
                <ele>1239.202480316161</ele>
                <time>2026-05-28T20:25:41.999258995Z</time>
            </trkpt>
            <trkpt lat="42.056368729138796" lon="-84.75695025183703">
                <ele>1239.9543113708485</ele>
                <time>2026-05-28T20:25:42.999249696Z</time>
            </trkpt>
            <trkpt lat="42.055912460239654" lon="-84.75699936978961">
                <ele>1240.7735252380357</ele>
                <time>2026-05-28T20:25:43.999239921Z</time>
            </trkpt>
            <trkpt lat="42.055455227421646" lon="-84.75705242723669">
                <ele>1240.9043846130357</ele>
                <time>2026-05-28T20:25:44.999231100Z</time>
            </trkpt>
            <trkpt lat="42.05499950334621" lon="-84.75710866980697">
                <ele>1240.8085594177235</ele>
                <time>2026-05-28T20:25:45.999221324Z</time>
            </trkpt>
            <trkpt lat="42.05454449173254" lon="-84.75716759458626">
                <ele>1240.1210594177232</ele>
                <time>2026-05-28T20:25:46.999212741Z</time>
            </trkpt>
            <trkpt lat="42.05408801328582" lon="-84.75723196760262">
                <ele>1239.7934226989732</ele>
                <time>2026-05-28T20:25:47.999203205Z</time>
            </trkpt>
            <trkpt lat="42.053630151825075" lon="-84.7572882101729">
                <ele>1239.5949363708485</ele>
                <time>2026-05-28T20:25:48.999193668Z</time>
            </trkpt>
            <trkpt lat="42.053174260111575" lon="-84.75734571002866">
                <ele>1239.305995941161</ele>
                <time>2026-05-28T20:25:49.999184608Z</time>
            </trkpt>
            <trkpt lat="42.05271882940275" lon="-84.75740119822765">
                <ele>1239.3793601989735</ele>
                <time>2026-05-28T20:25:50.999175310Z</time>
            </trkpt>
            <trkpt lat="42.05226432070327" lon="-84.75745710552181">
                <ele>1239.6507225036607</ele>
                <time>2026-05-28T20:25:51.999165534Z</time>
            </trkpt>
            <trkpt lat="42.051809309089606" lon="-84.75751016296888">
                <ele>1240.0751609802235</ele>
                <time>2026-05-28T20:25:52.999156236Z</time>
            </trkpt>
            <trkpt lat="42.05135681204689" lon="-84.75755400032247">
                <ele>1240.9213523864732</ele>
                <time>2026-05-28T20:25:53.999147891Z</time>
            </trkpt>
            <trkpt lat="42.05090456646126" lon="-84.75760353737022">
                <ele>1241.2177391052232</ele>
                <time>2026-05-28T20:25:54.999137878Z</time>
            </trkpt>
            <trkpt lat="42.05045651182723" lon="-84.75765282296086">
                <ele>1242.1452293395982</ele>
                <time>2026-05-28T20:25:55.999128341Z</time>
            </trkpt>
            <trkpt lat="42.050009546840606" lon="-84.75770168945635">
                <ele>1242.9037742614732</ele>
                <time>2026-05-28T20:25:56.999119758Z</time>
            </trkpt>
            <trkpt lat="42.04956442587268" lon="-84.75775642328406">
                <ele>1243.7943992614732</ele>
                <time>2026-05-28T20:25:57.999109745Z</time>
            </trkpt>
            <trkpt lat="42.04912332821828" lon="-84.75781300113047">
                <ele>1244.315273284911</ele>
                <time>2026-05-28T20:25:58.999100685Z</time>
            </trkpt>
            <trkpt lat="42.04868378121596" lon="-84.75786865696753">
                <ele>1244.9828758239732</ele>
                <time>2026-05-28T20:25:59.999091148Z</time>
            </trkpt>
            <trkpt lat="42.04824544958961" lon="-84.7579235584333">
                <ele>1245.5519676208485</ele>
                <time>2026-05-28T20:26:00.999082088Z</time>
            </trkpt>
            <trkpt lat="42.04780783042502" lon="-84.75797552623297">
                <ele>1246.1233787536607</ele>
                <time>2026-05-28T20:26:01.999073266Z</time>
            </trkpt>
            <trkpt lat="42.04736895397496" lon="-84.7580305953368">
                <ele>1246.097988128661</ele>
                <time>2026-05-28T20:26:02.999063491Z</time>
            </trkpt>
            <trkpt lat="42.046932424457786" lon="-84.75808843046869">
                <ele>1245.4323387145982</ele>
                <time>2026-05-28T20:26:03.999054431Z</time>
            </trkpt>
            <trkpt lat="42.04649237454128" lon="-84.75814257756318">
                <ele>1244.455410003661</ele>
                <time>2026-05-28T20:26:04.999044895Z</time>
            </trkpt>
            <trkpt lat="42.04605328854364" lon="-84.75819538355316">
                <ele>1243.160976409911</ele>
                <time>2026-05-28T20:26:05.999035358Z</time>
            </trkpt>
            <trkpt lat="42.04561369963181" lon="-84.75824031055416">
                <ele>1241.8822898864732</ele>
                <time>2026-05-28T20:26:06.999026298Z</time>
            </trkpt>
            <trkpt lat="42.04517335634869" lon="-84.7582763527378">
                <ele>1241.1850242614735</ele>
                <time>2026-05-28T20:26:07.999016761Z</time>
            </trkpt>
            <trkpt lat="42.044732300603805" lon="-84.75830744959856">
                <ele>1240.4355125427235</ele>
                <time>2026-05-28T20:26:08.999007225Z</time>
            </trkpt>
            <trkpt lat="42.0442880178262" lon="-84.75833469078387">
                <ele>1239.3288230895985</ele>
                <time>2026-05-28T20:26:09.998998403Z</time>
            </trkpt>
            <trkpt lat="42.04384474087697" lon="-84.75836075850273">
                <ele>1238.7055320739735</ele>
                <time>2026-05-28T20:26:10.998989105Z</time>
            </trkpt>
            <trkpt lat="42.043401170561125" lon="-84.75838481456483">
                <ele>1238.150234222411</ele>
                <time>2026-05-28T20:26:11.998979568Z</time>
            </trkpt>
            <trkpt lat="42.042955504769495" lon="-84.75840593696084">
                <ele>1238.1100730895985</ele>
                <time>2026-05-28T20:26:12.999977588Z</time>
            </trkpt>
            <trkpt lat="42.04250816259723" lon="-84.75842588589039">
                <ele>1237.466396331786</ele>
                <time>2026-05-28T20:26:13.999977827Z</time>
            </trkpt>
            <trkpt lat="42.04205943741094" lon="-84.75844793029573">
                <ele>1236.5937156677235</ele>
                <time>2026-05-28T20:26:14.999967575Z</time>
            </trkpt>
            <trkpt lat="42.04160505444001" lon="-84.75847844042327">
                <ele>1236.480556488036</ele>
                <time>2026-05-28T20:26:15.999970436Z</time>
            </trkpt>
            <trkpt lat="42.04114706725072" lon="-84.7585083638176">
                <ele>1236.1438865661607</ele>
                <time>2026-05-28T20:26:16.999974727Z</time>
            </trkpt>
            <trkpt lat="42.040685643481126" lon="-84.75854080178287">
                <ele>1236.5098533630357</ele>
                <time>2026-05-28T20:26:17.999967575Z</time>
            </trkpt>
            <trkpt lat="42.04022099267881" lon="-84.75857189864364">
                <ele>1236.8133201599107</ele>
                <time>2026-05-28T20:26:18.999973297Z</time>
            </trkpt>
            <trkpt lat="42.03975826971423" lon="-84.758609868665">
                <ele>1237.757656097411</ele>
                <time>2026-05-28T20:26:19.999973773Z</time>
            </trkpt>
            <trkpt lat="42.03929387036901" lon="-84.75865194581893">
                <ele>1238.451259613036</ele>
                <time>2026-05-28T20:26:20.999963760Z</time>
            </trkpt>
            <trkpt lat="42.03883018348556" lon="-84.75869896829572">
                <ele>1240.3783836364732</ele>
                <time>2026-05-28T20:26:21.999967098Z</time>
            </trkpt>
            <trkpt lat="42.0383669995163" lon="-84.75874414675381">
                <ele>1241.6095848083485</ele>
                <time>2026-05-28T20:26:22.999974012Z</time>
            </trkpt>
            <trkpt lat="42.03790540810864" lon="-84.75878831938353">
                <ele>1243.0522117614735</ele>
                <time>2026-05-28T20:26:23.999966621Z</time>
            </trkpt>
            <trkpt lat="42.0374446548913" lon="-84.75882721141424">
                <ele>1244.4972801208482</ele>
                <time>2026-05-28T20:26:24.999970912Z</time>
            </trkpt>
            <trkpt lat="42.03698603905927" lon="-84.75886208013144">
                <ele>1245.5887107849107</ele>
                <time>2026-05-28T20:26:25.999978065Z</time>
            </trkpt>
            <trkpt lat="42.03652956061255" lon="-84.75889267407801">
                <ele>1246.8695945739732</ele>
                <time>2026-05-28T20:26:26.999970674Z</time>
            </trkpt>
            <trkpt lat="42.03607207633745" lon="-84.75892058581557">
                <ele>1248.1610984802232</ele>
                <time>2026-05-28T20:26:27.999962329Z</time>
            </trkpt>
            <trkpt lat="42.03561568170975" lon="-84.75895268850472">
                <ele>1249.162441253661</ele>
                <time>2026-05-28T20:26:28.999953508Z</time>
            </trkpt>
            <trkpt lat="42.035163394214614" lon="-84.75897816949036">
                <ele>1250.9811668395982</ele>
                <time>2026-05-28T20:26:29.999944686Z</time>
            </trkpt>
            <trkpt lat="42.03470963988642" lon="-84.75900826052275">
                <ele>1251.180507659911</ele>
                <time>2026-05-28T20:26:30.999935626Z</time>
            </trkpt>
            <trkpt lat="42.034258777314825" lon="-84.75903759718385">
                <ele>1252.7868309020982</ele>
                <time>2026-05-28T20:26:31.999926567Z</time>
            </trkpt>
            <trkpt lat="42.03380959112386" lon="-84.75906022832241">
                <ele>1254.2278709411607</ele>
                <time>2026-05-28T20:26:32.999917268Z</time>
            </trkpt>
            <trkpt lat="42.033360446842416" lon="-84.75908403292742">
                <ele>1254.578456878661</ele>
                <time>2026-05-28T20:26:33.999908447Z</time>
            </trkpt>
            <trkpt lat="42.03291017100404" lon="-84.75911211230304">
                <ele>1254.8236961364732</ele>
                <time>2026-05-28T20:26:34.999899864Z</time>
            </trkpt>
            <trkpt lat="42.03246006280373" lon="-84.75914614282992">
                <ele>1254.1637840270982</ele>
                <time>2026-05-28T20:26:35.999890804Z</time>
            </trkpt>
            <trkpt lat="42.03200961932729" lon="-84.7591836099371">
                <ele>1253.9373435974107</ele>
                <time>2026-05-28T20:26:36.999882221Z</time>
            </trkpt>
            <trkpt lat="42.031559343488915" lon="-84.75923432045128">
                <ele>1254.115077972411</ele>
                <time>2026-05-28T20:26:37.999872207Z</time>
            </trkpt>
            <trkpt lat="42.03110835518877" lon="-84.75929299377349">
                <ele>1255.7029685974107</ele>
                <time>2026-05-28T20:26:38.999863147Z</time>
            </trkpt>
            <trkpt lat="42.030657995531364" lon="-84.75935108036246">
                <ele>1256.6855125427235</ele>
                <time>2026-05-28T20:26:39.999855041Z</time>
            </trkpt>
            <trkpt lat="42.03020901888798" lon="-84.75941201679852">
                <ele>1257.6610984802232</ele>
                <time>2026-05-28T20:26:40.999845743Z</time>
            </trkpt>
            <trkpt lat="42.02976092234443" lon="-84.759476725091">
                <ele>1258.4193992614732</ele>
                <time>2026-05-28T20:26:41.999835968Z</time>
            </trkpt>
            <trkpt lat="42.02931496318619" lon="-84.75953732625094">
                <ele>1259.6925926208482</ele>
                <time>2026-05-28T20:26:42.999827384Z</time>
            </trkpt>
            <trkpt lat="42.028873865531786" lon="-84.75959214389768">
                <ele>1261.334804534911</ele>
                <time>2026-05-28T20:26:43.999817848Z</time>
            </trkpt>
            <trkpt lat="42.028435785362525" lon="-84.7596442793354">
                <ele>1262.2210350036607</ele>
                <time>2026-05-28T20:26:44.999808311Z</time>
            </trkpt>
            <trkpt lat="42.02799917202631" lon="-84.75969239145961">
                <ele>1262.8959617614735</ele>
                <time>2026-05-28T20:26:45.999799489Z</time>
            </trkpt>
            <trkpt lat="42.02756322924236" lon="-84.759735725899">
                <ele>1263.4916648864732</ele>
                <time>2026-05-28T20:26:46.999790668Z</time>
            </trkpt>
            <trkpt lat="42.02712841801534" lon="-84.75977738395777">
                <ele>1263.2771873474107</ele>
                <time>2026-05-28T20:26:47.999781608Z</time>
            </trkpt>
            <trkpt lat="42.02669549271653" lon="-84.7598274239197">
                <ele>1263.5116844177232</ele>
                <time>2026-05-28T20:26:48.999772548Z</time>
            </trkpt>
            <trkpt lat="42.02626617163608" lon="-84.75988383412805">
                <ele>1263.542812347411</ele>
                <time>2026-05-28T20:26:49.999763011Z</time>
            </trkpt>
            <trkpt lat="42.025836138093865" lon="-84.7599590197995">
                <ele>1263.0331687927235</ele>
                <time>2026-05-28T20:26:50.999753475Z</time>
            </trkpt>
            <trkpt lat="42.02540769711325" lon="-84.76005968645659">
                <ele>1262.239833831786</ele>
                <time>2026-05-28T20:26:51.999744892Z</time>
            </trkpt>
            <trkpt lat="42.02498038768957" lon="-84.76019103087928">
                <ele>1260.611660003661</ele>
                <time>2026-05-28T20:26:52.999735116Z</time>
            </trkpt>
            <trkpt lat="42.02455211434702" lon="-84.76035338834372">
                <ele>1257.7483787536607</ele>
                <time>2026-05-28T20:26:53.999726772Z</time>
            </trkpt>
            <trkpt lat="42.02412748713235" lon="-84.76054214880314">
                <ele>1254.4386863708482</ele>
                <time>2026-05-28T20:26:54.999717712Z</time>
            </trkpt>
            <trkpt lat="42.02370386574606" lon="-84.76076477215138">
                <ele>1250.6106834411607</ele>
                <time>2026-05-28T20:26:55.999708175Z</time>
            </trkpt>
            <trkpt lat="42.02328569259683" lon="-84.76101974964585">
                <ele>1247.043300628661</ele>
                <time>2026-05-28T20:26:56.999698877Z</time>
            </trkpt>
            <trkpt lat="42.02287179421822" lon="-84.76130708128657">
                <ele>1243.8196678161607</ele>
                <time>2026-05-28T20:26:57.999689817Z</time>
            </trkpt>
            <trkpt lat="42.022464391814566" lon="-84.76162198938873">
                <ele>1241.0475730895985</ele>
                <time>2026-05-28T20:26:58.999680519Z</time>
            </trkpt>
            <trkpt lat="42.022067382970846" lon="-84.76196221083846">
                <ele>1238.2802391052232</ele>
                <time>2026-05-28T20:26:59.999671697Z</time>
            </trkpt>
            <trkpt lat="42.02168001331577" lon="-84.76233637899604">
                <ele>1235.9435691833482</ele>
                <time>2026-05-28T20:27:00.999662399Z</time>
            </trkpt>
            <trkpt lat="42.021304629782236" lon="-84.76273569286313">
                <ele>1234.5256004333485</ele>
                <time>2026-05-28T20:27:01.999653339Z</time>
            </trkpt>
            <trkpt lat="42.02094785407374" lon="-84.76316358902004">
                <ele>1233.8898582458482</ele>
                <time>2026-05-28T20:27:02.999644279Z</time>
            </trkpt>
            <trkpt lat="42.02060767453352" lon="-84.76361688234356">
                <ele>1233.4046287536607</ele>
                <time>2026-05-28T20:27:03.999634265Z</time>
            </trkpt>
            <trkpt lat="42.02028865929881" lon="-84.76409305826273">
                <ele>1233.2797508239735</ele>
                <time>2026-05-28T20:27:04.999625682Z</time>
            </trkpt>
            <trkpt lat="42.01999089218864" lon="-84.7645935417011">
                <ele>1233.2575340270985</ele>
                <time>2026-05-28T20:27:05.999615907Z</time>
            </trkpt>
            <trkpt lat="42.019718145059436" lon="-84.76511858411577">
                <ele>1232.2549705505357</ele>
                <time>2026-05-28T20:27:06.999607563Z</time>
            </trkpt>
            <trkpt lat="42.019477458709865" lon="-84.76566223435547">
                <ele>1231.6143455505357</ele>
                <time>2026-05-28T20:27:07.999598026Z</time>
            </trkpt>
            <trkpt lat="42.01925382953325" lon="-84.76621745162156">
                <ele>1229.8881492614735</ele>
                <time>2026-05-28T20:27:08.999588966Z</time>
            </trkpt>
            <trkpt lat="42.01905882455596" lon="-84.76679379128363">
                <ele>1228.8933982849107</ele>
                <time>2026-05-28T20:27:09.999579191Z</time>
            </trkpt>
            <trkpt lat="42.01889097694495" lon="-84.7673846316382">
                <ele>1227.0638084411607</ele>
                <time>2026-05-28T20:27:10.999570608Z</time>
            </trkpt>
            <trkpt lat="42.01875653121808" lon="-84.76798779339042">
                <ele>1224.8113670349107</ele>
                <time>2026-05-28T20:27:11.999561071Z</time>
            </trkpt>
            <trkpt lat="42.01865322426149" lon="-84.76860201925483">
                <ele>1222.3643455505357</ele>
                <time>2026-05-28T20:27:12.999551773Z</time>
            </trkpt>
            <trkpt lat="42.01858181044647" lon="-84.76922554903176">
                <ele>1219.7951316833485</ele>
                <time>2026-05-28T20:27:13.999542474Z</time>
            </trkpt>
            <trkpt lat="42.0185380150024" lon="-84.76985494614091">
                <ele>1216.6767234802232</ele>
                <time>2026-05-28T20:27:14.999533653Z</time>
            </trkpt>
            <trkpt lat="42.018523681947975" lon="-84.77047487169948">
                <ele>1213.567226409911</ele>
                <time>2026-05-28T20:27:15.999524116Z</time>
            </trkpt>
            <trkpt lat="42.018555365541964" lon="-84.77109027103033">
                <ele>1211.2934226989732</ele>
                <time>2026-05-28T20:27:16.999515533Z</time>
            </trkpt>
            <trkpt lat="42.01860712379405" lon="-84.77169636644867">
                <ele>1209.6852684020985</ele>
                <time>2026-05-28T20:27:17.999505996Z</time>
            </trkpt>
            <trkpt lat="42.018689014988034" lon="-84.77228854790773">
                <ele>1208.5705223083485</ele>
                <time>2026-05-28T20:27:18.999495983Z</time>
            </trkpt>
            <trkpt lat="42.01879345350155" lon="-84.77287335329201">
                <ele>1207.9256248474107</ele>
                <time>2026-05-28T20:27:19.999487876Z</time>
            </trkpt>
            <trkpt lat="42.01891880486348" lon="-84.77344843566861">
                <ele>1208.7394676208485</ele>
                <time>2026-05-28T20:27:20.999478340Z</time>
            </trkpt>
            <trkpt lat="42.01906280595997" lon="-84.77400901735274">
                <ele>1209.732753753661</ele>
                <time>2026-05-28T20:27:21.999468326Z</time>
            </trkpt>
            <trkpt lat="42.01922495387682" lon="-84.77455317050664">
                <ele>1210.431728363036</ele>
                <time>2026-05-28T20:27:22.999459266Z</time>
            </trkpt>
            <trkpt lat="42.019400764295845" lon="-84.77508617572931">
                <ele>1211.2629051208485</ele>
                <time>2026-05-28T20:27:23.999450206Z</time>
            </trkpt>
            <trkpt lat="42.01958851892689" lon="-84.77560258478371">
                <ele>1212.7746238708485</ele>
                <time>2026-05-28T20:27:24.999441146Z</time>
            </trkpt>
            <trkpt lat="42.019787966312855" lon="-84.77610616952626">
                <ele>1213.066982269286</ele>
                <time>2026-05-28T20:27:25.999431848Z</time>
            </trkpt>
            <trkpt lat="42.01999914836326" lon="-84.77660187527982">
                <ele>1214.3522605895985</ele>
                <time>2026-05-28T20:27:26.999423027Z</time>
            </trkpt>
            <trkpt lat="42.02023388356158" lon="-84.77707905702738">
                <ele>1215.6794090270985</ele>
                <time>2026-05-28T20:27:27.999413013Z</time>
            </trkpt>
            <trkpt lat="42.02048370618561" lon="-84.77753930733053">
                <ele>1216.3650779724107</ele>
                <time>2026-05-28T20:27:28.999403953Z</time>
            </trkpt>
            <trkpt lat="42.02075339392016" lon="-84.77797022097258">
                <ele>1216.6803855895985</ele>
                <time>2026-05-28T20:27:29.999395608Z</time>
            </trkpt>
            <trkpt lat="42.02104223430345" lon="-84.77837590508608">
                <ele>1215.781826019286</ele>
                <time>2026-05-28T20:27:30.999385833Z</time>
            </trkpt>
            <trkpt lat="42.02134951487372" lon="-84.77875292309074">
                <ele>1215.0502586364732</ele>
                <time>2026-05-28T20:27:31.999376773Z</time>
            </trkpt>
            <trkpt lat="42.02167448125968" lon="-84.77910018533913">
                <ele>1213.3946189880357</ele>
                <time>2026-05-28T20:27:32.999367237Z</time>
            </trkpt>
            <trkpt lat="42.02202124059389" lon="-84.77941433907">
                <ele>1212.1401023864732</ele>
                <time>2026-05-28T20:27:33.999358654Z</time>
            </trkpt>
            <trkpt lat="42.022384260820246" lon="-84.7796973959401">
                <ele>1209.9750633239732</ele>
                <time>2026-05-28T20:27:34.999349117Z</time>
            </trkpt>
            <trkpt lat="42.022762955205536" lon="-84.77995011032073">
                <ele>1208.0861473083485</ele>
                <time>2026-05-28T20:27:35.999340057Z</time>
            </trkpt>
            <trkpt lat="42.02315698847363" lon="-84.78016502231804">
                <ele>1205.541591644286</ele>
                <time>2026-05-28T20:27:36.999330520Z</time>
            </trkpt>
            <trkpt lat="42.02356145721117" lon="-84.78034271866528">
                <ele>1203.601894378661</ele>
                <time>2026-05-28T20:27:37.999320983Z</time>
            </trkpt>
            <trkpt lat="42.02398583296875" lon="-84.78049602367429">
                <ele>1201.8769187927232</ele>
                <time>2026-05-28T20:27:38.999312400Z</time>
            </trkpt>
            <trkpt lat="42.02440266501347" lon="-84.7806023062065">
                <ele>1200.042079925536</ele>
                <time>2026-05-28T20:27:39.999302864Z</time>
            </trkpt>
            <trkpt lat="42.024820335248506" lon="-84.78067900062052">
                <ele>1198.5647850036607</ele>
                <time>2026-05-28T20:27:40.999294281Z</time>
            </trkpt>
            <trkpt lat="42.025242866987384" lon="-84.78071194149999">
                <ele>1198.6242332458485</ele>
                <time>2026-05-28T20:27:41.999284267Z</time>
            </trkpt>
            <trkpt lat="42.02566422525982" lon="-84.78070599034874">
                <ele>1200.0374412536607</ele>
                <time>2026-05-28T20:27:42.999278306Z</time>
            </trkpt>
            <trkpt lat="42.02608348805646" lon="-84.78067045107929">
                <ele>1202.3722801208485</ele>
                <time>2026-05-28T20:27:43.999265670Z</time>
            </trkpt>
            <trkpt lat="42.026497302616036" lon="-84.78061571725158">
                <ele>1205.203456878661</ele>
                <time>2026-05-28T20:27:44.999257087Z</time>
            </trkpt>
            <trkpt lat="42.02690663285742" lon="-84.78055813357679">
                <ele>1208.8271141052232</ele>
                <time>2026-05-28T20:27:45.999247789Z</time>
            </trkpt>
            <trkpt lat="42.027311981694794" lon="-84.78049627513138">
                <ele>1212.8799705505357</ele>
                <time>2026-05-28T20:27:46.999238491Z</time>
            </trkpt>
            <trkpt lat="42.02771339103768" lon="-84.7804418765798">
                <ele>1216.259365081786</ele>
                <time>2026-05-28T20:27:47.999228954Z</time>
            </trkpt>
            <trkpt lat="42.02810956169108" lon="-84.78039124988464">
                <ele>1219.669033050536</ele>
                <time>2026-05-28T20:27:48.999219894Z</time>
            </trkpt>
            <trkpt lat="42.028503762597246" lon="-84.78035185493974">
                <ele>1222.2781639099107</ele>
                <time>2026-05-28T20:27:49.999210834Z</time>
            </trkpt>
            <trkpt lat="42.02889708340357" lon="-84.78032838561086">
                <ele>1224.5523338317857</ele>
                <time>2026-05-28T20:27:50.999201774Z</time>
            </trkpt>
            <trkpt lat="42.02928801536749" lon="-84.78031044833807">
                <ele>1227.1082420349107</ele>
                <time>2026-05-28T20:27:51.999192714Z</time>
            </trkpt>
            <trkpt lat="42.0296820905451" lon="-84.78030240171103">
                <ele>1230.1737937927232</ele>
                <time>2026-05-28T20:27:52.999182701Z</time>
            </trkpt>
            <trkpt lat="42.030076920094" lon="-84.78031128652839">
                <ele>1233.8656883239735</ele>
                <time>2026-05-28T20:27:53.999174356Z</time>
            </trkpt>
            <trkpt lat="42.03046546321551" lon="-84.78032788269667">
                <ele>1236.8551902770985</ele>
                <time>2026-05-28T20:27:54.999164104Z</time>
            </trkpt>
            <trkpt lat="42.03085056975673" lon="-84.78035369895844">
                <ele>1240.325283050536</ele>
                <time>2026-05-28T20:27:55.999155521Z</time>
            </trkpt>
            <trkpt lat="42.031234167555375" lon="-84.78038529873339">
                <ele>1243.2493553161607</ele>
                <time>2026-05-28T20:27:56.999146461Z</time>
            </trkpt>
            <trkpt lat="42.031619232187076" lon="-84.78042301729766">
                <ele>1244.0793113708485</ele>
                <time>2026-05-28T20:27:57.999136924Z</time>
            </trkpt>
            <trkpt lat="42.0320040872712" lon="-84.7804577183768">
                <ele>1244.0016746520982</ele>
                <time>2026-05-28T20:27:58.999127149Z</time>
            </trkpt>
            <trkpt lat="42.03239053491692" lon="-84.78049560457913">
                <ele>1243.0955467224107</ele>
                <time>2026-05-28T20:27:59.999118328Z</time>
            </trkpt>
            <trkpt lat="42.03278247270922" lon="-84.78053072475342">
                <ele>1241.6376609802232</ele>
                <time>2026-05-28T20:28:00.999109268Z</time>
            </trkpt>
            <trkpt lat="42.033176631705864" lon="-84.78055654101519">
                <ele>1239.9641990661607</ele>
                <time>2026-05-28T20:28:01.999099731Z</time>
            </trkpt>
            <trkpt lat="42.033575652206345" lon="-84.78057674140183">
                <ele>1238.117519378661</ele>
                <time>2026-05-28T20:28:02.999091148Z</time>
            </trkpt>
            <trkpt lat="42.03397940848212" lon="-84.78059191264657">
                <ele>1236.4045066833485</ele>
                <time>2026-05-28T20:28:03.999081850Z</time>
            </trkpt>
            <trkpt lat="42.03438735570948" lon="-84.78061043665258">
                <ele>1235.5166893005357</ele>
                <time>2026-05-28T20:28:04.999072074Z</time>
            </trkpt>
            <trkpt lat="42.03479760796021" lon="-84.78063390598146">
                <ele>1234.6767234802235</ele>
                <time>2026-05-28T20:28:05.999063491Z</time>
            </trkpt>
            <trkpt lat="42.035205052273376" lon="-84.78065880023388">
                <ele>1233.883876800536</ele>
                <time>2026-05-28T20:28:06.999054193Z</time>
            </trkpt>
            <trkpt lat="42.03561413105766" lon="-84.78068327539114">
                <ele>1233.7638816833485</ele>
                <time>2026-05-28T20:28:07.999044895Z</time>
            </trkpt>
            <trkpt lat="42.03602220401358" lon="-84.78071210913805">
                <ele>1234.2294578552235</ele>
                <time>2026-05-28T20:28:08.999035358Z</time>
            </trkpt>
            <trkpt lat="42.03643140852641" lon="-84.7807476484075">
                <ele>1233.9164695739735</ele>
                <time>2026-05-28T20:28:09.999026536Z</time>
            </trkpt>
            <trkpt lat="42.036841325501015" lon="-84.78078352295307">
                <ele>1233.823085784911</ele>
                <time>2026-05-28T20:28:10.999017Z</time>
            </trkpt>
            <trkpt lat="42.037252918856254" lon="-84.78082300171701">
                <ele>1233.4814109802235</ele>
                <time>2026-05-28T20:28:11.999008178Z</time>
            </trkpt>
            <trkpt lat="42.037662249097636" lon="-84.78086960509864">
                <ele>1233.534511566161</ele>
                <time>2026-05-28T20:28:12.998998880Z</time>
            </trkpt>
            <trkpt lat="42.038072836624494" lon="-84.7809218243554">
                <ele>1233.0822410583482</ele>
                <time>2026-05-28T20:28:13.998989105Z</time>
            </trkpt>
            <trkpt lat="42.03848049048524" lon="-84.78097429506926">
                <ele>1232.4954490661607</ele>
                <time>2026-05-28T20:28:14.998979568Z</time>
            </trkpt>
            <trkpt lat="42.038890407459846" lon="-84.781023832117">
                <ele>1231.8899803161607</ele>
                <time>2026-05-28T20:28:15.998970985Z</time>
            </trkpt>
            <trkpt lat="42.03930216845315" lon="-84.78107311770765">
                <ele>1231.317226409911</ele>
                <time>2026-05-28T20:28:16.998961448Z</time>
            </trkpt>
            <trkpt lat="42.03971342653226" lon="-84.78112047546057">
                <ele>1230.667079925536</ele>
                <time>2026-05-28T20:28:17.998952865Z</time>
            </trkpt>
            <trkpt lat="42.04012468461137" lon="-84.7811633908048">
                <ele>1229.8859519958485</ele>
                <time>2026-05-28T20:28:18.999912500Z</time>
            </trkpt>
            <trkpt lat="42.04053594269048" lon="-84.7811950743988">
                <ele>1229.3944969177232</ele>
                <time>2026-05-28T20:28:19.999918460Z</time>
            </trkpt>
            <trkpt lat="42.040946278760245" lon="-84.78121368222384">
                <ele>1228.7559471130357</ele>
                <time>2026-05-28T20:28:20.999910831Z</time>
            </trkpt>
            <trkpt lat="42.04136097341966" lon="-84.78120773107258">
                <ele>1227.993007659911</ele>
                <time>2026-05-28T20:28:21.999918937Z</time>
            </trkpt>
            <trkpt lat="42.04177164476555" lon="-84.78117018014638">
                <ele>1227.159755706786</ele>
                <time>2026-05-28T20:28:22.999923944Z</time>
            </trkpt>
            <trkpt lat="42.04218147792112" lon="-84.78110061035005">
                <ele>1226.0793113708482</ele>
                <time>2026-05-28T20:28:23.999917507Z</time>
            </trkpt>
            <trkpt lat="42.0425823424403" lon="-84.78099877022652">
                <ele>1224.713466644286</ele>
                <time>2026-05-28T20:28:24.999925136Z</time>
            </trkpt>
            <trkpt lat="42.04297750726532" lon="-84.78086331867127">
                <ele>1223.5360984802232</ele>
                <time>2026-05-28T20:28:25.999931812Z</time>
            </trkpt>
            <trkpt lat="42.04336944505762" lon="-84.78070288904456">
                <ele>1222.1510887145985</ele>
                <time>2026-05-28T20:28:26.999925613Z</time>
            </trkpt>
            <trkpt lat="42.04375388104659" lon="-84.78050641723422">
                <ele>1220.8092918395985</ele>
                <time>2026-05-28T20:28:27.999932765Z</time>
            </trkpt>
            <trkpt lat="42.0441265404616" lon="-84.7802780103728">
                <ele>1218.7973289489735</ele>
                <time>2026-05-28T20:28:28.999940872Z</time>
            </trkpt>
            <trkpt lat="42.044484531546054" lon="-84.78001657881288">
                <ele>1217.2746238708485</ele>
                <time>2026-05-28T20:28:29.999934196Z</time>
            </trkpt>
            <trkpt lat="42.04483070414704" lon="-84.77971357301323">
                <ele>1216.6064109802235</ele>
                <time>2026-05-28T20:28:30.999938249Z</time>
            </trkpt>
            <trkpt lat="42.04515927475136" lon="-84.77938198492376">
                <ele>1215.5196189880357</ele>
                <time>2026-05-28T20:28:31.999946117Z</time>
            </trkpt>
            <trkpt lat="42.045468231702266" lon="-84.77901829414515">
                <ele>1214.677822113036</ele>
                <time>2026-05-28T20:28:32.999940872Z</time>
            </trkpt>
            <trkpt lat="42.045755982438145" lon="-84.77862962529508">
                <ele>1214.5404930114735</ele>
                <time>2026-05-28T20:28:33.999934673Z</time>
            </trkpt>
            <trkpt lat="42.04602667600107" lon="-84.77821975023">
                <ele>1214.4812889099107</ele>
                <time>2026-05-28T20:28:34.999928474Z</time>
            </trkpt>
            <trkpt lat="42.04628282696199" lon="-84.77778850131182">
                <ele>1214.713710784911</ele>
                <time>2026-05-28T20:28:35.999922037Z</time>
            </trkpt>
            <trkpt lat="42.0465241419543" lon="-84.77734241642503">
                <ele>1215.1899070739735</ele>
                <time>2026-05-28T20:28:36.999915122Z</time>
            </trkpt>
            <trkpt lat="42.046756194943605" lon="-84.77689230822472">
                <ele>1216.270595550536</ele>
                <time>2026-05-28T20:28:37.999907970Z</time>
            </trkpt>
            <trkpt lat="42.046981710048435" lon="-84.77644647479502">
                <ele>1218.0995750427235</ele>
                <time>2026-05-28T20:28:38.999901771Z</time>
            </trkpt>
            <trkpt lat="42.04720512967747" lon="-84.7760018986508">
                <ele>1219.1768455505357</ele>
                <time>2026-05-28T20:28:39.999894142Z</time>
            </trkpt>
            <trkpt lat="42.04743035141569" lon="-84.77555958562044">
                <ele>1219.6763572692857</ele>
                <time>2026-05-28T20:28:40.999886989Z</time>
            </trkpt>
            <trkpt lat="42.04765741717261" lon="-84.77512322374133">
                <ele>1220.288906097411</ele>
                <time>2026-05-28T20:28:41.999879837Z</time>
            </trkpt>
            <trkpt lat="42.047887919509826" lon="-84.77469968617407">
                <ele>1221.252773284911</ele>
                <time>2026-05-28T20:28:42.999872684Z</time>
            </trkpt>
            <trkpt lat="42.04812479209345" lon="-84.77428754799513">
                <ele>1222.4468650817857</ele>
                <time>2026-05-28T20:28:43.999864578Z</time>
            </trkpt>
            <trkpt lat="42.04836581371915" lon="-84.77388622247128">
                <ele>1223.7402000427235</ele>
                <time>2026-05-28T20:28:44.999856948Z</time>
            </trkpt>
            <trkpt lat="42.048610816748855" lon="-84.77349805653539">
                <ele>1224.0220603942857</ele>
                <time>2026-05-28T20:28:45.999849319Z</time>
            </trkpt>
            <trkpt lat="42.0488614775632" lon="-84.77311743431237">
                <ele>1224.197353363036</ele>
                <time>2026-05-28T20:28:46.999841690Z</time>
            </trkpt>
            <trkpt lat="42.049118801990566" lon="-84.77273589008">
                <ele>1223.7865867614735</ele>
                <time>2026-05-28T20:28:47.999833583Z</time>
            </trkpt>
            <trkpt lat="42.04938178420257" lon="-84.77236046463695">
                <ele>1222.8451805114735</ele>
                <time>2026-05-28T20:28:48.999825954Z</time>
            </trkpt>
            <trkpt lat="42.049645227419255" lon="-84.77199132562127">
                <ele>1221.6159324645985</ele>
                <time>2026-05-28T20:28:49.999818325Z</time>
            </trkpt>
            <trkpt lat="42.04991240058285" lon="-84.7716235277101">
                <ele>1221.2873191833485</ele>
                <time>2026-05-28T20:28:50.999810457Z</time>
            </trkpt>
            <trkpt lat="42.050184477159796" lon="-84.7712561488941">
                <ele>1221.3820457458485</ele>
                <time>2026-05-28T20:28:51.999801874Z</time>
            </trkpt>
            <trkpt lat="42.05045504499417" lon="-84.77088809952583">
                <ele>1221.2675437927235</ele>
                <time>2026-05-28T20:28:52.999793529Z</time>
            </trkpt>
            <trkpt lat="42.050728001670954" lon="-84.77052281618562">
                <ele>1219.8798484802235</ele>
                <time>2026-05-28T20:28:53.999785900Z</time>
            </trkpt>
            <trkpt lat="42.050999533424196" lon="-84.77016323253956">
                <ele>1217.911708831786</ele>
                <time>2026-05-28T20:28:54.999777793Z</time>
            </trkpt>
            <trkpt lat="42.05127538185758" lon="-84.76980926476863">
                <ele>1216.7145652770982</ele>
                <time>2026-05-28T20:28:55.999768495Z</time>
            </trkpt>
            <trkpt lat="42.051553451495295" lon="-84.76945060313192">
                <ele>1216.1220359802232</ele>
                <time>2026-05-28T20:28:56.999760627Z</time>
            </trkpt>
            <trkpt lat="42.05183240123284" lon="-84.76909680299904">
                <ele>1215.7156639099107</ele>
                <time>2026-05-28T20:28:57.999752521Z</time>
            </trkpt>
            <trkpt lat="42.052108375394766" lon="-84.76873428568688">
                <ele>1215.611171722411</ele>
                <time>2026-05-28T20:28:58.999743461Z</time>
            </trkpt>
            <trkpt lat="42.052379236595755" lon="-84.7683706787273">
                <ele>1215.356533050536</ele>
                <time>2026-05-28T20:28:59.999735593Z</time>
            </trkpt>
            <trkpt lat="42.05264657739741" lon="-84.76800246172097">
                <ele>1215.2410545349107</ele>
                <time>2026-05-28T20:29:00.999726295Z</time>
            </trkpt>
            <trkpt lat="42.05291115217102" lon="-84.76763340652433">
                <ele>1215.030849456786</ele>
                <time>2026-05-28T20:29:01.999718666Z</time>
            </trkpt>
            <trkpt lat="42.053172541821425" lon="-84.76725907072868">
                <ele>1214.6830711364735</ele>
                <time>2026-05-28T20:29:02.999709844Z</time>
            </trkpt>
            <trkpt lat="42.05343338664812" lon="-84.76688582458046">
                <ele>1214.9777488708485</ele>
                <time>2026-05-28T20:29:03.999701023Z</time>
            </trkpt>
            <trkpt lat="42.05369385428918" lon="-84.76651190787997">
                <ele>1215.6300926208482</ele>
                <time>2026-05-28T20:29:04.999692201Z</time>
            </trkpt>
            <trkpt lat="42.05395247791154" lon="-84.76613556042757">
                <ele>1215.9851951599107</ele>
                <time>2026-05-28T20:29:05.999683380Z</time>
            </trkpt>
            <trkpt lat="42.0542132389192" lon="-84.76576206282225">
                <ele>1215.654140472411</ele>
                <time>2026-05-28T20:29:06.999675273Z</time>
            </trkpt>
            <trkpt lat="42.0544706471656" lon="-84.76538839757886">
                <ele>1214.1565818786607</ele>
                <time>2026-05-28T20:29:07.999666690Z</time>
            </trkpt>
            <trkpt lat="42.054730108978276" lon="-84.76501205012646">
                <ele>1212.421474456786</ele>
                <time>2026-05-28T20:29:08.999658107Z</time>
            </trkpt>
            <trkpt lat="42.05499137290013" lon="-84.76463092498925">
                <ele>1210.385585784911</ele>
                <time>2026-05-28T20:29:09.999648571Z</time>
            </trkpt>
            <trkpt lat="42.055245721751874" lon="-84.76424133412984">
                <ele>1208.9274559020985</ele>
                <time>2026-05-28T20:29:10.999640703Z</time>
            </trkpt>
            <trkpt lat="42.05550283663166" lon="-84.76384973161366">
                <ele>1207.9806785583485</ele>
                <time>2026-05-28T20:29:11.999630928Z</time>
            </trkpt>
            <trkpt lat="42.05575831704033" lon="-84.76346097894456">
                <ele>1207.6894187927235</ele>
                <time>2026-05-28T20:29:12.999622344Z</time>
            </trkpt>
            <trkpt lat="42.05601044468773" lon="-84.7630688735142">
                <ele>1207.8186912536607</ele>
                <time>2026-05-28T20:29:13.999614238Z</time>
            </trkpt>
            <trkpt lat="42.05626395534915" lon="-84.76268045612123">
                <ele>1207.881923675536</ele>
                <time>2026-05-28T20:29:14.999604701Z</time>
            </trkpt>
            <trkpt lat="42.05651499334914" lon="-84.76229790606048">
                <ele>1208.448329925536</ele>
                <time>2026-05-28T20:29:15.999596357Z</time>
            </trkpt>
            <trkpt lat="42.05676762391073" lon="-84.76191921167519">
                <ele>1209.1209373474107</ele>
                <time>2026-05-28T20:29:16.999587535Z</time>
            </trkpt>
            <trkpt lat="42.057020925024574" lon="-84.76154663607922">
                <ele>1209.7134666442857</ele>
                <time>2026-05-28T20:29:17.999578952Z</time>
            </trkpt>
            <trkpt lat="42.0572749805097" lon="-84.76117850289192">
                <ele>1210.853359222411</ele>
                <time>2026-05-28T20:29:18.999569654Z</time>
            </trkpt>
            <trkpt lat="42.05752966463757" lon="-84.7608102858856">
                <ele>1211.2924461364735</ele>
                <time>2026-05-28T20:29:19.999561309Z</time>
            </trkpt>
            <trkpt lat="42.05778443258447" lon="-84.76044408053603">
                <ele>1211.6768455505357</ele>
                <time>2026-05-28T20:29:20.999552011Z</time>
            </trkpt>
            <trkpt lat="42.05804464876843" lon="-84.76007594734874">
                <ele>1211.558193206786</ele>
                <time>2026-05-28T20:29:21.999542713Z</time>
            </trkpt>
            <trkpt lat="42.058305828871255" lon="-84.75971183747497">
                <ele>1210.4030418395985</ele>
                <time>2026-05-28T20:29:22.999534606Z</time>
            </trkpt>
            <trkpt lat="42.058567050883596" lon="-84.75934437483993">
                <ele>1208.6996726989735</ele>
                <time>2026-05-28T20:29:23.999525070Z</time>
            </trkpt>
            <trkpt lat="42.05883782826556" lon="-84.75897942677584">
                <ele>1206.363368988036</ele>
                <time>2026-05-28T20:29:24.999516963Z</time>
            </trkpt>
            <trkpt lat="42.05911179077072" lon="-84.75861120976951">
                <ele>1203.370693206786</ele>
                <time>2026-05-28T20:29:25.999507427Z</time>
            </trkpt>
            <trkpt lat="42.05938822593732" lon="-84.75824642934347">
                <ele>1200.4745750427235</ele>
                <time>2026-05-28T20:29:26.999498844Z</time>
            </trkpt>
            <trkpt lat="42.05966847486986" lon="-84.75787854761327">
                <ele>1197.9296531677235</ele>
                <time>2026-05-28T20:29:27.999489545Z</time>
            </trkpt>
            <trkpt lat="42.05994993917836" lon="-84.7575062234744">
                <ele>1195.521572113036</ele>
                <time>2026-05-28T20:29:28.999480962Z</time>
            </trkpt>
            <trkpt lat="42.060235301071835" lon="-84.75713004366006">
                <ele>1194.264980316161</ele>
                <time>2026-05-28T20:29:29.999471664Z</time>
            </trkpt>
            <trkpt lat="42.06051743593259" lon="-84.75676325157727">
                <ele>1193.9655418395985</ele>
                <time>2026-05-28T20:29:30.999462604Z</time>
            </trkpt>
            <trkpt lat="42.0608010376264" lon="-84.75639101125742">
                <ele>1194.160488128661</ele>
                <time>2026-05-28T20:29:31.999454498Z</time>
            </trkpt>
            <trkpt lat="42.06108308866812" lon="-84.75602203987981">
                <ele>1195.328945159911</ele>
                <time>2026-05-28T20:29:32.999444961Z</time>
            </trkpt>
            <trkpt lat="42.06136748664273" lon="-84.7556583491012">
                <ele>1196.8688621520985</ele>
                <time>2026-05-28T20:29:33.999436378Z</time>
            </trkpt>
            <trkpt lat="42.06164928622736" lon="-84.7552954965129">
                <ele>1198.3278465270985</ele>
                <time>2026-05-28T20:29:34.999426841Z</time>
            </trkpt>
            <trkpt lat="42.061931379178596" lon="-84.75493348211492">
                <ele>1200.252285003661</ele>
                <time>2026-05-28T20:29:35.999417781Z</time>
            </trkpt>
            <trkpt lat="42.06220986791147" lon="-84.75457197063113">
                <ele>1201.8244285583485</ele>
                <time>2026-05-28T20:29:36.999409675Z</time>
            </trkpt>
            <trkpt lat="42.06248412378324" lon="-84.75420651965285">
                <ele>1202.256435394286</ele>
                <time>2026-05-28T20:29:37.999400377Z</time>
            </trkpt>
            <trkpt lat="42.062754649708104" lon="-84.75383520134235">
                <ele>1202.448574066161</ele>
                <time>2026-05-28T20:29:38.999391317Z</time>
            </trkpt>
            <trkpt lat="42.06302106850041" lon="-84.75346019499446">
                <ele>1202.361415863036</ele>
                <time>2026-05-28T20:29:39.999382495Z</time>
            </trkpt>
            <trkpt lat="42.06328325443162" lon="-84.75307906985725">
                <ele>1202.0539207458485</ele>
                <time>2026-05-28T20:29:40.999372959Z</time>
            </trkpt>
            <trkpt lat="42.063540872225595" lon="-84.75269450813974">
                <ele>1202.2514305114735</ele>
                <time>2026-05-28T20:29:41.999363899Z</time>
            </trkpt>
            <trkpt lat="42.06380268097116" lon="-84.7523185797825">
                <ele>1203.0050926208485</ele>
                <time>2026-05-28T20:29:42.999354839Z</time>
            </trkpt>
            <trkpt lat="42.06405983776046" lon="-84.75194642328168">
                <ele>1204.6650047302235</ele>
                <time>2026-05-28T20:29:43.999346017Z</time>
            </trkpt>
            <trkpt lat="42.06431540198816" lon="-84.75157393150474">
                <ele>1205.708827972411</ele>
                <time>2026-05-28T20:29:44.999337673Z</time>
            </trkpt>
            <trkpt lat="42.06456610471202" lon="-84.75119490184332">
                <ele>1206.2880516052235</ele>
                <time>2026-05-28T20:29:45.999328136Z</time>
            </trkpt>
            <trkpt lat="42.06481073055608" lon="-84.75081277087773">
                <ele>1206.076259613036</ele>
                <time>2026-05-28T20:29:46.999319791Z</time>
            </trkpt>
            <trkpt lat="42.06505045298679" lon="-84.75042502403701">
                <ele>1205.709560394286</ele>
                <time>2026-05-28T20:29:47.999310016Z</time>
            </trkpt>
            <trkpt lat="42.06528958868427" lon="-84.75003300242568">
                <ele>1205.573329925536</ele>
                <time>2026-05-28T20:29:48.999301195Z</time>
            </trkpt>
            <trkpt lat="42.06553031694336" lon="-84.74964408211852">
                <ele>1204.6398582458485</ele>
                <time>2026-05-28T20:29:49.999292850Z</time>
            </trkpt>
            <trkpt lat="42.065775906706286" lon="-84.74926739938999">
                <ele>1204.2494773864735</ele>
                <time>2026-05-28T20:29:50.999283313Z</time>
            </trkpt>
            <trkpt lat="42.06602639988257" lon="-84.74889541052724">
                <ele>1204.339199066161</ele>
                <time>2026-05-28T20:29:51.999274492Z</time>
            </trkpt>
            <trkpt lat="42.066283891948" lon="-84.74852317020739">
                <ele>1204.1662254333485</ele>
                <time>2026-05-28T20:29:52.999264955Z</time>
            </trkpt>
            <trkpt lat="42.06653983336135" lon="-84.74815168425883">
                <ele>1204.0614891052232</ele>
                <time>2026-05-28T20:29:53.999256610Z</time>
            </trkpt>
            <trkpt lat="42.066803318487544" lon="-84.74778363489057">
                <ele>1203.4704246520985</ele>
                <time>2026-05-28T20:29:54.999247312Z</time>
            </trkpt>
            <trkpt lat="42.06706713888987" lon="-84.74741357386554">
                <ele>1203.237148284911</ele>
                <time>2026-05-28T20:29:55.999238252Z</time>
            </trkpt>
            <trkpt lat="42.06733121074929" lon="-84.74704460248793">
                <ele>1202.9235496520982</ele>
                <time>2026-05-28T20:29:56.999229907Z</time>
            </trkpt>
            <trkpt lat="42.06759754572256" lon="-84.74667772658611">
                <ele>1202.4286766052235</ele>
                <time>2026-05-28T20:29:57.999220371Z</time>
            </trkpt>
            <trkpt lat="42.06786337778165" lon="-84.74630665973271">
                <ele>1202.155605316161</ele>
                <time>2026-05-28T20:29:58.999211788Z</time>
            </trkpt>
            <trkpt lat="42.06813247878297" lon="-84.74593626343156">
                <ele>1202.4323387145985</ele>
                <time>2026-05-28T20:29:59.999202966Z</time>
            </trkpt>
            <trkpt lat="42.068401663603325" lon="-84.74557081245328">
                <ele>1202.325527191161</ele>
                <time>2026-05-28T20:30:00.999193668Z</time>
            </trkpt>
            <trkpt lat="42.06867084842368" lon="-84.74520670257951">
                <ele>1202.8586082458485</ele>
                <time>2026-05-28T20:30:01.999184846Z</time>
            </trkpt>
            <trkpt lat="42.068937392944534" lon="-84.74484317943896">
                <ele>1203.162685394286</ele>
                <time>2026-05-28T20:30:02.999176025Z</time>
            </trkpt>
            <trkpt lat="42.069201129527826" lon="-84.74447202876652">
                <ele>1202.9333152770985</ele>
                <time>2026-05-28T20:30:03.999166250Z</time>
            </trkpt>
            <trkpt lat="42.06946331545903" lon="-84.74409760915185">
                <ele>1202.3500633239735</ele>
                <time>2026-05-28T20:30:04.999157428Z</time>
            </trkpt>
            <trkpt lat="42.06973115917488" lon="-84.74372779958392">
                <ele>1201.7563133239735</ele>
                <time>2026-05-28T20:30:05.999148130Z</time>
            </trkpt>
            <trkpt lat="42.07000277474715" lon="-84.74336134277726">
                <ele>1201.5243797302232</ele>
                <time>2026-05-28T20:30:06.999139547Z</time>
            </trkpt>
            <trkpt lat="42.07027812026634" lon="-84.74299672998929">
                <ele>1200.8791160583485</ele>
                <time>2026-05-28T20:30:07.999130725Z</time>
            </trkpt>
            <trkpt lat="42.070559710303385" lon="-84.74263639197194">
                <ele>1200.215908050536</ele>
                <time>2026-05-28T20:30:08.999121189Z</time>
            </trkpt>
            <trkpt lat="42.07084272526397" lon="-84.74227881998264">
                <ele>1199.253993988036</ele>
                <time>2026-05-28T20:30:09.999112844Z</time>
            </trkpt>
            <trkpt lat="42.071129721628566" lon="-84.74192393020236">
                <ele>1198.2423973083485</ele>
                <time>2026-05-28T20:30:10.999103069Z</time>
            </trkpt>
            <trkpt lat="42.07141801718815" lon="-84.74157080062174">
                <ele>1196.606044769286</ele>
                <time>2026-05-28T20:30:11.999094009Z</time>
            </trkpt>
            <trkpt lat="42.071705726014514" lon="-84.74122202963078">
                <ele>1195.921718597411</ele>
                <time>2026-05-28T20:30:12.999084949Z</time>
            </trkpt>
            <trkpt lat="42.071991129817505" lon="-84.74087292336368">
                <ele>1194.7387351989735</ele>
                <time>2026-05-28T20:30:13.999076843Z</time>
            </trkpt>
            <trkpt lat="42.07227494105889" lon="-84.74051157951796">
                <ele>1193.4684715270985</ele>
                <time>2026-05-28T20:30:14.999067306Z</time>
            </trkpt>
            <trkpt lat="42.0725577464719" lon="-84.74014570944452">
                <ele>1192.671962738036</ele>
                <time>2026-05-28T20:30:15.999058723Z</time>
            </trkpt>
            <trkpt lat="42.07284076143249" lon="-84.73978285685622">
                <ele>1193.0389060974107</ele>
                <time>2026-05-28T20:30:16.999049663Z</time>
            </trkpt>
            <trkpt lat="42.07312930844917" lon="-84.73942017190599">
                <ele>1194.9626121520985</ele>
                <time>2026-05-28T20:30:17.999040126Z</time>
            </trkpt>
            <trkpt lat="42.0734153408949" lon="-84.73905740313673">
                <ele>1196.079433441161</ele>
                <time>2026-05-28T20:30:18.999031543Z</time>
            </trkpt>
            <trkpt lat="42.07371155735298" lon="-84.73870486028933">
                <ele>1197.1422996520985</ele>
                <time>2026-05-28T20:30:19.999022483Z</time>
            </trkpt>
            <trkpt lat="42.07400986928686" lon="-84.73835022196614">
                <ele>1197.7572898864735</ele>
                <time>2026-05-28T20:30:20.999013423Z</time>
            </trkpt>
            <trkpt lat="42.07430700775429" lon="-84.73800279207968">
                <ele>1198.565517425536</ele>
                <time>2026-05-28T20:30:21.999003887Z</time>
            </trkpt>
            <trkpt lat="42.074607457073476" lon="-84.73765678711676">
                <ele>1197.018154144286</ele>
                <time>2026-05-28T20:30:22.998994827Z</time>
            </trkpt>
            <trkpt lat="42.0749006141369" lon="-84.73730483100259">
                <ele>1196.205654144286</ele>
                <time>2026-05-28T20:30:23.998986482Z</time>
            </trkpt>
            <trkpt lat="42.07519243009582" lon="-84.73695161760294">
                <ele>1195.6508445739735</ele>
                <time>2026-05-28T20:30:25.000029563Z</time>
            </trkpt>
            <trkpt lat="42.075478378722515" lon="-84.73659580581331">
                <ele>1195.9775047302235</ele>
                <time>2026-05-28T20:30:26.000036239Z</time>
            </trkpt>
            <trkpt lat="42.075755484441366" lon="-84.73623764709079">
                <ele>1196.6905174255357</ele>
                <time>2026-05-28T20:30:27.000026226Z</time>
            </trkpt>
            <trkpt lat="42.07603296734586" lon="-84.73589046866142">
                <ele>1198.147304534911</ele>
                <time>2026-05-28T20:30:28.000028133Z</time>
            </trkpt>
            <trkpt lat="42.0763219334577" lon="-84.73555460580134">
                <ele>1200.2670555114735</ele>
                <time>2026-05-28T20:30:29.000034332Z</time>
            </trkpt>
            <trkpt lat="42.076618820468035" lon="-84.73524548121237">
                <ele>1202.814296722411</ele>
                <time>2026-05-28T20:30:30.000024795Z</time>
            </trkpt>
            <trkpt lat="42.07691784486368" lon="-84.73495370716297">
                <ele>1206.1139793395982</ele>
                <time>2026-05-28T20:30:31.000031471Z</time>
            </trkpt>
            <trkpt lat="42.077223951967504" lon="-84.73468204968118">
                <ele>1208.5354881286607</ele>
                <time>2026-05-28T20:30:32.000035524Z</time>
            </trkpt>
            <trkpt lat="42.07753047816649" lon="-84.73443176605248">
                <ele>1210.9801902770985</ele>
                <time>2026-05-28T20:30:33.000025033Z</time>
            </trkpt>
            <trkpt lat="42.077845009083" lon="-84.73419128925049">
                <ele>1211.7812156677235</ele>
                <time>2026-05-28T20:30:34.000028371Z</time>
            </trkpt>
            <trkpt lat="42.07816595215544" lon="-84.7339661513313">
                <ele>1211.6269187927235</ele>
                <time>2026-05-28T20:30:35.000035047Z</time>
            </trkpt>
            <trkpt lat="42.07849502567395" lon="-84.73375509500944">
                <ele>1211.1689109802235</ele>
                <time>2026-05-28T20:30:36.000024795Z</time>
            </trkpt>
            <trkpt lat="42.078825524116006" lon="-84.73355594099009">
                <ele>1211.3886375427232</ele>
                <time>2026-05-28T20:30:37.000029802Z</time>
            </trkpt>
            <trkpt lat="42.07915996205255" lon="-84.73335955299878">
                <ele>1211.6540184020985</ele>
                <time>2026-05-28T20:30:38.000035285Z</time>
            </trkpt>
            <trkpt lat="42.07949360370829" lon="-84.73317238510096">
                <ele>1212.2240867614732</ele>
                <time>2026-05-28T20:30:39.000026941Z</time>
            </trkpt>
            <trkpt lat="42.0798292570208" lon="-84.73299033016407">
                <ele>1212.7294578552235</ele>
                <time>2026-05-28T20:30:40.000015258Z</time>
            </trkpt>
            <trkpt lat="42.080168221185055" lon="-84.73281607039713">
                <ele>1213.1796531677235</ele>
                <time>2026-05-28T20:30:41.000005483Z</time>
            </trkpt>
            <trkpt lat="42.080843551123586" lon="-84.73247216091">
                <ele>1212.9329490661607</ele>
                <time>2026-05-28T20:30:42.999985218Z</time>
            </trkpt>
            <trkpt lat="42.081184024030414" lon="-84.73229781732404">
                <ele>1211.8485984802235</ele>
                <time>2026-05-28T20:30:43.999974727Z</time>
            </trkpt>
            <trkpt lat="42.08152634095594" lon="-84.73212297082388">
                <ele>1210.9306297302235</ele>
                <time>2026-05-28T20:30:44.999964714Z</time>
            </trkpt>
            <trkpt lat="42.08187113054291" lon="-84.73194980070436">
                <ele>1210.284755706786</ele>
                <time>2026-05-28T20:30:45.999954938Z</time>
            </trkpt>
            <trkpt lat="42.082215249577615" lon="-84.7317712661668">
                <ele>1209.8932762145985</ele>
                <time>2026-05-28T20:30:46.999944686Z</time>
            </trkpt>
            <trkpt lat="42.082556728312824" lon="-84.73159164198184">
                <ele>1209.536464691161</ele>
                <time>2026-05-28T20:30:47.999935150Z</time>
            </trkpt>
            <trkpt lat="42.082897159310136" lon="-84.73140958704495">
                <ele>1209.0729637145985</ele>
                <time>2026-05-28T20:30:48.999925136Z</time>
            </trkpt>
            <trkpt lat="42.08323809322164" lon="-84.73123013049805">
                <ele>1208.4142723083482</ele>
                <time>2026-05-28T20:30:49.999916076Z</time>
            </trkpt>
            <trkpt lat="42.08357890140459" lon="-84.73104380079054">
                <ele>1207.6652488708485</ele>
                <time>2026-05-28T20:30:50.999906063Z</time>
            </trkpt>
            <trkpt lat="42.0839187875782" lon="-84.7308523581221">
                <ele>1206.3960838317857</ele>
                <time>2026-05-28T20:30:51.999896526Z</time>
            </trkpt>
            <trkpt lat="42.084258464204225" lon="-84.73065739505434">
                <ele>1206.2294578552235</ele>
                <time>2026-05-28T20:30:52.999886989Z</time>
            </trkpt>
            <trkpt lat="42.084598727563474" lon="-84.73045228988373">
                <ele>1205.669521331786</ele>
                <time>2026-05-28T20:30:53.999876976Z</time>
            </trkpt>
            <trkpt lat="42.08494012247965" lon="-84.73023687497222">
                <ele>1205.0827293395985</ele>
                <time>2026-05-28T20:30:54.999868154Z</time>
            </trkpt>
            <trkpt lat="42.085284073876295" lon="-84.73001685001397">
                <ele>1205.0226707458485</ele>
                <time>2026-05-28T20:30:55.999857902Z</time>
            </trkpt>
            <trkpt lat="42.08563175521985" lon="-84.72979313701832">
                <ele>1205.4818992614735</ele>
                <time>2026-05-28T20:30:56.999848365Z</time>
            </trkpt>
            <trkpt lat="42.085979143196795" lon="-84.72956724472785">
                <ele>1206.8554344177235</ele>
                <time>2026-05-28T20:30:57.999839067Z</time>
            </trkpt>
            <trkpt lat="42.08632288504586" lon="-84.72934252590382">
                <ele>1208.6674461364735</ele>
                <time>2026-05-28T20:30:58.999829769Z</time>
            </trkpt>
            <trkpt lat="42.08666461523816" lon="-84.72912216566944">
                <ele>1209.2968406677235</ele>
                <time>2026-05-28T20:30:59.999820232Z</time>
            </trkpt>
            <trkpt lat="42.08700492050693" lon="-84.72890121870184">
                <ele>1210.2685203552232</ele>
                <time>2026-05-28T20:31:00.999810457Z</time>
            </trkpt>
            <trkpt lat="42.08734019663379" lon="-84.72867448822105">
                <ele>1211.9019432067857</ele>
                <time>2026-05-28T20:31:01.999801158Z</time>
            </trkpt>
            <trkpt lat="42.087679370345626" lon="-84.72845496617698">
                <ele>1213.4010887145982</ele>
                <time>2026-05-28T20:31:02.999792098Z</time>
            </trkpt>
            <trkpt lat="42.088020136619065" lon="-84.72823259428584">
                <ele>1214.9006004333485</ele>
                <time>2026-05-28T20:31:03.999783515Z</time>
            </trkpt>
            <trkpt lat="42.08836283073023" lon="-84.72801877193594">
                <ele>1216.736904144286</ele>
                <time>2026-05-28T20:31:04.999773502Z</time>
            </trkpt>
            <trkpt lat="42.0887065725793" lon="-84.72781006254695">
                <ele>1216.578701019286</ele>
                <time>2026-05-28T20:31:05.999764442Z</time>
            </trkpt>
            <trkpt lat="42.089051110709164" lon="-84.72759590492092">
                <ele>1216.729579925536</ele>
                <time>2026-05-28T20:31:06.999755382Z</time>
            </trkpt>
            <trkpt lat="42.08939854059563" lon="-84.72737713724814">
                <ele>1216.8048973083482</ele>
                <time>2026-05-28T20:31:07.999745845Z</time>
            </trkpt>
            <trkpt lat="42.08974689249144" lon="-84.72715526827119">
                <ele>1217.642177581786</ele>
                <time>2026-05-28T20:31:08.999736785Z</time>
            </trkpt>
            <trkpt lat="42.09009729795353" lon="-84.7269319743707">
                <ele>1219.1299705505357</ele>
                <time>2026-05-28T20:31:09.999727725Z</time>
            </trkpt>
            <trkpt lat="42.09045118190543" lon="-84.7267128714218">
                <ele>1219.7328758239732</ele>
                <time>2026-05-28T20:31:10.999717712Z</time>
            </trkpt>
            <trkpt lat="42.090807370880704" lon="-84.72650315620444">
                <ele>1220.8255271911607</ele>
                <time>2026-05-28T20:31:11.999709129Z</time>
            </trkpt>
            <trkpt lat="42.09116469141291" lon="-84.72629905686222">
                <ele>1221.4833641052235</ele>
                <time>2026-05-28T20:31:12.999699592Z</time>
            </trkpt>
            <trkpt lat="42.09152238913075" lon="-84.72609772354804">
                <ele>1221.3119773864732</ele>
                <time>2026-05-28T20:31:13.999690771Z</time>
            </trkpt>
            <trkpt lat="42.09187891338215" lon="-84.72589102581583">
                <ele>1220.8650779724107</ele>
                <time>2026-05-28T20:31:14.999680995Z</time>
            </trkpt>
            <trkpt lat="42.09223648537145" lon="-84.72568156205557">
                <ele>1219.984706878661</ele>
                <time>2026-05-28T20:31:15.999672412Z</time>
            </trkpt>
            <trkpt lat="42.09259539846526" lon="-84.72546824261985">
                <ele>1219.1635398864735</ele>
                <time>2026-05-28T20:31:16.999662876Z</time>
            </trkpt>
            <trkpt lat="42.09295552693502" lon="-84.7252534982606">
                <ele>1218.760829925536</ele>
                <time>2026-05-28T20:31:17.999653816Z</time>
            </trkpt>
            <trkpt lat="42.093315864952366" lon="-84.72503565259717">
                <ele>1219.0443992614735</ele>
                <time>2026-05-28T20:31:18.999644756Z</time>
            </trkpt>
            <trkpt lat="42.09367192819909" lon="-84.72481755547665">
                <ele>1220.523769378661</ele>
                <time>2026-05-28T20:31:19.999635696Z</time>
            </trkpt>
            <trkpt lat="42.09402346521811" lon="-84.72459987745128">
                <ele>1222.2961082458485</ele>
                <time>2026-05-28T20:31:20.999627113Z</time>
            </trkpt>
            <trkpt lat="42.09437190093295" lon="-84.72439058132909">
                <ele>1224.0246238708482</ele>
                <time>2026-05-28T20:31:21.999617099Z</time>
            </trkpt>
            <trkpt lat="42.094720169009726" lon="-84.72418522470139">
                <ele>1225.376796722411</ele>
                <time>2026-05-28T20:31:22.999608039Z</time>
            </trkpt>
            <trkpt lat="42.09506793417231" lon="-84.72398657359622">
                <ele>1226.071376800536</ele>
                <time>2026-05-28T20:31:23.999599695Z</time>
            </trkpt>
            <trkpt lat="42.09541297521637" lon="-84.7237870004817">
                <ele>1226.4059715270985</ele>
                <time>2026-05-28T20:31:24.999590158Z</time>
            </trkpt>
            <trkpt lat="42.09575877063171" lon="-84.72358491279624">
                <ele>1227.0739402770985</ele>
                <time>2026-05-28T20:31:25.999580860Z</time>
            </trkpt>
            <trkpt lat="42.096104356499474" lon="-84.72338332802497">
                <ele>1228.343837738036</ele>
                <time>2026-05-28T20:31:26.999572277Z</time>
            </trkpt>
            <trkpt lat="42.09645677361832" lon="-84.7231778037592">
                <ele>1230.0898094177235</ele>
                <time>2026-05-28T20:31:27.999562740Z</time>
            </trkpt>
            <trkpt lat="42.09679787516789" lon="-84.72296800472282">
                <ele>1231.381435394286</ele>
                <time>2026-05-28T20:31:28.999553680Z</time>
            </trkpt>
            <trkpt lat="42.09713683933215" lon="-84.7227599658861">
                <ele>1233.0613670349107</ele>
                <time>2026-05-28T20:31:29.999545097Z</time>
            </trkpt>
            <trkpt lat="42.09747697696285" lon="-84.72255762674354">
                <ele>1234.3603172302235</ele>
                <time>2026-05-28T20:31:30.999535560Z</time>
            </trkpt>
            <trkpt lat="42.097812253089714" lon="-84.7223590594574">
                <ele>1234.6520652770985</ele>
                <time>2026-05-28T20:31:31.999526739Z</time>
            </trkpt>
            <trkpt lat="42.098148954140115" lon="-84.72216350965641">
                <ele>1234.3593406677235</ele>
                <time>2026-05-28T20:31:32.999516963Z</time>
            </trkpt>
            <trkpt lat="42.09848397880988" lon="-84.72196536146544">
                <ele>1233.9521141052235</ele>
                <time>2026-05-28T20:31:33.999508380Z</time>
            </trkpt>
            <trkpt lat="42.098822565788495" lon="-84.72176101066611">
                <ele>1233.6247215270982</ele>
                <time>2026-05-28T20:31:34.999499320Z</time>
            </trkpt>
            <trkpt lat="42.09915750663923" lon="-84.72155255273424">
                <ele>1233.697841644286</ele>
                <time>2026-05-28T20:31:35.999490976Z</time>
            </trkpt>
            <trkpt lat="42.099493662865925" lon="-84.72134124495528">
                <ele>1234.3446922302235</ele>
                <time>2026-05-28T20:31:36.999480962Z</time>
            </trkpt>
            <trkpt lat="42.09983262703018" lon="-84.72112339929186">
                <ele>1235.1393699645982</ele>
                <time>2026-05-28T20:31:37.999472618Z</time>
            </trkpt>
            <trkpt lat="42.100178925359714" lon="-84.72091041513227">
                <ele>1236.0058250427235</ele>
                <time>2026-05-28T20:31:38.999463081Z</time>
            </trkpt>
            <trkpt lat="42.10052333776103" lon="-84.72069659278236">
                <ele>1234.656337738036</ele>
                <time>2026-05-28T20:31:39.999454021Z</time>
            </trkpt>
            <trkpt lat="42.10086536131995" lon="-84.72048000440441">
                <ele>1233.3822898864735</ele>
                <time>2026-05-28T20:31:40.999444961Z</time>
            </trkpt>
            <trkpt lat="42.10120763633596" lon="-84.72025595613263">
                <ele>1231.5452537536607</ele>
                <time>2026-05-28T20:31:41.999435901Z</time>
            </trkpt>
            <trkpt lat="42.101552342103886" lon="-84.72002930947087">
                <ele>1230.7345848083482</ele>
                <time>2026-05-28T20:31:42.999426841Z</time>
            </trkpt>
            <trkpt lat="42.10190207701372" lon="-84.71979939386688">
                <ele>1229.5675926208485</ele>
                <time>2026-05-28T20:31:43.999417781Z</time>
            </trkpt>
            <trkpt lat="42.10224917162405" lon="-84.71955925234101">
                <ele>1229.980312347411</ele>
                <time>2026-05-28T20:31:44.999409437Z</time>
            </trkpt>
            <trkpt lat="42.10259052463071" lon="-84.71931198619745">
                <ele>1230.6925926208485</ele>
                <time>2026-05-28T20:31:45.999399662Z</time>
            </trkpt>
            <trkpt lat="42.10293518848913" lon="-84.71906614497743">
                <ele>1231.4399070739735</ele>
                <time>2026-05-28T20:31:46.999390602Z</time>
            </trkpt>
            <trkpt lat="42.10327662531482" lon="-84.71882600345157">
                <ele>1233.1537742614735</ele>
                <time>2026-05-28T20:31:47.999381303Z</time>
            </trkpt>
            <trkpt lat="42.103622588368225" lon="-84.71859650694273">
                <ele>1233.9735984802232</ele>
                <time>2026-05-28T20:31:48.999372959Z</time>
            </trkpt>
            <trkpt lat="42.103969305792916" lon="-84.71837472178481">
                <ele>1234.2027244567857</ele>
                <time>2026-05-28T20:31:49.999364376Z</time>
            </trkpt>
            <trkpt lat="42.10431686140792" lon="-84.71816265963457">
                <ele>1234.1665916442857</ele>
                <time>2026-05-28T20:31:50.999354839Z</time>
            </trkpt>
            <trkpt lat="42.10466714114147" lon="-84.71795286059819">
                <ele>1234.0061912536607</ele>
                <time>2026-05-28T20:31:51.999345541Z</time>
            </trkpt>
            <trkpt lat="42.105014822485025" lon="-84.71774364829503">
                <ele>1234.1955223083485</ele>
                <time>2026-05-28T20:31:52.999336242Z</time>
            </trkpt>
            <trkpt lat="42.105366610961134" lon="-84.71753175378285">
                <ele>1234.1462059020982</ele>
                <time>2026-05-28T20:31:53.999327659Z</time>
            </trkpt>
            <trkpt lat="42.10571399893808" lon="-84.7173305042877">
                <ele>1234.1339988708482</ele>
                <time>2026-05-28T20:31:54.999318838Z</time>
            </trkpt>
            <trkpt lat="42.10605950098681" lon="-84.71712447710775">
                <ele>1234.791835784911</ele>
                <time>2026-05-28T20:31:55.999310016Z</time>
            </trkpt>
            <trkpt lat="42.106402530374105" lon="-84.71691744409941">
                <ele>1235.217372894286</ele>
                <time>2026-05-28T20:31:56.999300241Z</time>
            </trkpt>
            <trkpt lat="42.10674333855706" lon="-84.71670965671979">
                <ele>1235.3830223083485</ele>
                <time>2026-05-28T20:31:57.999291896Z</time>
            </trkpt>
            <trkpt lat="42.1070849011113" lon="-84.71650823958657">
                <ele>1234.8849754333485</ele>
                <time>2026-05-28T20:31:58.999282360Z</time>
            </trkpt>
            <trkpt lat="42.10743648003983" lon="-84.71630891792915">
                <ele>1233.947841644286</ele>
                <time>2026-05-28T20:31:59.999273538Z</time>
            </trkpt>
            <trkpt lat="42.10778839424449" lon="-84.71611563124202">
                <ele>1233.3368797302232</ele>
                <time>2026-05-28T20:32:00.999264240Z</time>
            </trkpt>
            <trkpt lat="42.10814588241475" lon="-84.71592276365004">
                <ele>1232.0680809020982</ele>
                <time>2026-05-28T20:32:01.999254941Z</time>
            </trkpt>
            <trkpt lat="42.108501191290195" lon="-84.71573249444805">
                <ele>1231.0026512145985</ele>
                <time>2026-05-28T20:32:02.999246120Z</time>
            </trkpt>
            <trkpt lat="42.10886081684577" lon="-84.715544739817">
                <ele>1230.7631492614735</ele>
                <time>2026-05-28T20:32:03.999237060Z</time>
            </trkpt>
            <trkpt lat="42.10922019094425" lon="-84.71535899684272">
                <ele>1230.4919090270985</ele>
                <time>2026-05-28T20:32:04.999228239Z</time>
            </trkpt>
            <trkpt lat="42.1095726080631" lon="-84.71517166130684">
                <ele>1230.8254051208482</ele>
                <time>2026-05-28T20:32:05.999219179Z</time>
            </trkpt>
            <trkpt lat="42.10992414508211" lon="-84.7149852477803">
                <ele>1231.9587059020985</ele>
                <time>2026-05-28T20:32:06.999210119Z</time>
            </trkpt>
            <trkpt lat="42.110279621595616" lon="-84.71480285756729">
                <ele>1232.727626800536</ele>
                <time>2026-05-28T20:32:07.999201536Z</time>
            </trkpt>
            <trkpt lat="42.11063459519493" lon="-84.71462717287682">
                <ele>1233.6938133239732</ele>
                <time>2026-05-28T20:32:08.999192237Z</time>
            </trkpt>
            <trkpt lat="42.11098994597989" lon="-84.71445735551856">
                <ele>1234.427577972411</ele>
                <time>2026-05-28T20:32:09.999183416Z</time>
            </trkpt>
            <trkpt lat="42.11134487766969" lon="-84.71429499805413">
                <ele>1235.390956878661</ele>
                <time>2026-05-28T20:32:10.999174594Z</time>
            </trkpt>
            <trkpt lat="42.11169846825498" lon="-84.71413590953193">
                <ele>1236.4602928161607</ele>
                <time>2026-05-28T20:32:11.999165534Z</time>
            </trkpt>
            <trkpt lat="42.11205113683092" lon="-84.7139806766852">
                <ele>1237.2897605895982</ele>
                <time>2026-05-28T20:32:12.999156236Z</time>
            </trkpt>
            <trkpt lat="42.112402045207205" lon="-84.71382888041876">
                <ele>1237.117275238036</ele>
                <time>2026-05-28T20:32:13.999146938Z</time>
            </trkpt>
            <trkpt lat="42.11275425277847" lon="-84.71367817379974">
                <ele>1236.1656150817857</ele>
                <time>2026-05-28T20:32:14.999138355Z</time>
            </trkpt>
            <trkpt lat="42.11310809482086" lon="-84.71352486879073">
                <ele>1234.518398284911</ele>
                <time>2026-05-28T20:32:15.999129295Z</time>
            </trkpt>
            <trkpt lat="42.11346440952468" lon="-84.7133659479066">
                <ele>1232.3737449645982</ele>
                <time>2026-05-28T20:32:16.999120235Z</time>
            </trkpt>
            <trkpt lat="42.113823532166066" lon="-84.71320283607088">
                <ele>1230.8913230895985</ele>
                <time>2026-05-28T20:32:17.999110937Z</time>
            </trkpt>
            <trkpt lat="42.114185127468886" lon="-84.71302840866588">
                <ele>1229.7067527770985</ele>
                <time>2026-05-28T20:32:18.999101638Z</time>
            </trkpt>
            <trkpt lat="42.114546638952675" lon="-84.71284593463383">
                <ele>1229.2199363708485</ele>
                <time>2026-05-28T20:32:19.999093055Z</time>
            </trkpt>
            <trkpt lat="42.11490936581242" lon="-84.71266237095438">
                <ele>1230.9723777770982</ele>
                <time>2026-05-28T20:32:20.999083757Z</time>
            </trkpt>
            <trkpt lat="42.11527221840072" lon="-84.71248383641681">
                <ele>1232.6186180114735</ele>
                <time>2026-05-28T20:32:21.999075412Z</time>
            </trkpt>
            <trkpt lat="42.11563452616531" lon="-84.71229976982316">
                <ele>1236.1159324645985</ele>
                <time>2026-05-28T20:32:22.999065876Z</time>
            </trkpt>
            <trkpt lat="42.11599327162105" lon="-84.71211260192534">
                <ele>1239.336757659911</ele>
                <time>2026-05-28T20:32:23.999057054Z</time>
            </trkpt>
            <trkpt lat="42.11634736512053" lon="-84.7119216621711">
                <ele>1241.7309226989735</ele>
                <time>2026-05-28T20:32:24.999048233Z</time>
            </trkpt>
            <trkpt lat="42.11669873450148" lon="-84.71172745347461">
                <ele>1244.149257659911</ele>
                <time>2026-05-28T20:32:25.999039173Z</time>
            </trkpt>
            <trkpt lat="42.117048972325506" lon="-84.71152997583589">
                <ele>1246.5866355895982</ele>
                <time>2026-05-28T20:32:26.999030113Z</time>
            </trkpt>
            <trkpt lat="42.11739740804035" lon="-84.71132939689299">
                <ele>1248.1692771911607</ele>
                <time>2026-05-28T20:32:27.999020338Z</time>
            </trkpt>
            <trkpt lat="42.11774307772714" lon="-84.71112596810302">
                <ele>1249.8028221130357</ele>
                <time>2026-05-28T20:32:28.999011993Z</time>
            </trkpt>
            <trkpt lat="42.118090884799244" lon="-84.71092069529435">
                <ele>1251.3128318786607</ele>
                <time>2026-05-28T20:32:29.999002933Z</time>
            </trkpt>
            <trkpt lat="42.118440535890045" lon="-84.71072145745596">
                <ele>1251.874111175536</ele>
                <time>2026-05-28T20:32:31.000062942Z</time>
            </trkpt>
            <trkpt lat="42.118793833108725" lon="-84.71052858986398">
                <ele>1252.3173484802232</ele>
                <time>2026-05-28T20:32:32.000069141Z</time>
            </trkpt>
            <trkpt lat="42.11914453193742" lon="-84.71033630900523">
                <ele>1252.7344627380357</ele>
                <time>2026-05-28T20:32:33.000061035Z</time>
            </trkpt>
            <trkpt lat="42.11949694905627" lon="-84.71014738090774">
                <ele>1253.2433738708482</ele>
                <time>2026-05-28T20:32:34.000063896Z</time>
            </trkpt>
            <trkpt lat="42.11984706115175" lon="-84.70995845281026">
                <ele>1254.780361175536</ele>
                <time>2026-05-28T20:32:35.000065326Z</time>
            </trkpt>
            <trkpt lat="42.12019482631434" lon="-84.70976474702796">
                <ele>1255.7367820739735</ele>
                <time>2026-05-28T20:32:36.000054359Z</time>
            </trkpt>
            <trkpt lat="42.12053555067826" lon="-84.70956022859058">
                <ele>1256.7074851989732</ele>
                <time>2026-05-28T20:32:37.000057458Z</time>
            </trkpt>
            <trkpt lat="42.120879627803454" lon="-84.70935126774451">
                <ele>1257.2287254333485</ele>
                <time>2026-05-28T20:32:38.000060319Z</time>
            </trkpt>
            <trkpt lat="42.12122424975235" lon="-84.70914909624001">
                <ele>1257.6269187927235</ele>
                <time>2026-05-28T20:32:39.000049829Z</time>
            </trkpt>
            <trkpt lat="42.12157360747654" lon="-84.70894977458259">
                <ele>1257.0385398864732</ele>
                <time>2026-05-28T20:32:40.000051498Z</time>
            </trkpt>
            <trkpt lat="42.121922210829446" lon="-84.70875347041031">
                <ele>1256.0041160583482</ele>
                <time>2026-05-28T20:32:41.000056266Z</time>
            </trkpt>
            <trkpt lat="42.12227135900606" lon="-84.70855582513353">
                <ele>1254.8905906677232</ele>
                <time>2026-05-28T20:32:42.000046014Z</time>
            </trkpt>
            <trkpt lat="42.122624362858126" lon="-84.70835180961033">
                <ele>1255.0487937927232</ele>
                <time>2026-05-28T20:32:43.000049352Z</time>
            </trkpt>
            <trkpt lat="42.122976151334235" lon="-84.70814997338196">
                <ele>1256.5754051208482</ele>
                <time>2026-05-28T20:32:44.000052928Z</time>
            </trkpt>
            <trkpt lat="42.12332626342971" lon="-84.70795123845777">
                <ele>1257.3901023864732</ele>
                <time>2026-05-28T20:32:45.000042915Z</time>
            </trkpt>
            <trkpt lat="42.1236816980337" lon="-84.7077560239329">
                <ele>1258.2460594177232</ele>
                <time>2026-05-28T20:32:46.000031948Z</time>
            </trkpt>
            <trkpt lat="42.124033318871746" lon="-84.70756307252189">
                <ele>1258.3689842224107</ele>
                <time>2026-05-28T20:32:47.000020980Z</time>
            </trkpt>
            <trkpt lat="42.12438301187206" lon="-84.70737246804377">
                <ele>1258.744228363036</ele>
                <time>2026-05-28T20:32:48.000011444Z</time>
            </trkpt>
            <trkpt lat="42.12473341733415" lon="-84.7071883176311">
                <ele>1259.474452972411</ele>
                <time>2026-05-28T20:32:49.000001430Z</time>
            </trkpt>
            <trkpt lat="42.12544030513812" lon="-84.7068360262408">
                <ele>1258.7128562927232</ele>
                <time>2026-05-28T20:32:50.999979734Z</time>
            </trkpt>
            <trkpt lat="42.12579951159854" lon="-84.7066663765206">
                <ele>1257.4834861755357</ele>
                <time>2026-05-28T20:32:51.999969482Z</time>
            </trkpt>
            <trkpt lat="42.126162238458285" lon="-84.70649396077236">
                <ele>1256.9296531677235</ele>
                <time>2026-05-28T20:32:52.999959230Z</time>
            </trkpt>
            <trkpt lat="42.12652157064725" lon="-84.70632213175735">
                <ele>1256.2289695739735</ele>
                <time>2026-05-28T20:32:53.999949216Z</time>
            </trkpt>
            <trkpt lat="42.12687960364122" lon="-84.70614904545685">
                <ele>1255.4598045349107</ele>
                <time>2026-05-28T20:32:54.999939918Z</time>
            </trkpt>
            <trkpt lat="42.12724149231065" lon="-84.70597218729993">
                <ele>1254.904384613036</ele>
                <time>2026-05-28T20:32:55.999929428Z</time>
            </trkpt>
            <trkpt lat="42.12760530881782" lon="-84.70579993918976">
                <ele>1254.9038963317857</ele>
                <time>2026-05-28T20:32:56.999919414Z</time>
            </trkpt>
            <trkpt lat="42.12796430573066" lon="-84.70562559560379">
                <ele>1254.8963279724107</ele>
                <time>2026-05-28T20:32:57.999909877Z</time>
            </trkpt>
            <trkpt lat="42.128322590181725" lon="-84.70545820899746">
                <ele>1255.2763328552235</ele>
                <time>2026-05-28T20:32:58.999900341Z</time>
            </trkpt>
            <trkpt lat="42.128681754732625" lon="-84.70529451042852">
                <ele>1255.959804534911</ele>
                <time>2026-05-28T20:32:59.999890327Z</time>
            </trkpt>
            <trkpt lat="42.129042553754644" lon="-84.70513341024956">
                <ele>1256.2985496520985</ele>
                <time>2026-05-28T20:33:00.999880313Z</time>
            </trkpt>
            <trkpt lat="42.1294023888578" lon="-84.70497641720316">
                <ele>1256.605800628661</ele>
                <time>2026-05-28T20:33:01.999871015Z</time>
            </trkpt>
            <trkpt lat="42.129760673308866" lon="-84.70481741249999">
                <ele>1255.7943992614735</ele>
                <time>2026-05-28T20:33:02.999860763Z</time>
            </trkpt>
            <trkpt lat="42.130121556149916" lon="-84.70466318548164">
                <ele>1254.5379295349107</ele>
                <time>2026-05-28T20:33:03.999851703Z</time>
            </trkpt>
            <trkpt lat="42.130483780095474" lon="-84.70451289795777">
                <ele>1253.3566551208485</ele>
                <time>2026-05-28T20:33:04.999841690Z</time>
            </trkpt>
            <trkpt lat="42.13084793187876" lon="-84.70435892239651">
                <ele>1251.9507713317857</ele>
                <time>2026-05-28T20:33:05.999832153Z</time>
            </trkpt>
            <trkpt lat="42.131216274613635" lon="-84.70420276754042">
                <ele>1250.285976409911</ele>
                <time>2026-05-28T20:33:06.999823570Z</time>
            </trkpt>
            <trkpt lat="42.131585958453016" lon="-84.70404426575145">
                <ele>1248.5425682067857</ele>
                <time>2026-05-28T20:33:07.999813318Z</time>
            </trkpt>
            <trkpt lat="42.13195694148739" lon="-84.70388123773476">
                <ele>1246.4911766052232</ele>
                <time>2026-05-28T20:33:08.999803543Z</time>
            </trkpt>
            <trkpt lat="42.132333247030274" lon="-84.70371569514712">
                <ele>1244.4495506286607</ele>
                <time>2026-05-28T20:33:09.999793767Z</time>
            </trkpt>
            <trkpt lat="42.13270670272608" lon="-84.7035443690463">
                <ele>1242.841396331786</ele>
                <time>2026-05-28T20:33:10.999784946Z</time>
            </trkpt>
            <trkpt lat="42.13308275681187" lon="-84.70336935490808">
                <ele>1241.052822113036</ele>
                <time>2026-05-28T20:33:11.999775648Z</time>
            </trkpt>
            <trkpt lat="42.13346115783055" lon="-84.70319014981827">
                <ele>1239.788906097411</ele>
                <time>2026-05-28T20:33:12.999765396Z</time>
            </trkpt>
            <trkpt lat="42.133839936034875" lon="-84.70300398774883">
                <ele>1238.4235496520985</ele>
                <time>2026-05-28T20:33:13.999756813Z</time>
            </trkpt>
            <trkpt lat="42.13422097735305" lon="-84.70281598166069">
                <ele>1237.107753753661</ele>
                <time>2026-05-28T20:33:14.999746799Z</time>
            </trkpt>
            <trkpt lat="42.13460516188492" lon="-84.70263317235252">
                <ele>1236.2355613708485</ele>
                <time>2026-05-28T20:33:15.999737262Z</time>
            </trkpt>
            <trkpt lat="42.13498980742146" lon="-84.70244927339694">
                <ele>1235.3168601989732</ele>
                <time>2026-05-28T20:33:16.999727725Z</time>
            </trkpt>
            <trkpt lat="42.13537059728255" lon="-84.70226587735554">
                <ele>1234.5586814880357</ele>
                <time>2026-05-28T20:33:17.999718189Z</time>
            </trkpt>
            <trkpt lat="42.13575323116233" lon="-84.70208767809412">
                <ele>1233.811367034911</ele>
                <time>2026-05-28T20:33:18.999709129Z</time>
            </trkpt>
            <trkpt lat="42.13613657750388" lon="-84.70190419823369">
                <ele>1233.3208885192857</ele>
                <time>2026-05-28T20:33:19.999700069Z</time>
            </trkpt>
            <trkpt lat="42.13651359550854" lon="-84.70171962872585">
                <ele>1233.6806297302232</ele>
                <time>2026-05-28T20:33:20.999691009Z</time>
            </trkpt>
            <trkpt lat="42.136893253812694" lon="-84.70153556213221">
                <ele>1233.6549949645982</ele>
                <time>2026-05-28T20:33:21.999681472Z</time>
            </trkpt>
            <trkpt lat="42.13727291211685" lon="-84.70135602176627">
                <ele>1233.833095550536</ele>
                <time>2026-05-28T20:33:22.999672412Z</time>
            </trkpt>
            <trkpt lat="42.13764955293586" lon="-84.7011718713536">
                <ele>1234.0301170349107</ele>
                <time>2026-05-28T20:33:23.999663352Z</time>
            </trkpt>
            <trkpt lat="42.13802673857858" lon="-84.70099174425444">
                <ele>1234.286952972411</ele>
                <time>2026-05-28T20:33:24.999654054Z</time>
            </trkpt>
            <trkpt lat="42.138404594773554" lon="-84.7008142993643">
                <ele>1233.956874847411</ele>
                <time>2026-05-28T20:33:25.999644041Z</time>
            </trkpt>
            <trkpt lat="42.13878073267838" lon="-84.70064129688284">
                <ele>1233.1811180114735</ele>
                <time>2026-05-28T20:33:26.999634504Z</time>
            </trkpt>
            <trkpt lat="42.13915716394981" lon="-84.70046427108785">
                <ele>1232.2828025817857</ele>
                <time>2026-05-28T20:33:27.999625205Z</time>
            </trkpt>
            <trkpt lat="42.13953351140221" lon="-84.70028481454095">
                <ele>1231.364101409911</ele>
                <time>2026-05-28T20:33:28.999616146Z</time>
            </trkpt>
            <trkpt lat="42.13990801483592" lon="-84.70010166995665">
                <ele>1231.0907859802235</ele>
                <time>2026-05-28T20:33:29.999607086Z</time>
            </trkpt>
            <trkpt lat="42.14028134480318" lon="-84.69991299331626">
                <ele>1231.2378807067857</ele>
                <time>2026-05-28T20:33:30.999597072Z</time>
            </trkpt>
            <trkpt lat="42.14066050019314" lon="-84.69972574159941">
                <ele>1231.759609222411</ele>
                <time>2026-05-28T20:33:31.999588966Z</time>
            </trkpt>
            <trkpt lat="42.14103600945523" lon="-84.69954142354867">
                <ele>1232.003017425536</ele>
                <time>2026-05-28T20:33:32.999579429Z</time>
            </trkpt>
            <trkpt lat="42.141409465151035" lon="-84.69935760841211">
                <ele>1232.6264305114735</ele>
                <time>2026-05-28T20:33:33.999570369Z</time>
            </trkpt>
            <trkpt lat="42.14178556114634" lon="-84.69917622402748">
                <ele>1233.022792816161</ele>
                <time>2026-05-28T20:33:34.999560356Z</time>
            </trkpt>
            <trkpt lat="42.1421591425707" lon="-84.69899266034803">
                <ele>1233.5863914489732</ele>
                <time>2026-05-28T20:33:35.999551773Z</time>
            </trkpt>
            <trkpt lat="42.142529455052816" lon="-84.69881437726757">
                <ele>1234.1470603942857</ele>
                <time>2026-05-28T20:33:36.999542236Z</time>
            </trkpt>
            <trkpt lat="42.1428983426114" lon="-84.69863492072066">
                <ele>1235.2719383239732</ele>
                <time>2026-05-28T20:33:37.999533176Z</time>
            </trkpt>
            <trkpt lat="42.14326857127449" lon="-84.6984621696963">
                <ele>1236.230556488036</ele>
                <time>2026-05-28T20:33:38.999523639Z</time>
            </trkpt>
            <trkpt lat="42.14363293260536" lon="-84.69828623354873">
                <ele>1236.5685691833482</ele>
                <time>2026-05-28T20:33:39.999514102Z</time>
            </trkpt>
            <trkpt lat="42.14399641383639" lon="-84.6981064417257">
                <ele>1236.5226707458485</ele>
                <time>2026-05-28T20:33:40.999505043Z</time>
            </trkpt>
            <trkpt lat="42.14435830250582" lon="-84.6979269851788">
                <ele>1236.2653465270985</ele>
                <time>2026-05-28T20:33:41.999496459Z</time>
            </trkpt>
            <trkpt lat="42.14471537158093" lon="-84.69774744481286">
                <ele>1235.893398284911</ele>
                <time>2026-05-28T20:33:42.999486923Z</time>
            </trkpt>
            <trkpt lat="42.14507294357023" lon="-84.6975638811334">
                <ele>1235.2911033630357</ele>
                <time>2026-05-28T20:33:43.999477386Z</time>
            </trkpt>
            <trkpt lat="42.14543156329742" lon="-84.69738031745395">
                <ele>1233.8445701599107</ele>
                <time>2026-05-28T20:33:44.999468326Z</time>
            </trkpt>
            <trkpt lat="42.14579148221961" lon="-84.6971973405077">
                <ele>1232.9975242614735</ele>
                <time>2026-05-28T20:33:45.999459266Z</time>
            </trkpt>
            <trkpt lat="42.14615060486099" lon="-84.69701302245696">
                <ele>1232.139492034911</ele>
                <time>2026-05-28T20:33:46.999449491Z</time>
            </trkpt>
            <trkpt lat="42.146511361973495" lon="-84.69683281153877">
                <ele>1231.289882659911</ele>
                <time>2026-05-28T20:33:47.999440670Z</time>
            </trkpt>
            <trkpt lat="42.146875597575814" lon="-84.6966518462493">
                <ele>1229.9657859802235</ele>
                <time>2026-05-28T20:33:48.999431610Z</time>
            </trkpt>
            <trkpt lat="42.14724071327797" lon="-84.69647163533111">
                <ele>1228.3190574645985</ele>
                <time>2026-05-28T20:33:49.999422550Z</time>
            </trkpt>
            <trkpt lat="42.14760591279915" lon="-84.69628932893713">
                <ele>1227.2094383239732</ele>
                <time>2026-05-28T20:33:50.999413490Z</time>
            </trkpt>
            <trkpt lat="42.147971908601136" lon="-84.6960976348116">
                <ele>1225.997402191161</ele>
                <time>2026-05-28T20:33:51.999404430Z</time>
            </trkpt>
            <trkpt lat="42.14833430018476" lon="-84.69590267174382">
                <ele>1225.4215965270985</ele>
                <time>2026-05-28T20:33:52.999394655Z</time>
            </trkpt>
            <trkpt lat="42.14869711086354" lon="-84.69570502646704">
                <ele>1225.411464691161</ele>
                <time>2026-05-28T20:33:53.999385833Z</time>
            </trkpt>
            <trkpt lat="42.149057826066525" lon="-84.6955035255148">
                <ele>1225.0461082458482</ele>
                <time>2026-05-28T20:33:54.999375820Z</time>
            </trkpt>
            <trkpt lat="42.14941636197469" lon="-84.69530143782933">
                <ele>1224.4638328552235</ele>
                <time>2026-05-28T20:33:55.999367237Z</time>
            </trkpt>
            <trkpt lat="42.14977410160205" lon="-84.69510069124837">
                <ele>1223.805507659911</ele>
                <time>2026-05-28T20:33:56.999358177Z</time>
            </trkpt>
            <trkpt lat="42.1501315478628" lon="-84.69490153722901">
                <ele>1222.347988128661</ele>
                <time>2026-05-28T20:33:57.999348163Z</time>
            </trkpt>
            <trkpt lat="42.1504909638708" lon="-84.69469953336258">
                <ele>1220.224208831786</ele>
                <time>2026-05-28T20:33:58.999339580Z</time>
            </trkpt>
            <trkpt lat="42.15084761385075" lon="-84.6944915783449">
                <ele>1218.1733055114732</ele>
                <time>2026-05-28T20:33:59.999330520Z</time>
            </trkpt>
            <trkpt lat="42.151204808654406" lon="-84.69427918091853">
                <ele>1216.5844383239735</ele>
                <time>2026-05-28T20:34:00.999320983Z</time>
            </trkpt>
            <trkpt lat="42.15156137481532" lon="-84.69406116761704">
                <ele>1215.3318748474107</ele>
                <time>2026-05-28T20:34:01.999311923Z</time>
            </trkpt>
            <trkpt lat="42.15192066509477" lon="-84.69383778989751">
                <ele>1214.8056297302235</ele>
                <time>2026-05-28T20:34:02.999302864Z</time>
            </trkpt>
            <trkpt lat="42.152274129951515" lon="-84.6936125681593">
                <ele>1214.0883445739732</ele>
                <time>2026-05-28T20:34:03.999293327Z</time>
            </trkpt>
            <trkpt lat="42.15262826536051" lon="-84.6933829040124">
                <ele>1213.0492820739735</ele>
                <time>2026-05-28T20:34:04.999284744Z</time>
            </trkpt>
            <trkpt lat="42.152984077150144" lon="-84.69314142138202">
                <ele>1213.1547508239735</ele>
                <time>2026-05-28T20:34:05.999274730Z</time>
            </trkpt>
            <trkpt lat="42.153334021607556" lon="-84.6928923950388">
                <ele>1213.561611175536</ele>
                <time>2026-05-28T20:34:06.999266147Z</time>
            </trkpt>
            <trkpt lat="42.15368191249869" lon="-84.6926416084959">
                <ele>1213.9858055114735</ele>
                <time>2026-05-28T20:34:07.999257087Z</time>
            </trkpt>
            <trkpt lat="42.15402548670969" lon="-84.69238839120109">
                <ele>1214.6967430114735</ele>
                <time>2026-05-28T20:34:08.999247074Z</time>
            </trkpt>
            <trkpt lat="42.154368432277955" lon="-84.6921394486769">
                <ele>1214.989589691161</ele>
                <time>2026-05-28T20:34:09.999237537Z</time>
            </trkpt>
            <trkpt lat="42.15471045583687" lon="-84.69189494856138">
                <ele>1215.409755706786</ele>
                <time>2026-05-28T20:34:10.999228954Z</time>
            </trkpt>
            <trkpt lat="42.15505361095271" lon="-84.69165673487325">
                <ele>1215.9718894958485</ele>
                <time>2026-05-28T20:34:11.999219894Z</time>
            </trkpt>
            <trkpt lat="42.15539856817774" lon="-84.6914264001741">
                <ele>1216.5212059020985</ele>
                <time>2026-05-28T20:34:12.999210834Z</time>
            </trkpt>
            <trkpt lat="42.1557433577647" lon="-84.69120201662619">
                <ele>1217.105556488036</ele>
                <time>2026-05-28T20:34:13.999200820Z</time>
            </trkpt>
            <trkpt lat="42.156083746852495" lon="-84.69097428031702">
                <ele>1217.482265472411</ele>
                <time>2026-05-28T20:34:14.999191999Z</time>
            </trkpt>
            <trkpt lat="42.15642371684513" lon="-84.69074495144625">
                <ele>1218.4493064880357</ele>
                <time>2026-05-28T20:34:15.999182701Z</time>
            </trkpt>
            <trkpt lat="42.15676347729019" lon="-84.6905072406723">
                <ele>1218.041835784911</ele>
                <time>2026-05-28T20:34:16.999173164Z</time>
            </trkpt>
            <trkpt lat="42.15710022025011" lon="-84.69026148327131">
                <ele>1217.6928367614735</ele>
                <time>2026-05-28T20:34:17.999164581Z</time>
            </trkpt>
            <trkpt lat="42.157429670954265" lon="-84.6900066734149">
                <ele>1216.8322410583485</ele>
                <time>2026-05-28T20:34:18.999155044Z</time>
            </trkpt>
            <trkpt lat="42.1577577386444" lon="-84.68974038035114">
                <ele>1216.5175437927235</ele>
                <time>2026-05-28T20:34:19.999145984Z</time>
            </trkpt>
            <trkpt lat="42.15808392040633" lon="-84.68946763322194">
                <ele>1215.819667816161</ele>
                <time>2026-05-28T20:34:20.999137639Z</time>
            </trkpt>
            <trkpt lat="42.15839933142267" lon="-84.68918784529407">
                <ele>1214.691249847411</ele>
                <time>2026-05-28T20:34:21.999128103Z</time>
            </trkpt>
            <trkpt lat="42.158711305858716" lon="-84.68889925636788">
                <ele>1215.2188377380357</ele>
                <time>2026-05-28T20:34:22.999118804Z</time>
            </trkpt>
            <trkpt lat="42.159016365224645" lon="-84.68860521920462">
                <ele>1215.5734519958485</ele>
                <time>2026-05-28T20:34:23.999109745Z</time>
            </trkpt>
            <trkpt lat="42.159316940272376" lon="-84.68830766164203">
                <ele>1216.7187156677235</ele>
                <time>2026-05-28T20:34:24.999100208Z</time>
            </trkpt>
            <trkpt lat="42.1596204070767" lon="-84.68800968498428">
                <ele>1216.9230613708485</ele>
                <time>2026-05-28T20:34:25.999090671Z</time>
            </trkpt>
            <trkpt lat="42.15992320332877" lon="-84.68770760119398">
                <ele>1216.6730613708485</ele>
                <time>2026-05-28T20:34:26.999082326Z</time>
            </trkpt>
            <trkpt lat="42.160227717870995" lon="-84.6874045115753">
                <ele>1216.1333885192857</ele>
                <time>2026-05-28T20:34:27.999072551Z</time>
            </trkpt>
            <trkpt lat="42.1605329867845" lon="-84.6871124860688">
                <ele>1215.9499168395982</ele>
                <time>2026-05-28T20:34:28.999063014Z</time>
            </trkpt>
            <trkpt lat="42.16083909388833" lon="-84.68682004146714">
                <ele>1216.1896629333485</ele>
                <time>2026-05-28T20:34:29.999054431Z</time>
            </trkpt>
            <trkpt lat="42.161147715563104" lon="-84.68652960852225">
                <ele>1215.9518699645985</ele>
                <time>2026-05-28T20:34:30.999044179Z</time>
            </trkpt>
            <trkpt lat="42.16145206246726" lon="-84.68623942703445">
                <ele>1215.7853660583485</ele>
                <time>2026-05-28T20:34:31.999036312Z</time>
            </trkpt>
            <trkpt lat="42.16175578072868" lon="-84.6859464795186">
                <ele>1215.0588035583485</ele>
                <time>2026-05-28T20:34:32.999196529Z</time>
            </trkpt>
            <trkpt lat="42.16206276793234" lon="-84.68564858667989">
                <ele>1214.0439109802235</ele>
                <time>2026-05-28T20:34:33.999017715Z</time>
            </trkpt>
            <trkpt lat="42.162365228908286" lon="-84.68535270549793">
                <ele>1212.722499847411</ele>
                <time>2026-05-28T20:34:34.999008655Z</time>
            </trkpt>
            <trkpt lat="42.16267095882647" lon="-84.68505640522082">
                <ele>1211.280117034911</ele>
                <time>2026-05-28T20:34:35.998999118Z</time>
            </trkpt>
            <trkpt lat="42.16297748502545" lon="-84.6847537346973">
                <ele>1209.791103363036</ele>
                <time>2026-05-28T20:34:37.000030994Z</time>
            </trkpt>
            <trkpt lat="42.163285519967005" lon="-84.68444888487895">
                <ele>1208.2453269958485</ele>
                <time>2026-05-28T20:34:38.000035762Z</time>
            </trkpt>
            <trkpt lat="42.16359070506148" lon="-84.68414177194674">
                <ele>1206.0329246520985</ele>
                <time>2026-05-28T20:34:39.000027656Z</time>
            </trkpt>
            <trkpt lat="42.16389664452724" lon="-84.68383289881487">
                <ele>1203.441738128661</ele>
                <time>2026-05-28T20:34:40.000033378Z</time>
            </trkpt>
            <trkpt lat="42.16420413464509" lon="-84.683518745084">
                <ele>1200.774745941161</ele>
                <time>2026-05-28T20:34:41.000038146Z</time>
            </trkpt>
            <trkpt lat="42.16451392978631" lon="-84.6832013224109">
                <ele>1198.241298675536</ele>
                <time>2026-05-28T20:34:42.000029563Z</time>
            </trkpt>
            <trkpt lat="42.16482745487444" lon="-84.68288297772844">
                <ele>1195.891933441161</ele>
                <time>2026-05-28T20:34:43.000032901Z</time>
            </trkpt>
            <trkpt lat="42.1651413152387" lon="-84.68257125474949">
                <ele>1194.1471824645985</ele>
                <time>2026-05-28T20:34:44.000037431Z</time>
            </trkpt>
            <trkpt lat="42.16546473097257" lon="-84.68225961558957">
                <ele>1193.9435691833485</ele>
                <time>2026-05-28T20:34:45.000027418Z</time>
            </trkpt>
            <trkpt lat="42.165788272435" lon="-84.68194990426737">
                <ele>1193.9193992614735</ele>
                <time>2026-05-28T20:34:46.000029802Z</time>
            </trkpt>
            <trkpt lat="42.166107036212615" lon="-84.68164186932582">
                <ele>1194.421718597411</ele>
                <time>2026-05-28T20:34:47.000035285Z</time>
            </trkpt>
            <trkpt lat="42.166423914062015" lon="-84.6813355107649">
                <ele>1195.6339988708485</ele>
                <time>2026-05-28T20:34:48.000027179Z</time>
            </trkpt>
            <trkpt lat="42.16673337392711" lon="-84.68103208587009">
                <ele>1196.066738128661</ele>
                <time>2026-05-28T20:34:49.000033378Z</time>
            </trkpt>
            <trkpt lat="42.16704631228202" lon="-84.6807274036898">
                <ele>1195.9555320739735</ele>
                <time>2026-05-28T20:34:50.000036239Z</time>
            </trkpt>
            <trkpt lat="42.16735459868067" lon="-84.68041928492921">
                <ele>1195.1342430114735</ele>
                <time>2026-05-28T20:34:51.000026702Z</time>
            </trkpt>
            <trkpt lat="42.16766095724159" lon="-84.68010974124509">
                <ele>1194.7875633239732</ele>
                <time>2026-05-28T20:34:52.000017166Z</time>
            </trkpt>
            <trkpt lat="42.167965220326714" lon="-84.67979810208517">
                <ele>1195.249111175536</ele>
                <time>2026-05-28T20:34:53.000007152Z</time>
            </trkpt>
            <trkpt lat="42.168570226097636" lon="-84.67917985290724">
                <ele>1196.2394676208485</ele>
                <time>2026-05-28T20:34:54.999987125Z</time>
            </trkpt>
            <trkpt lat="42.16887268707358" lon="-84.67887483545083">
                <ele>1196.822841644286</ele>
                <time>2026-05-28T20:34:55.999977827Z</time>
            </trkpt>
            <trkpt lat="42.16917246584051" lon="-84.6785673872425">
                <ele>1196.5290184020985</ele>
                <time>2026-05-28T20:34:56.999967575Z</time>
            </trkpt>
            <trkpt lat="42.1694708196839" lon="-84.67825775973934">
                <ele>1196.170497894286</ele>
                <time>2026-05-28T20:34:57.999957561Z</time>
            </trkpt>
            <trkpt lat="42.16977332256936" lon="-84.67794494711298">
                <ele>1195.4928855895985</ele>
                <time>2026-05-28T20:34:58.999948501Z</time>
            </trkpt>
            <trkpt lat="42.17008030977302" lon="-84.67763389468628">
                <ele>1195.0170555114732</ele>
                <time>2026-05-28T20:34:59.999938011Z</time>
            </trkpt>
            <trkpt lat="42.170391068833105" lon="-84.67732694939214">
                <ele>1194.1366844177235</ele>
                <time>2026-05-28T20:35:00.999929428Z</time>
            </trkpt>
            <trkpt lat="42.170704803468816" lon="-84.67702293776411">
                <ele>1193.439296722411</ele>
                <time>2026-05-28T20:35:01.999919414Z</time>
            </trkpt>
            <trkpt lat="42.1710166102668" lon="-84.67672311708766">
                <ele>1192.0180320739735</ele>
                <time>2026-05-28T20:35:02.999909877Z</time>
            </trkpt>
            <trkpt lat="42.17132808178865" lon="-84.67641784817415">
                <ele>1190.329189300536</ele>
                <time>2026-05-28T20:35:03.999899864Z</time>
            </trkpt>
            <trkpt lat="42.171641690695814" lon="-84.67611459091741">
                <ele>1188.961269378661</ele>
                <time>2026-05-28T20:35:04.999890327Z</time>
            </trkpt>
            <trkpt lat="42.17195944864505" lon="-84.67581393205064">
                <ele>1187.509609222411</ele>
                <time>2026-05-28T20:35:05.999880790Z</time>
            </trkpt>
            <trkpt lat="42.1722777933275" lon="-84.67550740585166">
                <ele>1186.3693504333485</ele>
                <time>2026-05-28T20:35:06.999871015Z</time>
            </trkpt>
            <trkpt lat="42.172598191576235" lon="-84.67519970618623">
                <ele>1185.621425628661</ele>
                <time>2026-05-28T20:35:07.999862194Z</time>
            </trkpt>
            <trkpt lat="42.17291716490143" lon="-84.67489016250211">
                <ele>1185.529384613036</ele>
                <time>2026-05-28T20:35:08.999852657Z</time>
            </trkpt>
            <trkpt lat="42.17323400084132" lon="-84.6745798644467">
                <ele>1184.6569480895985</ele>
                <time>2026-05-28T20:35:09.999843120Z</time>
            </trkpt>
            <trkpt lat="42.17354962140524" lon="-84.6742674709155">
                <ele>1184.0812644958485</ele>
                <time>2026-05-28T20:35:10.999833583Z</time>
            </trkpt>
            <trkpt lat="42.17386499051207" lon="-84.67395340100366">
                <ele>1183.2421531677235</ele>
                <time>2026-05-28T20:35:11.999824285Z</time>
            </trkpt>
            <trkpt lat="42.17417843178117" lon="-84.6736366488828">
                <ele>1182.3459129333485</ele>
                <time>2026-05-28T20:35:12.999814033Z</time>
            </trkpt>
            <trkpt lat="42.17448793355578" lon="-84.67331377797264">
                <ele>1181.5595359802235</ele>
                <time>2026-05-28T20:35:13.999804496Z</time>
            </trkpt>
            <trkpt lat="42.17479630377346" lon="-84.67298579410154">
                <ele>1180.623867034911</ele>
                <time>2026-05-28T20:35:14.999795913Z</time>
            </trkpt>
            <trkpt lat="42.1751000639444" lon="-84.67264993124145">
                <ele>1179.742031097411</ele>
                <time>2026-05-28T20:35:15.999786853Z</time>
            </trkpt>
            <trkpt lat="42.17540101617777" lon="-84.67230836868721">
                <ele>1179.360439300536</ele>
                <time>2026-05-28T20:35:16.999776363Z</time>
            </trkpt>
            <trkpt lat="42.17569807082617" lon="-84.67196202844816">
                <ele>1178.502529144286</ele>
                <time>2026-05-28T20:35:17.999766826Z</time>
            </trkpt>
            <trkpt lat="42.17599462256038" lon="-84.67161350891429">
                <ele>1177.3556785583485</ele>
                <time>2026-05-28T20:35:18.999757766Z</time>
            </trkpt>
            <trkpt lat="42.17629381459409" lon="-84.67126683339912">
                <ele>1176.7365379333485</ele>
                <time>2026-05-28T20:35:19.999749183Z</time>
            </trkpt>
            <trkpt lat="42.17658730693364" lon="-84.67091361999947">
                <ele>1176.0702781677235</ele>
                <time>2026-05-28T20:35:20.999738693Z</time>
            </trkpt>
            <trkpt lat="42.176889977457165" lon="-84.67055998750466">
                <ele>1175.3283348083485</ele>
                <time>2026-05-28T20:35:21.999730110Z</time>
            </trkpt>
            <trkpt lat="42.177190468685865" lon="-84.67020979159015">
                <ele>1174.257411956786</ele>
                <time>2026-05-28T20:35:22.999721050Z</time>
            </trkpt>
            <trkpt lat="42.17749376785213" lon="-84.66985858984727">
                <ele>1173.2531394958485</ele>
                <time>2026-05-28T20:35:23.999711513Z</time>
            </trkpt>
            <trkpt lat="42.177793253252446" lon="-84.66950277805763">
                <ele>1172.4081687927235</ele>
                <time>2026-05-28T20:35:24.999701976Z</time>
            </trkpt>
            <trkpt lat="42.178090517448425" lon="-84.66914252385932">
                <ele>1171.7441062927235</ele>
                <time>2026-05-28T20:35:25.999692440Z</time>
            </trkpt>
            <trkpt lat="42.178384428883135" lon="-84.6687790845378">
                <ele>1171.2392234802235</ele>
                <time>2026-05-28T20:35:26.999683618Z</time>
            </trkpt>
            <trkpt lat="42.178677418308496" lon="-84.66841204099792">
                <ele>1170.992031097411</ele>
                <time>2026-05-28T20:35:27.999674320Z</time>
            </trkpt>
            <trkpt lat="42.17896776743436" lon="-84.66803963304001">
                <ele>1171.3783836364735</ele>
                <time>2026-05-28T20:35:28.999665260Z</time>
            </trkpt>
            <trkpt lat="42.1792540932467" lon="-84.667666973625">
                <ele>1171.511562347411</ele>
                <time>2026-05-28T20:35:29.999655246Z</time>
            </trkpt>
            <trkpt lat="42.17953857504034" lon="-84.66729414657193">
                <ele>1171.057216644286</ele>
                <time>2026-05-28T20:35:30.999645709Z</time>
            </trkpt>
            <trkpt lat="42.17982108708674" lon="-84.6669193078621">
                <ele>1170.031337738036</ele>
                <time>2026-05-28T20:35:31.999637126Z</time>
            </trkpt>
            <trkpt lat="42.180107329080045" lon="-84.66654488824742">
                <ele>1168.584316253661</ele>
                <time>2026-05-28T20:35:32.999627590Z</time>
            </trkpt>
            <trkpt lat="42.18038653027469" lon="-84.66617164209919">
                <ele>1166.620937347411</ele>
                <time>2026-05-28T20:35:33.999618053Z</time>
            </trkpt>
            <trkpt lat="42.18066715639287" lon="-84.6657874156578">
                <ele>1164.681240081786</ele>
                <time>2026-05-28T20:35:34.999608516Z</time>
            </trkpt>
            <trkpt lat="42.1809473634159" lon="-84.66539799243645">
                <ele>1162.628749847411</ele>
                <time>2026-05-28T20:35:35.999599456Z</time>
            </trkpt>
            <trkpt lat="42.181227402800864" lon="-84.66500605464415">
                <ele>1160.6088523864735</ele>
                <time>2026-05-28T20:35:36.999589920Z</time>
            </trkpt>
            <trkpt lat="42.181506729724056" lon="-84.6646113508238">
                <ele>1159.276943206786</ele>
                <time>2026-05-28T20:35:37.999581336Z</time>
            </trkpt>
            <trkpt lat="42.18178555373306" lon="-84.664218071927">
                <ele>1157.933925628661</ele>
                <time>2026-05-28T20:35:38.999571800Z</time>
            </trkpt>
            <trkpt lat="42.18206488065625" lon="-84.66382822961049">
                <ele>1157.8014793395985</ele>
                <time>2026-05-28T20:35:39.999562025Z</time>
            </trkpt>
            <trkpt lat="42.18234362084622" lon="-84.66343956076042">
                <ele>1157.3810691833485</ele>
                <time>2026-05-28T20:35:40.999553203Z</time>
            </trkpt>
            <trkpt lat="42.182626342440194" lon="-84.6630557534142">
                <ele>1157.465908050536</ele>
                <time>2026-05-28T20:35:41.999543666Z</time>
            </trkpt>
            <trkpt lat="42.18291379980946" lon="-84.66267663993375">
                <ele>1157.5053367614735</ele>
                <time>2026-05-28T20:35:42.999534606Z</time>
            </trkpt>
            <trkpt lat="42.183198868336326" lon="-84.66229886755781">
                <ele>1157.4753074645985</ele>
                <time>2026-05-28T20:35:43.999525785Z</time>
            </trkpt>
            <trkpt lat="42.18348381113464" lon="-84.66191916734414">
                <ele>1157.188320159911</ele>
                <time>2026-05-28T20:35:44.999515771Z</time>
            </trkpt>
            <trkpt lat="42.183765568809754" lon="-84.66154256843464">
                <ele>1156.1078758239735</ele>
                <time>2026-05-28T20:35:45.999506950Z</time>
            </trkpt>
            <trkpt lat="42.18405034397001" lon="-84.66116144329743">
                <ele>1155.3717918395985</ele>
                <time>2026-05-28T20:35:46.999497890Z</time>
            </trkpt>
            <trkpt lat="42.184334574306554" lon="-84.66078199454086">
                <ele>1154.795497894286</ele>
                <time>2026-05-28T20:35:47.999488830Z</time>
            </trkpt>
            <trkpt lat="42.184620690571315" lon="-84.66040388688879">
                <ele>1154.1652488708485</ele>
                <time>2026-05-28T20:35:48.999479293Z</time>
            </trkpt>
            <trkpt lat="42.18490433417464" lon="-84.6600230970277">
                <ele>1153.635341644286</ele>
                <time>2026-05-28T20:35:49.999469757Z</time>
            </trkpt>
            <trkpt lat="42.18518822923506" lon="-84.6596451570137">
                <ele>1152.7240867614735</ele>
                <time>2026-05-28T20:35:50.999460458Z</time>
            </trkpt>
            <trkpt lat="42.18547727916593" lon="-84.65927023448484">
                <ele>1151.4152488708485</ele>
                <time>2026-05-28T20:35:51.999450683Z</time>
            </trkpt>
            <trkpt lat="42.18576787974889" lon="-84.65889682069854">
                <ele>1149.207363128661</ele>
                <time>2026-05-28T20:35:52.999442338Z</time>
            </trkpt>
            <trkpt lat="42.18605852224136" lon="-84.65852214962678">
                <ele>1147.782314300536</ele>
                <time>2026-05-28T20:35:53.999433040Z</time>
            </trkpt>
            <trkpt lat="42.1863509249335" lon="-84.65813918047087">
                <ele>1146.4482078552235</ele>
                <time>2026-05-28T20:35:54.999423503Z</time>
            </trkpt>
            <trkpt lat="42.18664102260227" lon="-84.65775277473466">
                <ele>1145.7548484802235</ele>
                <time>2026-05-28T20:35:55.999413967Z</time>
            </trkpt>
            <trkpt lat="42.18693061735684" lon="-84.65736586608426">
                <ele>1145.450527191161</ele>
                <time>2026-05-28T20:35:56.999404668Z</time>
            </trkpt>
            <trkpt lat="42.18721908055449" lon="-84.65697443120615">
                <ele>1145.351406097411</ele>
                <time>2026-05-28T20:35:57.999395370Z</time>
            </trkpt>
            <trkpt lat="42.18750398144329" lon="-84.65658098467128">
                <ele>1145.7651023864735</ele>
                <time>2026-05-28T20:35:58.999386548Z</time>
            </trkpt>
            <trkpt lat="42.18778871469403" lon="-84.6561898850693">
                <ele>1146.2738914489735</ele>
                <time>2026-05-28T20:35:59.999377250Z</time>
            </trkpt>
            <trkpt lat="42.18807068191672" lon="-84.65580004275279">
                <ele>1146.7514305114735</ele>
                <time>2026-05-28T20:36:00.999368429Z</time>
            </trkpt>
            <trkpt lat="42.188354618886656" lon="-84.65541338555948">
                <ele>1147.153896331786</ele>
                <time>2026-05-28T20:36:01.999358892Z</time>
            </trkpt>
            <trkpt lat="42.18863620892371" lon="-84.65503217660324">
                <ele>1146.369472503661</ele>
                <time>2026-05-28T20:36:02.999348640Z</time>
            </trkpt>
            <trkpt lat="42.18892110981251" lon="-84.65465012945668">
                <ele>1147.0331687927235</ele>
                <time>2026-05-28T20:36:03.999341487Z</time>
            </trkpt>
            <trkpt lat="42.18920869291033" lon="-84.6542690881385">
                <ele>1148.5851707458485</ele>
                <time>2026-05-28T20:36:04.999330520Z</time>
            </trkpt>
            <trkpt lat="42.189492923246874" lon="-84.65389181867675">
                <ele>1148.7948875427235</ele>
                <time>2026-05-28T20:36:05.999321460Z</time>
            </trkpt>
            <trkpt lat="42.18977426182683" lon="-84.65351521976726">
                <ele>1149.848964691161</ele>
                <time>2026-05-28T20:36:06.999311923Z</time>
            </trkpt>
            <trkpt lat="42.19005040362681" lon="-84.65314214125709">
                <ele>1150.1271629333485</ele>
                <time>2026-05-28T20:36:07.999303340Z</time>
            </trkpt>
            <trkpt lat="42.19033040110226" lon="-84.65276428506212">
                <ele>1150.567714691161</ele>
                <time>2026-05-28T20:36:08.999293804Z</time>
            </trkpt>
            <trkpt lat="42.19061073385383" lon="-84.65238584213392">
                <ele>1150.177333831786</ele>
                <time>2026-05-28T20:36:09.999284744Z</time>
            </trkpt>
            <trkpt lat="42.19088595364447" lon="-84.65200128041641">
                <ele>1149.333583831786</ele>
                <time>2026-05-28T20:36:10.999275207Z</time>
            </trkpt>
            <trkpt lat="42.19115790449287" lon="-84.65160892352895">
                <ele>1148.7839012145985</ele>
                <time>2026-05-28T20:36:11.999265670Z</time>
            </trkpt>
            <trkpt lat="42.1914249100184" lon="-84.65120424524382">
                <ele>1148.1938133239735</ele>
                <time>2026-05-28T20:36:12.999257326Z</time>
            </trkpt>
            <trkpt lat="42.19168948479201" lon="-84.65078959249392">
                <ele>1147.775966644286</ele>
                <time>2026-05-28T20:36:13.999247550Z</time>
            </trkpt>
            <trkpt lat="42.191950832532896" lon="-84.65036882095471">
                <ele>1148.054531097411</ele>
                <time>2026-05-28T20:36:14.999238729Z</time>
            </trkpt>
            <trkpt lat="42.192216329315855" lon="-84.64994737886325">
                <ele>1147.326259613036</ele>
                <time>2026-05-28T20:36:15.999229192Z</time>
            </trkpt>
            <trkpt lat="42.19248647805507" lon="-84.6495304629995">
                <ele>1146.312587738036</ele>
                <time>2026-05-28T20:36:16.999219894Z</time>
            </trkpt>
            <trkpt lat="42.192758219355895" lon="-84.64911983356312">
                <ele>1144.154384613036</ele>
                <time>2026-05-28T20:36:17.999211072Z</time>
            </trkpt>
            <trkpt lat="42.19302929010446" lon="-84.64870258242324">
                <ele>1141.193202972411</ele>
                <time>2026-05-28T20:36:18.999201774Z</time>
            </trkpt>
            <trkpt lat="42.19329344578291" lon="-84.64827761993244">
                <ele>1138.6515769958485</ele>
                <time>2026-05-28T20:36:19.999192714Z</time>
            </trkpt>
            <trkpt lat="42.19354435805435" lon="-84.6478395816727">
                <ele>1136.0104637145985</ele>
                <time>2026-05-28T20:36:20.999182224Z</time>
            </trkpt>
            <trkpt lat="42.193790492640986" lon="-84.64739500552848">
                <ele>1133.7338523864735</ele>
                <time>2026-05-28T20:36:21.999173641Z</time>
            </trkpt>
            <trkpt lat="42.19403000552411" lon="-84.6469431371285">
                <ele>1131.676601409911</ele>
                <time>2026-05-28T20:36:22.999164581Z</time>
            </trkpt>
            <trkpt lat="42.19426947649772" lon="-84.64649101727143">
                <ele>1130.524990081786</ele>
                <time>2026-05-28T20:36:23.999155282Z</time>
            </trkpt>
            <trkpt lat="42.1945115039518" lon="-84.64603621520534">
                <ele>1130.3527488708485</ele>
                <time>2026-05-28T20:36:24.999145269Z</time>
            </trkpt>
            <trkpt lat="42.19475483060087" lon="-84.64558267042473">
                <ele>1130.3266258239735</ele>
                <time>2026-05-28T20:36:25.999136447Z</time>
            </trkpt>
            <trkpt lat="42.19500117473508" lon="-84.64513080202475">
                <ele>1129.881191253661</ele>
                <time>2026-05-28T20:36:26.999127626Z</time>
            </trkpt>
            <trkpt lat="42.195251248816206" lon="-84.64468304075733">
                <ele>1129.190273284911</ele>
                <time>2026-05-28T20:36:27.999117851Z</time>
            </trkpt>
            <trkpt lat="42.19549767676945" lon="-84.64423930280343">
                <ele>1128.498867034911</ele>
                <time>2026-05-28T20:36:28.999108791Z</time>
            </trkpt>
            <trkpt lat="42.19574796039815" lon="-84.64380134836271">
                <ele>1127.650478363036</ele>
                <time>2026-05-28T20:36:29.999100208Z</time>
            </trkpt>
            <trkpt lat="42.19600172251667" lon="-84.64337772697642">
                <ele>1127.011074066161</ele>
                <time>2026-05-28T20:36:30.999090671Z</time>
            </trkpt>
            <trkpt lat="42.196257622020504" lon="-84.64295963764623">
                <ele>1126.6198387145985</ele>
                <time>2026-05-28T20:36:31.999080896Z</time>
            </trkpt>
            <trkpt lat="42.1965160780048" lon="-84.64254397906795">
                <ele>1126.2111473083485</ele>
                <time>2026-05-28T20:36:32.999071598Z</time>
            </trkpt>
            <trkpt lat="42.19677344434168" lon="-84.64213133797482">
                <ele>1125.5622215270985</ele>
                <time>2026-05-28T20:36:33.999063014Z</time>
            </trkpt>
            <trkpt lat="42.197034121530315" lon="-84.64172557004228">
                <ele>1125.214443206786</ele>
                <time>2026-05-28T20:36:34.999053001Z</time>
            </trkpt>
            <trkpt lat="42.1972930804288" lon="-84.64132164612845">
                <ele>1124.948818206786</ele>
                <time>2026-05-28T20:36:35.999043703Z</time>
            </trkpt>
            <trkpt lat="42.19754772264715" lon="-84.64091839276686">
                <ele>1124.892177581786</ele>
                <time>2026-05-28T20:36:36.999035358Z</time>
            </trkpt>
            <trkpt lat="42.197799724566" lon="-84.64051237337723">
                <ele>1125.020351409911</ele>
                <time>2026-05-28T20:36:37.999025344Z</time>
            </trkpt>
            <trkpt lat="42.19804661352392" lon="-84.64010811418727">
                <ele>1124.825283050536</ele>
                <time>2026-05-28T20:36:38.999016761Z</time>
            </trkpt>
            <trkpt lat="42.19829601705279" lon="-84.63970377117828">
                <ele>1125.178066253661</ele>
                <time>2026-05-28T20:36:39.999007463Z</time>
            </trkpt>
            <trkpt lat="42.19854177445378" lon="-84.63930202655926">
                <ele>1124.773525238036</ele>
                <time>2026-05-28T20:36:40.998997688Z</time>
            </trkpt>
            <trkpt lat="42.19878824431654" lon="-84.63889156476095">
                <ele>1124.213954925536</ele>
                <time>2026-05-28T20:36:41.998988866Z</time>
            </trkpt>
            <trkpt lat="42.199032618703505" lon="-84.63848244406715">
                <ele>1122.7489891052235</ele>
                <time>2026-05-28T20:36:43.000066280Z</time>
            </trkpt>
            <trkpt lat="42.19926601279732" lon="-84.63806041524246">
                <ele>1120.7485008239735</ele>
                <time>2026-05-28T20:36:44.000072479Z</time>
            </trkpt>
            <trkpt lat="42.1994940424731" lon="-84.63763008833364">
                <ele>1118.379726409911</ele>
                <time>2026-05-28T20:36:45.000063180Z</time>
            </trkpt>
            <trkpt lat="42.199724963905474" lon="-84.63719640866354">
                <ele>1116.3947410583485</ele>
                <time>2026-05-28T20:36:46.000070333Z</time>
            </trkpt>
            <trkpt lat="42.1999549633285" lon="-84.63676381864086">
                <ele>1115.038417816161</ele>
                <time>2026-05-28T20:36:47.000077009Z</time>
            </trkpt>
            <trkpt lat="42.200183286370894" lon="-84.63633432992235">
                <ele>1113.0319480895985</ele>
                <time>2026-05-28T20:36:48.000067234Z</time>
            </trkpt>
            <trkpt lat="42.20041341152247" lon="-84.6359047573848">
                <ele>1111.289150238036</ele>
                <time>2026-05-28T20:36:49.000070810Z</time>
            </trkpt>
            <trkpt lat="42.20064437486436" lon="-84.63547761559917">
                <ele>1109.871669769286</ele>
                <time>2026-05-28T20:36:50.000074625Z</time>
            </trkpt>
            <trkpt lat="42.20087919388171" lon="-84.63505248547031">
                <ele>1108.743984222411</ele>
                <time>2026-05-28T20:36:51.000064373Z</time>
            </trkpt>
            <trkpt lat="42.20112029932644" lon="-84.63462869644596">
                <ele>1108.2008934020985</ele>
                <time>2026-05-28T20:36:52.000071048Z</time>
            </trkpt>
            <trkpt lat="42.201362662056646" lon="-84.63421136148705">
                <ele>1107.6757469177235</ele>
                <time>2026-05-28T20:36:53.000072956Z</time>
            </trkpt>
            <trkpt lat="42.201608922371825" lon="-84.63379729547037">
                <ele>1106.5695457458485</ele>
                <time>2026-05-28T20:36:54.000061035Z</time>
            </trkpt>
            <trkpt lat="42.20185857735779" lon="-84.63338272653951">
                <ele>1105.371181488036</ele>
                <time>2026-05-28T20:36:55.000066280Z</time>
            </trkpt>
            <trkpt lat="42.20210777133908" lon="-84.63296614595188">
                <ele>1104.267665863036</ele>
                <time>2026-05-28T20:36:56.000070810Z</time>
            </trkpt>
            <trkpt lat="42.2023554565778" lon="-84.63255249903037">
                <ele>1103.5317039489735</ele>
                <time>2026-05-28T20:36:57.000060081Z</time>
            </trkpt>
            <trkpt lat="42.20260251317378" lon="-84.6321413666798">
                <ele>1102.8742332458485</ele>
                <time>2026-05-28T20:36:58.000049114Z</time>
            </trkpt>
            <trkpt lat="42.20285007268395" lon="-84.63172520518734">
                <ele>1102.252040863036</ele>
                <time>2026-05-28T20:36:59.000038385Z</time>
            </trkpt>
            <trkpt lat="42.2030978417417" lon="-84.63131021716131">
                <ele>1101.7807273864735</ele>
                <time>2026-05-28T20:37:00.000028610Z</time>
            </trkpt>
            <trkpt lat="42.203339408191106" lon="-84.63089137345983">
                <ele>1101.538417816161</ele>
                <time>2026-05-28T20:37:01.000018119Z</time>
            </trkpt>
            <trkpt lat="42.20357447866555" lon="-84.63047144011094">
                <ele>1101.423671722411</ele>
                <time>2026-05-28T20:37:02.000007390Z</time>
            </trkpt>
            <trkpt lat="42.20404118303415" lon="-84.6296361834599">
                <ele>1102.3544578552235</ele>
                <time>2026-05-28T20:37:03.999987125Z</time>
            </trkpt>
            <trkpt lat="42.204273361752" lon="-84.6292247158332">
                <ele>1102.4091453552235</ele>
                <time>2026-05-28T20:37:04.999976634Z</time>
            </trkpt>
            <trkpt lat="42.20450625293162" lon="-84.62882364176645">
                <ele>1102.652919769286</ele>
                <time>2026-05-28T20:37:05.999967575Z</time>
            </trkpt>
            <trkpt lat="42.20474040139672" lon="-84.62843061432673">
                <ele>1103.467861175536</ele>
                <time>2026-05-28T20:37:06.999956607Z</time>
            </trkpt>
            <trkpt lat="42.204973460214404" lon="-84.62803951472475">
                <ele>1104.7521629333485</ele>
                <time>2026-05-28T20:37:07.999947547Z</time>
            </trkpt>
            <trkpt lat="42.20520819541272" lon="-84.62765151642694">
                <ele>1106.128261566161</ele>
                <time>2026-05-28T20:37:08.999937057Z</time>
            </trkpt>
            <trkpt lat="42.20544142186847" lon="-84.62726217702462">
                <ele>1106.538661956786</ele>
                <time>2026-05-28T20:37:09.999926567Z</time>
            </trkpt>
            <trkpt lat="42.20567313958165" lon="-84.62686655119492">
                <ele>1106.923671722411</ele>
                <time>2026-05-28T20:37:10.999917507Z</time>
            </trkpt>
            <trkpt lat="42.205902929457096" lon="-84.62647075772716">
                <ele>1107.5019187927235</ele>
                <time>2026-05-28T20:37:11.999906539Z</time>
            </trkpt>
            <trkpt lat="42.2061304981282" lon="-84.62607295260264">
                <ele>1109.216640472411</ele>
                <time>2026-05-28T20:37:12.999897480Z</time>
            </trkpt>
            <trkpt lat="42.2063577734327" lon="-84.62568193681969">
                <ele>1110.953945159911</ele>
                <time>2026-05-28T20:37:13.999886989Z</time>
            </trkpt>
            <trkpt lat="42.20658974260297" lon="-84.62528731681837">
                <ele>1112.6820945739735</ele>
                <time>2026-05-28T20:37:14.999877214Z</time>
            </trkpt>
            <trkpt lat="42.20681932293084" lon="-84.62488615893258">
                <ele>1114.072597503661</ele>
                <time>2026-05-28T20:37:15.999867916Z</time>
            </trkpt>
            <trkpt lat="42.2070406889936" lon="-84.62448500104679">
                <ele>1115.133876800536</ele>
                <time>2026-05-28T20:37:16.999857902Z</time>
            </trkpt>
            <trkpt lat="42.20726469535586" lon="-84.62407898165716">
                <ele>1115.6310691833485</ele>
                <time>2026-05-28T20:37:17.999848365Z</time>
            </trkpt>
            <trkpt lat="42.20748664815184" lon="-84.62367053151561">
                <ele>1116.0800437927235</ele>
                <time>2026-05-28T20:37:18.999838829Z</time>
            </trkpt>
            <trkpt lat="42.207705667281715" lon="-84.62325705223216">
                <ele>1115.850917816161</ele>
                <time>2026-05-28T20:37:19.999828100Z</time>
            </trkpt>
            <trkpt lat="42.207922171840636" lon="-84.62284139365389">
                <ele>1114.4237937927235</ele>
                <time>2026-05-28T20:37:20.999818325Z</time>
            </trkpt>
            <trkpt lat="42.208136874290375" lon="-84.62241693407728">
                <ele>1112.9789695739735</ele>
                <time>2026-05-28T20:37:21.999809026Z</time>
            </trkpt>
            <trkpt lat="42.20834608659354" lon="-84.62198803209199">
                <ele>1111.5175437927235</ele>
                <time>2026-05-28T20:37:22.999800205Z</time>
            </trkpt>
            <trkpt lat="42.20854871910271" lon="-84.62155368186964">
                <ele>1110.892665863036</ele>
                <time>2026-05-28T20:37:23.999790430Z</time>
            </trkpt>
            <trkpt lat="42.208745232822565" lon="-84.62111237466766">
                <ele>1110.3669090270985</ele>
                <time>2026-05-28T20:37:24.999780178Z</time>
            </trkpt>
            <trkpt lat="42.20894187227097" lon="-84.62067266002727">
                <ele>1110.4665184020985</ele>
                <time>2026-05-28T20:37:25.999770641Z</time>
            </trkpt>
            <trkpt lat="42.20913855362889" lon="-84.62023395121527">
                <ele>1109.407558441161</ele>
                <time>2026-05-28T20:37:26.999761104Z</time>
            </trkpt>
            <trkpt lat="42.209333265239565" lon="-84.61979608059359">
                <ele>1108.284999847411</ele>
                <time>2026-05-28T20:37:27.999751091Z</time>
            </trkpt>
            <trkpt lat="42.20952755775508" lon="-84.61935326464904">
                <ele>1107.4303855895985</ele>
                <time>2026-05-28T20:37:28.999742269Z</time>
            </trkpt>
            <trkpt lat="42.209721263537375" lon="-84.61890818559063">
                <ele>1106.193691253661</ele>
                <time>2026-05-28T20:37:29.999731779Z</time>
            </trkpt>
            <trkpt lat="42.20991740007159" lon="-84.61845774211419">
                <ele>1105.680019378661</ele>
                <time>2026-05-28T20:37:30.999722719Z</time>
            </trkpt>
            <trkpt lat="42.21011994876173" lon="-84.6180114057703">
                <ele>1104.256679534911</ele>
                <time>2026-05-28T20:37:31.999713182Z</time>
            </trkpt>
            <trkpt lat="42.210324257651536" lon="-84.61756406359804">
                <ele>1103.790126800536</ele>
                <time>2026-05-28T20:37:32.999702930Z</time>
            </trkpt>
            <trkpt lat="42.21053279940244" lon="-84.6171136201216">
                <ele>1102.8529930114735</ele>
                <time>2026-05-28T20:37:33.999693870Z</time>
            </trkpt>
            <trkpt lat="42.21074213743415" lon="-84.61666451774967">
                <ele>1101.5221824645985</ele>
                <time>2026-05-28T20:37:34.999684810Z</time>
            </trkpt>
            <trkpt lat="42.21095575023648" lon="-84.61621315226388">
                <ele>1100.1303367614735</ele>
                <time>2026-05-28T20:37:35.999675512Z</time>
            </trkpt>
            <trkpt lat="42.21117246434298" lon="-84.61575927220714">
                <ele>1099.091640472411</ele>
                <time>2026-05-28T20:37:36.999665737Z</time>
            </trkpt>
            <trkpt lat="42.21139408186284" lon="-84.61529994391334">
                <ele>1099.3183250427235</ele>
                <time>2026-05-28T20:37:37.999656200Z</time>
            </trkpt>
            <trkpt lat="42.21161813013462" lon="-84.61484153762889">
                <ele>1098.9936180114735</ele>
                <time>2026-05-28T20:37:38.999646425Z</time>
            </trkpt>
            <trkpt lat="42.211835389064824" lon="-84.61437894039285">
                <ele>1099.5939598083485</ele>
                <time>2026-05-28T20:37:39.999636650Z</time>
            </trkpt>
            <trkpt lat="42.21204770267216" lon="-84.61391307421458">
                <ele>1100.4989891052235</ele>
                <time>2026-05-28T20:37:40.999628067Z</time>
            </trkpt>
            <trkpt lat="42.21225750170854" lon="-84.61345265627337">
                <ele>1102.3056297302235</ele>
                <time>2026-05-28T20:37:41.999618053Z</time>
            </trkpt>
            <trkpt lat="42.21246692355928" lon="-84.61299550727439">
                <ele>1104.550868988036</ele>
                <time>2026-05-28T20:37:42.999608993Z</time>
            </trkpt>
            <trkpt lat="42.21267060380635" lon="-84.61254045375121">
                <ele>1106.3107566833485</ele>
                <time>2026-05-28T20:37:43.999598503Z</time>
            </trkpt>
            <trkpt lat="42.21287051219699" lon="-84.61209135137928">
                <ele>1108.0976219177235</ele>
                <time>2026-05-28T20:37:44.999589204Z</time>
            </trkpt>
            <trkpt lat="42.21306497235057" lon="-84.61163721986544">
                <ele>1109.6332664489735</ele>
                <time>2026-05-28T20:37:45.999579906Z</time>
            </trkpt>
            <trkpt lat="42.21324841030148" lon="-84.61119859487248">
                <ele>1111.1259422302235</ele>
                <time>2026-05-28T20:37:46.999570846Z</time>
            </trkpt>
            <trkpt lat="42.21343050714788" lon="-84.61075904787016">
                <ele>1112.3512840270985</ele>
                <time>2026-05-28T20:37:47.999560832Z</time>
            </trkpt>
            <trkpt lat="42.213603300081765" lon="-84.61032453000975">
                <ele>1112.7914695739735</ele>
                <time>2026-05-28T20:37:48.999551296Z</time>
            </trkpt>
            <trkpt lat="42.21376448407975" lon="-84.6098830551697">
                <ele>1112.4369773864735</ele>
                <time>2026-05-28T20:37:49.999541759Z</time>
            </trkpt>
            <trkpt lat="42.21391980074552" lon="-84.60943839520645">
                <ele>1112.044033050536</ele>
                <time>2026-05-28T20:37:50.999532699Z</time>
            </trkpt>
            <trkpt lat="42.21407256093082" lon="-84.60899272941482">
                <ele>1111.427577972411</ele>
                <time>2026-05-28T20:37:51.999522686Z</time>
            </trkpt>
            <trkpt lat="42.21422100443599" lon="-84.60854957819414">
                <ele>1110.019374847411</ele>
                <time>2026-05-28T20:37:52.999513626Z</time>
            </trkpt>
            <trkpt lat="42.21437053758857" lon="-84.60811019882989">
                <ele>1108.669521331786</ele>
                <time>2026-05-28T20:37:53.999503850Z</time>
            </trkpt>
            <trkpt lat="42.21451910682229" lon="-84.60766428158117">
                <ele>1106.420497894286</ele>
                <time>2026-05-28T20:37:54.999494791Z</time>
            </trkpt>
            <trkpt lat="42.21466122199056" lon="-84.60721543066633">
                <ele>1104.235927581786</ele>
                <time>2026-05-28T20:37:55.999485969Z</time>
            </trkpt>
            <trkpt lat="42.21480132550207" lon="-84.60676230498088">
                <ele>1102.534755706786</ele>
                <time>2026-05-28T20:37:56.999475955Z</time>
            </trkpt>
            <trkpt lat="42.21494239293245" lon="-84.60630599417222">
                <ele>1101.0021629333485</ele>
                <time>2026-05-28T20:37:57.999466419Z</time>
            </trkpt>
            <trkpt lat="42.215082664082026" lon="-84.60584850989711">
                <ele>1099.6064109802235</ele>
                <time>2026-05-28T20:37:58.999457359Z</time>
            </trkpt>
            <trkpt lat="42.21521878618953" lon="-84.6053891816033">
                <ele>1098.7248191833485</ele>
                <time>2026-05-28T20:37:59.999447345Z</time>
            </trkpt>
            <trkpt lat="42.21535293854979" lon="-84.60492406979631">
                <ele>1098.4826316833485</ele>
                <time>2026-05-28T20:38:00.999438285Z</time>
            </trkpt>
            <trkpt lat="42.2154864203578" lon="-84.60445661105643">
                <ele>1097.511562347411</ele>
                <time>2026-05-28T20:38:01.999428749Z</time>
            </trkpt>
            <trkpt lat="42.21562593713609" lon="-84.60399569020103">
                <ele>1097.7587547302235</ele>
                <time>2026-05-28T20:38:02.999419212Z</time>
            </trkpt>
            <trkpt lat="42.21576998014209" lon="-84.60353150040339">
                <ele>1097.3698387145985</ele>
                <time>2026-05-28T20:38:03.999410152Z</time>
            </trkpt>
            <trkpt lat="42.21591196958182" lon="-84.60306814879607">
                <ele>1096.420986175536</ele>
                <time>2026-05-28T20:38:04.999399900Z</time>
            </trkpt>
            <trkpt lat="42.21605756323991" lon="-84.60261032924484">
                <ele>1094.3427391052235</ele>
                <time>2026-05-28T20:38:05.999390840Z</time>
            </trkpt>
            <trkpt lat="42.21621040724424" lon="-84.60215980194937">
                <ele>1090.2082176208485</ele>
                <time>2026-05-28T20:38:06.999382019Z</time>
            </trkpt>
            <trkpt lat="42.21636442471502" lon="-84.60170676008295">
                <ele>1086.3774070739735</ele>
                <time>2026-05-28T20:38:07.999372005Z</time>
            </trkpt>
            <trkpt lat="42.21651735253838" lon="-84.6012515389217">
                <ele>1081.8473777770987</ele>
                <time>2026-05-28T20:38:08.999362468Z</time>
            </trkpt>
            <trkpt lat="42.216669484080946" lon="-84.60079346791338">
                <ele>1077.048183441161</ele>
                <time>2026-05-28T20:38:09.999353647Z</time>
            </trkpt>
            <trkpt lat="42.21681574829129" lon="-84.60032885902058">
                <ele>1072.709072113036</ele>
                <time>2026-05-28T20:38:10.999343633Z</time>
            </trkpt>
            <trkpt lat="42.21696326978711" lon="-84.59986223847102">
                <ele>1067.9975242614735</ele>
                <time>2026-05-28T20:38:11.999334096Z</time>
            </trkpt>
            <trkpt lat="42.217113557310974" lon="-84.59939167842697">
                <ele>1063.9040184020985</ele>
                <time>2026-05-28T20:38:12.999324321Z</time>
            </trkpt>
            <trkpt lat="42.217266024129664" lon="-84.59891072482299">
                <ele>1059.128993988036</ele>
                <time>2026-05-28T20:38:13.999315738Z</time>
            </trkpt>
            <trkpt lat="42.21742134079543" lon="-84.59842993885707">
                <ele>1053.869228363036</ele>
                <time>2026-05-28T20:38:14.999306201Z</time>
            </trkpt>
            <trkpt lat="42.21757908821312" lon="-84.59794605158697">
                <ele>1048.6004295349112</ele>
                <time>2026-05-28T20:38:15.999296665Z</time>
            </trkpt>
            <trkpt lat="42.21773360859809" lon="-84.59746048793625">
                <ele>1044.3678855895985</ele>
                <time>2026-05-28T20:38:16.999287128Z</time>
            </trkpt>
            <trkpt lat="42.21788938626853" lon="-84.59697299644779">
                <ele>1040.8608055114735</ele>
                <time>2026-05-28T20:38:17.999277353Z</time>
            </trkpt>
            <trkpt lat="42.2180481395146" lon="-84.5964851696832">
                <ele>1038.4335594177235</ele>
                <time>2026-05-28T20:38:18.999268531Z</time>
            </trkpt>
            <trkpt lat="42.21820781477002" lon="-84.59600186914633">
                <ele>1036.436611175536</ele>
                <time>2026-05-28T20:38:19.999258995Z</time>
            </trkpt>
            <trkpt lat="42.218367699573015" lon="-84.59552016117107">
                <ele>1034.4098777770985</ele>
                <time>2026-05-28T20:38:20.999248981Z</time>
            </trkpt>
            <trkpt lat="42.21852812919972" lon="-84.59503962666224">
                <ele>1032.3645896911612</ele>
                <time>2026-05-28T20:38:21.999239921Z</time>
            </trkpt>
            <trkpt lat="42.21868855882642" lon="-84.59456428893338">
                <ele>1030.8937644958485</ele>
                <time>2026-05-28T20:38:22.999230861Z</time>
            </trkpt>
            <trkpt lat="42.21885246694294" lon="-84.59408987321387">
                <ele>1028.6512107849112</ele>
                <time>2026-05-28T20:38:23.999221086Z</time>
            </trkpt>
            <trkpt lat="42.219016794154626" lon="-84.59361629568468">
                <ele>1026.3926658630362</ele>
                <time>2026-05-28T20:38:24.999211788Z</time>
            </trkpt>
            <trkpt lat="42.21917743332891" lon="-84.5931424666984">
                <ele>1024.455654144286</ele>
                <time>2026-05-28T20:38:25.999202251Z</time>
            </trkpt>
            <trkpt lat="42.219336102755946" lon="-84.5926707331879">
                <ele>1022.0276756286611</ele>
                <time>2026-05-28T20:38:26.999192476Z</time>
            </trkpt>
            <trkpt lat="42.21949548464475" lon="-84.59220050841998">
                <ele>1020.0035057067862</ele>
                <time>2026-05-28T20:38:27.999183177Z</time>
            </trkpt>
            <trkpt lat="42.219654405528885" lon="-84.59173162475656">
                <ele>1018.2619285583486</ele>
                <time>2026-05-28T20:38:28.999173641Z</time>
            </trkpt>
            <trkpt lat="42.21980833918063" lon="-84.59125829868447">
                <ele>1016.7969627380361</ele>
                <time>2026-05-28T20:38:29.999164104Z</time>
            </trkpt>
            <trkpt lat="42.21996009353755" lon="-84.59078631371688">
                <ele>1015.1402244567861</ele>
                <time>2026-05-28T20:38:30.999154806Z</time>
            </trkpt>
            <trkpt lat="42.22010971050916" lon="-84.59031801678667">
                <ele>1013.6924705505361</ele>
                <time>2026-05-28T20:38:31.999145030Z</time>
            </trkpt>
            <trkpt lat="42.22026129722802" lon="-84.58985156387517">
                <ele>1011.9988670349111</ele>
                <time>2026-05-28T20:38:32.999136686Z</time>
            </trkpt>
            <trkpt lat="42.22041041128544" lon="-84.58938586533496">
                <ele>1010.4027976989736</ele>
                <time>2026-05-28T20:38:33.999127388Z</time>
            </trkpt>
            <trkpt lat="42.220553448463065" lon="-84.58891983151862">
                <ele>1010.1132469177237</ele>
                <time>2026-05-28T20:38:34.999117612Z</time>
            </trkpt>
            <trkpt lat="42.22069271378426" lon="-84.5884496067507">
                <ele>1009.5780906677236</ele>
                <time>2026-05-28T20:38:35.999107837Z</time>
            </trkpt>
            <trkpt lat="42.220829757901114" lon="-84.58797502339313">
                <ele>1009.1156883239737</ele>
                <time>2026-05-28T20:38:36.999098300Z</time>
            </trkpt>
            <trkpt lat="42.22096466463266" lon="-84.58750102676878">
                <ele>1007.8504295349111</ele>
                <time>2026-05-28T20:38:37.999088764Z</time>
            </trkpt>
            <trkpt lat="42.221097978802604" lon="-84.58702711396346">
                <ele>1006.2997703552236</ele>
                <time>2026-05-28T20:38:38.999079227Z</time>
            </trkpt>
            <trkpt lat="42.22123519055752" lon="-84.58656510346064">
                <ele>1005.3451805114736</ele>
                <time>2026-05-28T20:38:39.999070405Z</time>
            </trkpt>
            <trkpt lat="42.22137776673047" lon="-84.58610342823395">
                <ele>1003.7879295349111</ele>
                <time>2026-05-28T20:38:40.999060630Z</time>
            </trkpt>
            <trkpt lat="42.2215195047131" lon="-84.58564669833014">
                <ele>1001.6277732849112</ele>
                <time>2026-05-28T20:38:41.999051094Z</time>
            </trkpt>
            <trkpt lat="42.22166015304832" lon="-84.58519038752148">
                <ele>999.4075584411611</ele>
                <time>2026-05-28T20:38:42.999042034Z</time>
            </trkpt>
            <trkpt lat="42.22180205866901" lon="-84.58473181359896">
                <ele>996.8616600036612</ele>
                <time>2026-05-28T20:38:43.999032497Z</time>
            </trkpt>
            <trkpt lat="42.22194727514146" lon="-84.5842757542474">
                <ele>993.6219139099111</ele>
                <time>2026-05-28T20:38:44.999023437Z</time>
            </trkpt>
            <trkpt lat="42.22209064759521" lon="-84.58381927580068">
                <ele>990.6731834411611</ele>
                <time>2026-05-28T20:38:45.999013900Z</time>
            </trkpt>
            <trkpt lat="42.22223766617684" lon="-84.58336405463943">
                <ele>987.1529197692861</ele>
                <time>2026-05-28T20:38:46.999004125Z</time>
            </trkpt>
            <trkpt lat="42.22239109691439" lon="-84.58290816292593">
                <ele>984.5146141052237</ele>
                <time>2026-05-28T20:38:47.998994827Z</time>
            </trkpt>
            <trkpt lat="42.222545659208876" lon="-84.58245101392696">
                <ele>982.3592185974112</ele>
                <time>2026-05-28T20:38:49.000157356Z</time>
            </trkpt>
            <trkpt lat="42.22269888039885" lon="-84.58199302673766">
                <ele>981.2361717224111</ele>
                <time>2026-05-28T20:38:50.000164031Z</time>
            </trkpt>
            <trkpt lat="42.22284904219417" lon="-84.5815351233674">
                <ele>980.6551170349111</ele>
                <time>2026-05-28T20:38:51.000152587Z</time>
            </trkpt>
            <trkpt lat="42.22299547404258" lon="-84.58108568571934">
                <ele>980.1130027770986</ele>
                <time>2026-05-28T20:38:52.000157356Z</time>
            </trkpt>
            <trkpt lat="42.22314400136678" lon="-84.58064018756578">
                <ele>979.3802146911611</ele>
                <time>2026-05-28T20:38:53.000157117Z</time>
            </trkpt>
            <trkpt lat="42.2232894273868" lon="-84.58020013764927">
                <ele>976.7447166442861</ele>
                <time>2026-05-28T20:38:54.000143527Z</time>
            </trkpt>
            <trkpt lat="42.223428315522355" lon="-84.57975983627567">
                <ele>973.1636619567861</ele>
                <time>2026-05-28T20:38:55.000148296Z</time>
            </trkpt>
            <trkpt lat="42.22356577873437" lon="-84.57932028927335">
                <ele>969.5833396911611</ele>
                <time>2026-05-28T20:38:56.000149726Z</time>
            </trkpt>
            <trkpt lat="42.22370772626458" lon="-84.57888141282329">
                <ele>965.5540428161611</ele>
                <time>2026-05-28T20:38:57.000136375Z</time>
            </trkpt>
            <trkpt lat="42.22385331992267" lon="-84.57844077617357">
                <ele>961.1355857849111</ele>
                <time>2026-05-28T20:38:58.000136852Z</time>
            </trkpt>
            <trkpt lat="42.22399442926256" lon="-84.57799603239128">
                <ele>956.9781150817861</ele>
                <time>2026-05-28T20:38:59.000138282Z</time>
            </trkpt>
            <trkpt lat="42.22413868181614" lon="-84.57754567273388">
                <ele>953.6787109374991</ele>
                <time>2026-05-28T20:39:00.000124454Z</time>
            </trkpt>
            <trkpt lat="42.2242815513557" lon="-84.57709531307647">
                <ele>951.4368286132802</ele>
                <time>2026-05-28T20:39:01.000128269Z</time>
            </trkpt>
            <trkpt lat="42.22442605536638" lon="-84.57664855763743">
                <ele>948.5054931640616</ele>
                <time>2026-05-28T20:39:02.000127792Z</time>
            </trkpt>
            <trkpt lat="42.2245682962632" lon="-84.57620188601742">
                <ele>944.5482788085927</ele>
                <time>2026-05-28T20:39:03.000112771Z</time>
            </trkpt>
            <trkpt lat="42.224713135550004" lon="-84.57575554967353">
                <ele>940.3530883789053</ele>
                <time>2026-05-28T20:39:04.000099420Z</time>
            </trkpt>
            <trkpt lat="42.22485617272763" lon="-84.57530695021579">
                <ele>936.3753662109366</ele>
                <time>2026-05-28T20:39:05.000086307Z</time>
            </trkpt>
            <trkpt lat="42.22500281412361" lon="-84.57485776402481">
                <ele>932.8181762695303</ele>
                <time>2026-05-28T20:39:06.000073194Z</time>
            </trkpt>
            <trkpt lat="42.22515377219973" lon="-84.57441117622383">
                <ele>929.9208984374991</ele>
                <time>2026-05-28T20:39:07.000060081Z</time>
            </trkpt>
            <trkpt lat="42.22529949158637" lon="-84.5739641693277">
                <ele>927.8192138671865</ele>
                <time>2026-05-28T20:39:08.000047683Z</time>
            </trkpt>
            <trkpt lat="42.2254385892695" lon="-84.57351556986995">
                <ele>926.1972045898428</ele>
                <time>2026-05-28T20:39:09.000035285Z</time>
            </trkpt>
            <trkpt lat="42.225580704437775" lon="-84.57307241864928">
                <ele>924.548828124999</ele>
                <time>2026-05-28T20:39:10.000022172Z</time>
            </trkpt>
            <trkpt lat="42.22572026312558" lon="-84.57262155607768">
                <ele>922.3843383789053</ele>
                <time>2026-05-28T20:39:11.000009536Z</time>
            </trkpt>
            <trkpt lat="42.22599799748717" lon="-84.57171446651645">
                <ele>916.0305175781241</ele>
                <time>2026-05-28T20:39:12.999986648Z</time>
            </trkpt>
            <trkpt lat="42.22614225004075" lon="-84.57125966445037">
                <ele>912.9116821289053</ele>
                <time>2026-05-28T20:39:13.999974250Z</time>
            </trkpt>
            <trkpt lat="42.22628713123707" lon="-84.57081123263069">
                <ele>910.5999755859366</ele>
                <time>2026-05-28T20:39:14.999963045Z</time>
            </trkpt>
            <trkpt lat="42.22643293444274" lon="-84.57035567619332">
                <ele>908.6118164062491</ele>
                <time>2026-05-28T20:39:15.999950885Z</time>
            </trkpt>
            <trkpt lat="42.22657936629115" lon="-84.56989978447982">
                <ele>905.8450317382803</ele>
                <time>2026-05-28T20:39:16.999939441Z</time>
            </trkpt>
            <trkpt lat="42.22672391221135" lon="-84.56944582060405">
                <ele>902.7164306640616</ele>
                <time>2026-05-28T20:39:17.999927520Z</time>
            </trkpt>
            <trkpt lat="42.22686829049348" lon="-84.56899068326183">
                <ele>899.5839233398428</ele>
                <time>2026-05-28T20:39:18.999916553Z</time>
            </trkpt>
            <trkpt lat="42.227007933000316" lon="-84.56853437245317">
                <ele>895.6729125976553</ele>
                <time>2026-05-28T20:39:19.999906301Z</time>
            </trkpt>
            <trkpt lat="42.227147156411995" lon="-84.56807026647456">
                <ele>892.4075927734366</ele>
                <time>2026-05-28T20:39:20.999894618Z</time>
            </trkpt>
            <trkpt lat="42.22728541590481" lon="-84.5676002093447">
                <ele>888.1659545898428</ele>
                <time>2026-05-28T20:39:21.999884128Z</time>
            </trkpt>
            <trkpt lat="42.22742866263001" lon="-84.56713031985291">
                <ele>883.2214355468741</ele>
                <time>2026-05-28T20:39:22.999873161Z</time>
            </trkpt>
            <trkpt lat="42.227575010659386" lon="-84.56665883779951">
                <ele>879.2742919921866</ele>
                <time>2026-05-28T20:39:23.999861955Z</time>
            </trkpt>
            <trkpt lat="42.22772802230178" lon="-84.5661862660987">
                <ele>873.961853027343</ele>
                <time>2026-05-28T20:39:24.999850749Z</time>
            </trkpt>
            <trkpt lat="42.22788392570077" lon="-84.56571277238854">
                <ele>869.0764160156242</ele>
                <time>2026-05-28T20:39:25.999840497Z</time>
            </trkpt>
            <trkpt lat="42.22804192457556" lon="-84.56523936249741">
                <ele>864.8514404296867</ele>
                <time>2026-05-28T20:39:26.999829769Z</time>
            </trkpt>
            <trkpt lat="42.228201096916784" lon="-84.56476771280595">
                <ele>861.578308105468</ele>
                <time>2026-05-28T20:39:27.999819278Z</time>
            </trkpt>
            <trkpt lat="42.22835716795384" lon="-84.56429841004737">
                <ele>857.6954345703116</ele>
                <time>2026-05-28T20:39:28.999808311Z</time>
            </trkpt>
            <trkpt lat="42.22851365808605" lon="-84.56382525161334">
                <ele>854.2580566406241</ele>
                <time>2026-05-28T20:39:29.999797821Z</time>
            </trkpt>
            <trkpt lat="42.22866796892344" lon="-84.56335611649283">
                <ele>851.862731933593</ele>
                <time>2026-05-28T20:39:30.999788284Z</time>
            </trkpt>
            <trkpt lat="42.2288227407655" lon="-84.5628898312194">
                <ele>849.3759765624991</ele>
                <time>2026-05-28T20:39:31.999777078Z</time>
            </trkpt>
            <trkpt lat="42.2289791889882" lon="-84.56242891036399">
                <ele>847.5159912109366</ele>
                <time>2026-05-28T20:39:32.999766349Z</time>
            </trkpt>
            <trkpt lat="42.229133416006555" lon="-84.5619688276989">
                <ele>846.1238403320305</ele>
                <time>2026-05-28T20:39:33.999756336Z</time>
            </trkpt>
            <trkpt lat="42.229289738500704" lon="-84.56151603728958">
                <ele>844.8107910156241</ele>
                <time>2026-05-28T20:39:34.999746799Z</time>
            </trkpt>
            <trkpt lat="42.229444929437925" lon="-84.5610641688896">
                <ele>842.8394775390616</ele>
                <time>2026-05-28T20:39:35.999735593Z</time>
            </trkpt>
            <trkpt lat="42.22960024610369" lon="-84.56061322249897">
                <ele>840.798034667968</ele>
                <time>2026-05-28T20:39:36.999725341Z</time>
            </trkpt>
            <trkpt lat="42.229750156441916" lon="-84.56016001299449">
                <ele>838.2210693359367</ele>
                <time>2026-05-28T20:39:37.999715328Z</time>
            </trkpt>
            <trkpt lat="42.22989558246194" lon="-84.55970521092839">
                <ele>836.5694580078116</ele>
                <time>2026-05-28T20:39:38.999705314Z</time>
            </trkpt>
            <trkpt lat="42.23004230767696" lon="-84.55925216906196">
                <ele>833.9888305664055</ele>
                <time>2026-05-28T20:39:39.999694824Z</time>
            </trkpt>
            <trkpt lat="42.23018953580617" lon="-84.55879895955748">
                <ele>831.7746582031242</ele>
                <time>2026-05-28T20:39:40.999684333Z</time>
            </trkpt>
            <trkpt lat="42.23033936232536" lon="-84.55834658824331">
                <ele>829.5260009765617</ele>
                <time>2026-05-28T20:39:41.999674797Z</time>
            </trkpt>
            <trkpt lat="42.23049287688195" lon="-84.55789069652981">
                <ele>827.4362182617178</ele>
                <time>2026-05-28T20:39:42.999664545Z</time>
            </trkpt>
            <trkpt lat="42.23064563706725" lon="-84.5574355591876">
                <ele>824.8161621093742</ele>
                <time>2026-05-28T20:39:43.999654293Z</time>
            </trkpt>
            <trkpt lat="42.230795505495955" lon="-84.55697455451316">
                <ele>823.3569946289055</ele>
                <time>2026-05-28T20:39:44.999644756Z</time>
            </trkpt>
            <trkpt lat="42.23094214689194" lon="-84.55651028089649">
                <ele>822.0194702148428</ele>
                <time>2026-05-28T20:39:45.999634265Z</time>
            </trkpt>
            <trkpt lat="42.231085058341016" lon="-84.55604324125177">
                <ele>821.6667480468741</ele>
                <time>2026-05-28T20:39:46.999624490Z</time>
            </trkpt>
            <trkpt lat="42.23122524567156" lon="-84.5555755310548">
                <ele>821.5462036132805</ele>
                <time>2026-05-28T20:39:47.999614715Z</time>
            </trkpt>
            <trkpt lat="42.23136061340778" lon="-84.55510019332594">
                <ele>822.2410888671867</ele>
                <time>2026-05-28T20:39:48.999604701Z</time>
            </trkpt>
            <trkpt lat="42.231485419946004" lon="-84.55463181257672">
                <ele>821.7111816406242</ele>
                <time>2026-05-28T20:39:49.999593734Z</time>
            </trkpt>
            <trkpt lat="42.23161123231261" lon="-84.5541613363517">
                <ele>820.296325683593</ele>
                <time>2026-05-28T20:39:50.999584674Z</time>
            </trkpt>
            <trkpt lat="42.23173281181811" lon="-84.55369412906892">
                <ele>818.8472900390617</ele>
                <time>2026-05-28T20:39:51.999574184Z</time>
            </trkpt>
            <trkpt lat="42.23186059393196" lon="-84.55322574831969">
                <ele>817.105407714843</ele>
                <time>2026-05-28T20:39:52.999564170Z</time>
            </trkpt>
            <trkpt lat="42.23198628057002" lon="-84.5527571999324">
                <ele>814.8685302734366</ele>
                <time>2026-05-28T20:39:53.999554157Z</time>
            </trkpt>
            <trkpt lat="42.2321151942408" lon="-84.5522894059164">
                <ele>812.996765136718</ele>
                <time>2026-05-28T20:39:54.999544143Z</time>
            </trkpt>
            <trkpt lat="42.232248256953646" lon="-84.55182043843395">
                <ele>812.0308837890617</ele>
                <time>2026-05-28T20:39:55.999534368Z</time>
            </trkpt>
            <trkpt lat="42.23238437906115" lon="-84.55135566190309">
                <ele>810.5657958984367</ele>
                <time>2026-05-28T20:39:56.999525070Z</time>
            </trkpt>
            <trkpt lat="42.2325190343356" lon="-84.55089096919126">
                <ele>807.551940917968</ele>
                <time>2026-05-28T20:39:57.999514818Z</time>
            </trkpt>
            <trkpt lat="42.232654485890855" lon="-84.55042895868844">
                <ele>804.4102783203117</ele>
                <time>2026-05-28T20:39:58.999505043Z</time>
            </trkpt>
            <trkpt lat="42.232794002669145" lon="-84.54996912748045">
                <ele>801.286804199218</ele>
                <time>2026-05-28T20:39:59.999495267Z</time>
            </trkpt>
            <trkpt lat="42.23294307481705" lon="-84.5495178458137">
                <ele>797.5198364257805</ele>
                <time>2026-05-28T20:40:00.999485492Z</time>
            </trkpt>
            <trkpt lat="42.23309319470285" lon="-84.54906924635596">
                <ele>793.8411865234367</ele>
                <time>2026-05-28T20:40:01.999475479Z</time>
            </trkpt>
            <trkpt lat="42.23324662544041" lon="-84.54861888669855">
                <ele>789.9591674804678</ele>
                <time>2026-05-28T20:40:02.999465703Z</time>
            </trkpt>
            <trkpt lat="42.23340391185342" lon="-84.54817162834532">
                <ele>786.3003540039055</ele>
                <time>2026-05-28T20:40:03.999455451Z</time>
            </trkpt>
            <trkpt lat="42.23356207836627" lon="-84.54772043049759">
                <ele>782.1004638671867</ele>
                <time>2026-05-28T20:40:04.999445915Z</time>
            </trkpt>
            <trkpt lat="42.23372141834556" lon="-84.54726604752666">
                <ele>778.416198730468</ele>
                <time>2026-05-28T20:40:05.999435424Z</time>
            </trkpt>
            <trkpt lat="42.23387803420632" lon="-84.54681149691767">
                <ele>774.917175292968</ele>
                <time>2026-05-28T20:40:06.999425888Z</time>
            </trkpt>
            <trkpt lat="42.234035320619334" lon="-84.5463522524429">
                <ele>771.7064208984367</ele>
                <time>2026-05-28T20:40:07.999415874Z</time>
            </trkpt>
            <trkpt lat="42.23418996673285" lon="-84.5458961092723">
                <ele>768.031677246093</ele>
                <time>2026-05-28T20:40:08.999406337Z</time>
            </trkpt>
            <trkpt lat="42.23434633113652" lon="-84.54543996610171">
                <ele>763.7300415039055</ele>
                <time>2026-05-28T20:40:09.999396800Z</time>
            </trkpt>
            <trkpt lat="42.23450474910646" lon="-84.54498072162694">
                <ele>759.5360107421867</ele>
                <time>2026-05-28T20:40:10.999386310Z</time>
            </trkpt>
            <trkpt lat="42.23466375380963" lon="-84.54452005222862">
                <ele>755.3839721679681</ele>
                <time>2026-05-28T20:40:11.999376773Z</time>
            </trkpt>
            <trkpt lat="42.23482422534585" lon="-84.54405686825936">
                <ele>751.9407348632805</ele>
                <time>2026-05-28T20:40:12.999367237Z</time>
            </trkpt>
            <trkpt lat="42.23498700190544" lon="-84.54359837815588">
                <ele>748.3763427734367</ele>
                <time>2026-05-28T20:40:13.999356508Z</time>
            </trkpt>
            <trkpt lat="42.2351523349455" lon="-84.54314081006174">
                <ele>744.7955322265617</ele>
                <time>2026-05-28T20:40:14.999347448Z</time>
            </trkpt>
            <trkpt lat="42.23531708125233" lon="-84.54268366106277">
                <ele>741.2068481445305</ele>
                <time>2026-05-28T20:40:15.999337196Z</time>
            </trkpt>
            <trkpt lat="42.23547901962161" lon="-84.54222827226346">
                <ele>737.4019775390617</ele>
                <time>2026-05-28T20:40:16.999327182Z</time>
            </trkpt>
            <trkpt lat="42.23563794050574" lon="-84.54177120708351">
                <ele>733.9665527343743</ele>
                <time>2026-05-28T20:40:17.999317884Z</time>
            </trkpt>
            <trkpt lat="42.23579728048503" lon="-84.54131414190357">
                <ele>730.1091918945306</ele>
                <time>2026-05-28T20:40:18.999307632Z</time>
            </trkpt>
            <trkpt lat="42.23595398016482" lon="-84.54085221521979">
                <ele>726.6302490234367</ele>
                <time>2026-05-28T20:40:19.999297857Z</time>
            </trkpt>
            <trkpt lat="42.23611084748268" lon="-84.54039473094468">
                <ele>722.8281249999992</ele>
                <time>2026-05-28T20:40:20.999287843Z</time>
            </trkpt>
            <trkpt lat="42.23627010364294" lon="-84.5399359893841">
                <ele>718.4937133789056</ele>
                <time>2026-05-28T20:40:21.999278783Z</time>
            </trkpt>
            <trkpt lat="42.23643053326964" lon="-84.53947548762386">
                <ele>713.9420776367181</ele>
                <time>2026-05-28T20:40:22.999268770Z</time>
            </trkpt>
            <trkpt lat="42.236588615963456" lon="-84.53901590787297">
                <ele>709.1573486328118</ele>
                <time>2026-05-28T20:40:23.999258518Z</time>
            </trkpt>
            <trkpt lat="42.23674389071971" lon="-84.53854702420955">
                <ele>704.1898803710931</ele>
                <time>2026-05-28T20:40:24.999249219Z</time>
            </trkpt>
            <trkpt lat="42.23689535171002" lon="-84.53807177029972">
                <ele>700.051208496093</ele>
                <time>2026-05-28T20:40:25.999238967Z</time>
            </trkpt>
            <trkpt lat="42.237045723052915" lon="-84.53759400181895">
                <ele>695.6926269531243</ele>
                <time>2026-05-28T20:40:26.999229431Z</time>
            </trkpt>
            <trkpt lat="42.23719278354406" lon="-84.5371144731385">
                <ele>691.6055297851556</ele>
                <time>2026-05-28T20:40:27.999219417Z</time>
            </trkpt>
            <trkpt lat="42.23733774855941" lon="-84.53663419008677">
                <ele>687.7161254882806</ele>
                <time>2026-05-28T20:40:28.999209880Z</time>
            </trkpt>
            <trkpt lat="42.237481791565415" lon="-84.53615005135958">
                <ele>684.5010986328118</ele>
                <time>2026-05-28T20:40:29.999199390Z</time>
            </trkpt>
            <trkpt lat="42.23762780431866" lon="-84.53566817574625">
                <ele>682.3574829101557</ele>
                <time>2026-05-28T20:40:30.999190330Z</time>
            </trkpt>
            <trkpt lat="42.23777151204854" lon="-84.53518990435128">
                <ele>680.3839111328119</ele>
                <time>2026-05-28T20:40:31.999179840Z</time>
            </trkpt>
            <trkpt lat="42.23792070992499" lon="-84.53471758410757">
                <ele>678.1208496093743</ele>
                <time>2026-05-28T20:40:32.999170780Z</time>
            </trkpt>
            <trkpt lat="42.23807028498709" lon="-84.53424794607287">
                <ele>675.844909667968</ele>
                <time>2026-05-28T20:40:33.999160766Z</time>
            </trkpt>
            <trkpt lat="42.238222374620136" lon="-84.53377948150461">
                <ele>672.4923095703118</ele>
                <time>2026-05-28T20:40:34.999150753Z</time>
            </trkpt>
            <trkpt lat="42.2383787390238" lon="-84.5333156269831">
                <ele>668.5382080078118</ele>
                <time>2026-05-28T20:40:35.999141216Z</time>
            </trkpt>
            <trkpt lat="42.23853426523715" lon="-84.53285202391868">
                <ele>663.6448364257807</ele>
                <time>2026-05-28T20:40:36.999130725Z</time>
            </trkpt>
            <trkpt lat="42.238692641297575" lon="-84.53238305643623">
                <ele>659.0294189453119</ele>
                <time>2026-05-28T20:40:37.999121427Z</time>
            </trkpt>
            <trkpt lat="42.238848754244145" lon="-84.53191199347799">
                <ele>654.1925048828119</ele>
                <time>2026-05-28T20:40:38.999111175Z</time>
            </trkpt>
            <trkpt lat="42.23900503482878" lon="-84.53144176871007">
                <ele>649.8632202148431</ele>
                <time>2026-05-28T20:40:39.999101161Z</time>
            </trkpt>
            <trkpt lat="42.2391644586271" lon="-84.53096953228538">
                <ele>645.7772827148431</ele>
                <time>2026-05-28T20:40:40.999091386Z</time>
            </trkpt>
            <trkpt lat="42.23932333760172" lon="-84.53049779877489">
                <ele>642.5239257812494</ele>
                <time>2026-05-28T20:40:41.999081611Z</time>
            </trkpt>
            <trkpt lat="42.23947802562475" lon="-84.53002749018793">
                <ele>639.1433715820307</ele>
                <time>2026-05-28T20:40:42.999072551Z</time>
            </trkpt>
            <trkpt lat="42.23963099535763" lon="-84.52955508612519">
                <ele>636.4065551757806</ele>
                <time>2026-05-28T20:40:43.999062538Z</time>
            </trkpt>
            <trkpt lat="42.23978258207649" lon="-84.52908427462403">
                <ele>634.1120605468743</ele>
                <time>2026-05-28T20:40:44.999053001Z</time>
            </trkpt>
            <trkpt lat="42.23993383351922" lon="-84.52861572623674">
                <ele>631.8164672851556</ele>
                <time>2026-05-28T20:40:45.999043464Z</time>
            </trkpt>
            <trkpt lat="42.240089150184986" lon="-84.52814709403042">
                <ele>629.2101440429681</ele>
                <time>2026-05-28T20:40:46.999033212Z</time>
            </trkpt>
            <trkpt lat="42.24024371247947" lon="-84.52768424533728">
                <ele>625.4626464843744</ele>
                <time>2026-05-28T20:40:47.999023437Z</time>
            </trkpt>
            <trkpt lat="42.24039961587846" lon="-84.52721930116836">
                <ele>621.5720825195306</ele>
                <time>2026-05-28T20:40:48.999013185Z</time>
            </trkpt>
            <trkpt lat="42.24055241797328" lon="-84.52674840584818">
                <ele>617.1315307617181</ele>
                <time>2026-05-28T20:40:49.999003171Z</time>
            </trkpt>
            <trkpt lat="42.2407057648918" lon="-84.52627030209128">
                <ele>612.3399658203119</ele>
                <time>2026-05-28T20:40:50.998993396Z</time>
            </trkpt>
            <trkpt lat="42.2408569325155" lon="-84.52579060577277">
                <ele>607.7925415039057</ele>
                <time>2026-05-28T20:40:51.998983383Z</time>
            </trkpt>
            <trkpt lat="42.24100617230147" lon="-84.52530663468364">
                <ele>602.6994018554682</ele>
                <time>2026-05-28T20:40:52.998974323Z</time>
            </trkpt>
            <trkpt lat="42.241154322440025" lon="-84.52481403023425">
                <ele>597.8566894531243</ele>
                <time>2026-05-28T20:40:53.998964786Z</time>
            </trkpt>
            <trkpt lat="42.241300419012305" lon="-84.52431580990974">
                <ele>592.9810180664057</ele>
                <time>2026-05-28T20:40:55.000140666Z</time>
            </trkpt>
            <trkpt lat="42.24144638985604" lon="-84.52381473973814">
                <ele>589.3109741210932</ele>
                <time>2026-05-28T20:40:56.000144958Z</time>
            </trkpt>
            <trkpt lat="42.24159378562331" lon="-84.52330889188174">
                <ele>586.5941162109369</ele>
                <time>2026-05-28T20:40:57.000133275Z</time>
            </trkpt>
            <trkpt lat="42.2417420195809" lon="-84.52280245729212">
                <ele>584.7915649414057</ele>
                <time>2026-05-28T20:40:58.000136613Z</time>
            </trkpt>
            <trkpt lat="42.241891133638326" lon="-84.52229426250283">
                <ele>584.2925415039057</ele>
                <time>2026-05-28T20:40:59.000140190Z</time>
            </trkpt>
            <trkpt lat="42.24204267844767" lon="-84.52179109685544">
                <ele>584.6882324218744</ele>
                <time>2026-05-28T20:41:00.000128269Z</time>
            </trkpt>
            <trkpt lat="42.24219615109474" lon="-84.52128952376965">
                <ele>585.6560668945307</ele>
                <time>2026-05-28T20:41:01.000133037Z</time>
            </trkpt>
            <trkpt lat="42.242338643448655" lon="-84.52078577138904">
                <ele>584.7434692382807</ele>
                <time>2026-05-28T20:41:02.000136852Z</time>
            </trkpt>
            <trkpt lat="42.2424753941989" lon="-84.5202840306652">
                <ele>583.7802734374994</ele>
                <time>2026-05-28T20:41:03.000124454Z</time>
            </trkpt>
            <trkpt lat="42.2426136117822" lon="-84.5197916776729">
                <ele>582.6243286132807</ele>
                <time>2026-05-28T20:41:04.000127315Z</time>
            </trkpt>
            <trkpt lat="42.242755265945796" lon="-84.51930477291766">
                <ele>581.2210693359369</ele>
                <time>2026-05-28T20:41:05.000128984Z</time>
            </trkpt>
            <trkpt lat="42.24289633337617" lon="-84.51882239439014">
                <ele>578.4860839843744</ele>
                <time>2026-05-28T20:41:06.000115394Z</time>
            </trkpt>
            <trkpt lat="42.24304318431974" lon="-84.5183428657097">
                <ele>575.9649047851557</ele>
                <time>2026-05-28T20:41:07.000117778Z</time>
            </trkpt>
            <trkpt lat="42.24319657314778" lon="-84.51787037782792">
                <ele>572.8128662109369</ele>
                <time>2026-05-28T20:41:08.000119209Z</time>
            </trkpt>
            <trkpt lat="42.243356457950775" lon="-84.51740585275415">
                <ele>570.8715820312494</ele>
                <time>2026-05-28T20:41:09.000106096Z</time>
            </trkpt>
            <trkpt lat="42.243519946972135" lon="-84.51693269432012">
                <ele>569.2604370117182</ele>
                <time>2026-05-28T20:41:10.000092744Z</time>
            </trkpt>
            <trkpt lat="42.24368683066428" lon="-84.51645710513417">
                <ele>567.3131103515619</ele>
                <time>2026-05-28T20:41:11.000080108Z</time>
            </trkpt>
            <trkpt lat="42.24385388199449" lon="-84.51598520398561">
                <ele>565.0583496093744</ele>
                <time>2026-05-28T20:41:12.000067949Z</time>
            </trkpt>
            <trkpt lat="42.24402118478179" lon="-84.51551967308346">
                <ele>562.7969360351557</ele>
                <time>2026-05-28T20:41:13.000055789Z</time>
            </trkpt>
            <trkpt lat="42.24418651782185" lon="-84.51505154379133">
                <ele>559.5996704101557</ele>
                <time>2026-05-28T20:41:14.000043869Z</time>
            </trkpt>
            <trkpt lat="42.24434196021617" lon="-84.51458098374728">
                <ele>555.4822998046869</ele>
                <time>2026-05-28T20:41:15.000032186Z</time>
            </trkpt>
            <trkpt lat="42.244492331559066" lon="-84.51410438873293">
                <ele>551.2797851562494</ele>
                <time>2026-05-28T20:41:16.000020503Z</time>
            </trkpt>
            <trkpt lat="42.24463767376006" lon="-84.5136225131196">
                <ele>546.8114013671869</ele>
                <time>2026-05-28T20:41:17.000009059Z</time>
            </trkpt>
            <trkpt lat="42.24491825796873" lon="-84.51264501557174">
                <ele>538.0526733398432</ele>
                <time>2026-05-28T20:41:18.999985694Z</time>
            </trkpt>
            <trkpt lat="42.24505488299042" lon="-84.51215140529396">
                <ele>534.4038696289057</ele>
                <time>2026-05-28T20:41:19.999974012Z</time>
            </trkpt>
            <trkpt lat="42.245192471930984" lon="-84.51165737592103">
                <ele>530.424194335937</ele>
                <time>2026-05-28T20:41:20.999963283Z</time>
            </trkpt>
            <trkpt lat="42.24533291071862" lon="-84.5111670345855">
                <ele>526.5352172851557</ele>
                <time>2026-05-28T20:41:21.999951839Z</time>
            </trkpt>
            <trkpt lat="42.24547439724416" lon="-84.5106762741548">
                <ele>522.7795410156245</ele>
                <time>2026-05-28T20:41:22.999939918Z</time>
            </trkpt>
            <trkpt lat="42.2456198651737" lon="-84.51019079432311">
                <ele>519.8624267578119</ele>
                <time>2026-05-28T20:41:23.999929189Z</time>
            </trkpt>
            <trkpt lat="42.24577731922478" lon="-84.50970405720594">
                <ele>516.9990844726557</ele>
                <time>2026-05-28T20:41:24.999918937Z</time>
            </trkpt>
            <trkpt lat="42.24593749739439" lon="-84.50922000229778">
                <ele>514.130249023437</ele>
                <time>2026-05-28T20:41:25.999907016Z</time>
            </trkpt>
            <trkpt lat="42.246101321691874" lon="-84.50873544447543">
                <ele>511.9980468749995</ele>
                <time>2026-05-28T20:41:26.999896526Z</time>
            </trkpt>
            <trkpt lat="42.24626833111257" lon="-84.50825055137696">
                <ele>510.47030639648386</ele>
                <time>2026-05-28T20:41:27.999886035Z</time>
            </trkpt>
            <trkpt lat="42.246432951690856" lon="-84.50776951395395">
                <ele>508.16778564453074</ele>
                <time>2026-05-28T20:41:28.999875068Z</time>
            </trkpt>
            <trkpt lat="42.246593842322234" lon="-84.50728856034996">
                <ele>505.99700927734324</ele>
                <time>2026-05-28T20:41:29.999864101Z</time>
            </trkpt>
            <trkpt lat="42.246756409334246" lon="-84.50680769056501">
                <ele>504.05624389648386</ele>
                <time>2026-05-28T20:41:30.999853134Z</time>
            </trkpt>
            <trkpt lat="42.24691700659901" lon="-84.50633687906387">
                <ele>502.19525146484324</ele>
                <time>2026-05-28T20:41:31.999842405Z</time>
            </trkpt>
            <trkpt lat="42.24707948979199" lon="-84.50586824685755">
                <ele>498.96926879882767</ele>
                <time>2026-05-28T20:41:32.999831676Z</time>
            </trkpt>
            <trkpt lat="42.247240045147244" lon="-84.50540020138445">
                <ele>495.400268554687</ele>
                <time>2026-05-28T20:41:33.999821662Z</time>
            </trkpt>
            <trkpt lat="42.24739657718897" lon="-84.50493014425459">
                <ele>491.59118652343705</ele>
                <time>2026-05-28T20:41:34.999811172Z</time>
            </trkpt>
            <trkpt lat="42.24755541425407" lon="-84.50446142822923">
                <ele>487.5455017089839</ele>
                <time>2026-05-28T20:41:35.999800443Z</time>
            </trkpt>
            <trkpt lat="42.2477127425766" lon="-84.50399480767967">
                <ele>483.709106445312</ele>
                <time>2026-05-28T20:41:36.999789714Z</time>
            </trkpt>
            <trkpt lat="42.247870364265744" lon="-84.50352793567302">
                <ele>479.87875366210886</ele>
                <time>2026-05-28T20:41:37.999779224Z</time>
            </trkpt>
            <trkpt lat="42.24802249580831" lon="-84.50306072839024">
                <ele>476.9961242675776</ele>
                <time>2026-05-28T20:41:38.999768495Z</time>
            </trkpt>
            <trkpt lat="42.2481688857472" lon="-84.50259595185938">
                <ele>475.47570800781205</ele>
                <time>2026-05-28T20:41:39.999757766Z</time>
            </trkpt>
            <trkpt lat="42.248312467748526" lon="-84.5021385514033">
                <ele>473.5901489257808</ele>
                <time>2026-05-28T20:41:40.999747276Z</time>
            </trkpt>
            <trkpt lat="42.24845516965002" lon="-84.50168400079431">
                <ele>470.9310607910151</ele>
                <time>2026-05-28T20:41:41.999736785Z</time>
            </trkpt>
            <trkpt lat="42.24859866783232" lon="-84.50123171329918">
                <ele>467.95996093749955</ele>
                <time>2026-05-28T20:41:42.999726772Z</time>
            </trkpt>
            <trkpt lat="42.24873713687271" lon="-84.50078059927048">
                <ele>465.1111450195308</ele>
                <time>2026-05-28T20:41:43.999715805Z</time>
            </trkpt>
            <trkpt lat="42.2488769051081" lon="-84.50033275418403">
                <ele>462.57592773437455</ele>
                <time>2026-05-28T20:41:44.999706029Z</time>
            </trkpt>
            <trkpt lat="42.249016254248325" lon="-84.4998905249727">
                <ele>460.50051879882767</ele>
                <time>2026-05-28T20:41:45.999695301Z</time>
            </trkpt>
            <trkpt lat="42.249151119070355" lon="-84.49944946922781">
                <ele>458.85482788085886</ele>
                <time>2026-05-28T20:41:46.999684810Z</time>
            </trkpt>
            <trkpt lat="42.249283343592886" lon="-84.49901201770129">
                <ele>459.01806640624955</ele>
                <time>2026-05-28T20:41:47.999674320Z</time>
            </trkpt>
            <trkpt lat="42.24940622229338" lon="-84.49858462445856">
                <ele>460.502319335937</ele>
                <time>2026-05-28T20:41:48.999664306Z</time>
            </trkpt>
            <trkpt lat="42.24953023255081" lon="-84.49817273773671">
                <ele>462.2961425781245</ele>
                <time>2026-05-28T20:41:49.999654054Z</time>
            </trkpt>
            <trkpt lat="42.24965101577551" lon="-84.49777216658414">
                <ele>463.3223266601558</ele>
                <time>2026-05-28T20:41:50.999643325Z</time>
            </trkpt>
            <trkpt lat="42.24976660222025" lon="-84.49737662457348">
                <ele>463.58117675781205</ele>
                <time>2026-05-28T20:41:51.999633312Z</time>
            </trkpt>
            <trkpt lat="42.24987942263694" lon="-84.49699080557049">
                <ele>462.6072387695308</ele>
                <time>2026-05-28T20:41:52.999622821Z</time>
            </trkpt>
            <trkpt lat="42.249986794816564" lon="-84.49660649531008">
                <ele>460.54333496093705</ele>
                <time>2026-05-28T20:41:53.999612331Z</time>
            </trkpt>
            <trkpt lat="42.25009915422858" lon="-84.49623174041928">
                <ele>458.19207763671824</ele>
                <time>2026-05-28T20:41:54.999602794Z</time>
            </trkpt>
            <trkpt lat="42.25021063354076" lon="-84.49585556060494">
                <ele>455.53015136718705</ele>
                <time>2026-05-28T20:41:55.999592304Z</time>
            </trkpt>
            <trkpt lat="42.25032341204793" lon="-84.49547736913384">
                <ele>452.67224121093705</ele>
                <time>2026-05-28T20:41:56.999581336Z</time>
            </trkpt>
            <trkpt lat="42.25043602291704" lon="-84.49509641163469">
                <ele>449.828735351562</ele>
                <time>2026-05-28T20:41:57.999571800Z</time>
            </trkpt>
            <trkpt lat="42.250552447552096" lon="-84.49471495122135">
                <ele>447.7445678710933</ele>
                <time>2026-05-28T20:41:58.999561309Z</time>
            </trkpt>
            <trkpt lat="42.2506695427394" lon="-84.49433298789383">
                <ele>445.42031860351517</ele>
                <time>2026-05-28T20:41:59.999551534Z</time>
            </trkpt>
            <trkpt lat="42.25078730847896" lon="-84.4939491805476">
                <ele>443.6882019042964</ele>
                <time>2026-05-28T20:42:00.999540567Z</time>
            </trkpt>
            <trkpt lat="42.250910522455584" lon="-84.49356813922942">
                <ele>441.47146606445267</ele>
                <time>2026-05-28T20:42:01.999530792Z</time>
            </trkpt>
            <trkpt lat="42.25103348497511" lon="-84.49318257168353">
                <ele>440.1332702636715</ele>
                <time>2026-05-28T20:42:02.999520778Z</time>
            </trkpt>
            <trkpt lat="42.25115154408128" lon="-84.49279365137637">
                <ele>438.61526489257767</ele>
                <time>2026-05-28T20:42:03.999510288Z</time>
            </trkpt>
            <trkpt lat="42.25126599896909" lon="-84.49239785790861">
                <ele>437.209320068359</ele>
                <time>2026-05-28T20:42:04.999499797Z</time>
            </trkpt>
            <trkpt lat="42.25138334561349" lon="-84.49200206444085">
                <ele>435.890960693359</ele>
                <time>2026-05-28T20:42:05.999490261Z</time>
            </trkpt>
            <trkpt lat="42.251503081100296" lon="-84.49160660624922">
                <ele>434.4963989257808</ele>
                <time>2026-05-28T20:42:06.999479770Z</time>
            </trkpt>
            <trkpt lat="42.25162989929528" lon="-84.49121299207629">
                <ele>434.0018920898433</ele>
                <time>2026-05-28T20:42:07.999469757Z</time>
            </trkpt>
            <trkpt lat="42.25175382573367" lon="-84.49082457468332">
                <ele>431.97503662109335</ele>
                <time>2026-05-28T20:42:08.999458789Z</time>
            </trkpt>
            <trkpt lat="42.25187477659644" lon="-84.49044068351806">
                <ele>429.4996337890621</ele>
                <time>2026-05-28T20:42:09.999449014Z</time>
            </trkpt>
            <trkpt lat="42.25199882876338" lon="-84.49006157003761">
                <ele>427.7641601562496</ele>
                <time>2026-05-28T20:42:10.999438762Z</time>
            </trkpt>
            <trkpt lat="42.25211638495536" lon="-84.48968078017653">
                <ele>425.54852294921835</ele>
                <time>2026-05-28T20:42:11.999428749Z</time>
            </trkpt>
            <trkpt lat="42.252229414919626" lon="-84.48930032559157">
                <ele>422.85217285156205</ele>
                <time>2026-05-28T20:42:12.999418020Z</time>
            </trkpt>
            <trkpt lat="42.252337792927634" lon="-84.4889158476931">
                <ele>420.33563232421835</ele>
                <time>2026-05-28T20:42:13.999408245Z</time>
            </trkpt>
            <trkpt lat="42.25244742822112" lon="-84.48852826849044">
                <ele>417.93530273437455</ele>
                <time>2026-05-28T20:42:14.999398708Z</time>
            </trkpt>
            <trkpt lat="42.25255320783914" lon="-84.48813783944071">
                <ele>414.7322387695308</ele>
                <time>2026-05-28T20:42:15.999387741Z</time>
            </trkpt>
            <trkpt lat="42.252663262227784" lon="-84.48774942204774">
                <ele>411.7542724609371</ele>
                <time>2026-05-28T20:42:16.999377965Z</time>
            </trkpt>
            <trkpt lat="42.252778597215425" lon="-84.48736310013057">
                <ele>408.6573486328121</ele>
                <time>2026-05-28T20:42:17.999368190Z</time>
            </trkpt>
            <trkpt lat="42.25290118254931" lon="-84.48698365137399">
                <ele>405.13598632812455</ele>
                <time>2026-05-28T20:42:18.999357223Z</time>
            </trkpt>
            <trkpt lat="42.25302984476299" lon="-84.48660537608386">
                <ele>402.8830261230464</ele>
                <time>2026-05-28T20:42:19.999348163Z</time>
            </trkpt>
            <trkpt lat="42.253166511694204" lon="-84.48623171084047">
                <ele>401.0517883300777</ele>
                <time>2026-05-28T20:42:20.999337196Z</time>
            </trkpt>
            <trkpt lat="42.25330544173927" lon="-84.48586366147221">
                <ele>397.8057861328121</ele>
                <time>2026-05-28T20:42:21.999327182Z</time>
            </trkpt>
            <trkpt lat="42.25343326576264" lon="-84.48549225934268">
                <ele>395.01873779296835</ele>
                <time>2026-05-28T20:42:22.999317169Z</time>
            </trkpt>
            <trkpt lat="42.25355392325879" lon="-84.48512043811799">
                <ele>392.22070312499966</ele>
                <time>2026-05-28T20:42:23.999306201Z</time>
            </trkpt>
            <trkpt lat="42.253674287388336" lon="-84.4847518020165">
                <ele>389.07781982421835</ele>
                <time>2026-05-28T20:42:24.999296665Z</time>
            </trkpt>
            <trkpt lat="42.25379724990786" lon="-84.48438165717245">
                <ele>385.72369384765585</ele>
                <time>2026-05-28T20:42:25.999286651Z</time>
            </trkpt>
            <trkpt lat="42.25391551856161" lon="-84.48400489062489">
                <ele>383.62860107421835</ele>
                <time>2026-05-28T20:42:26.999276638Z</time>
            </trkpt>
            <trkpt lat="42.25403374530585" lon="-84.48363105774342">
                <ele>381.2210693359371</ele>
                <time>2026-05-28T20:42:27.999266147Z</time>
            </trkpt>
            <trkpt lat="42.254147487731885" lon="-84.48325429119586">
                <ele>378.5865478515621</ele>
                <time>2026-05-28T20:42:28.999256134Z</time>
            </trkpt>
            <trkpt lat="42.25426286462904" lon="-84.48287760846733">
                <ele>375.6369628906246</ele>
                <time>2026-05-28T20:42:29.999245643Z</time>
            </trkpt>
            <trkpt lat="42.25437710996927" lon="-84.48249832734882">
                <ele>373.2205810546871</ele>
                <time>2026-05-28T20:42:30.999235153Z</time>
            </trkpt>
            <trkpt lat="42.25448867310048" lon="-84.48211443618356">
                <ele>371.2755737304684</ele>
                <time>2026-05-28T20:42:31.999225854Z</time>
            </trkpt>
            <trkpt lat="42.25460321180732" lon="-84.48173163466572">
                <ele>369.07260131835903</ele>
                <time>2026-05-28T20:42:32.999215602Z</time>
            </trkpt>
            <trkpt lat="42.254726090507816" lon="-84.48135176681399">
                <ele>366.51266479492153</ele>
                <time>2026-05-28T20:42:33.999204874Z</time>
            </trkpt>
            <trkpt lat="42.25485596809746" lon="-84.48097022258162">
                <ele>363.84860229492153</ele>
                <time>2026-05-28T20:42:34.999195575Z</time>
            </trkpt>
            <trkpt lat="42.25499041382433" lon="-84.48058515794992">
                <ele>362.5744934082028</ele>
                <time>2026-05-28T20:42:35.999184608Z</time>
            </trkpt>
            <trkpt lat="42.255118866490434" lon="-84.48019003503441">
                <ele>361.3393554687496</ele>
                <time>2026-05-28T20:42:36.999174594Z</time>
            </trkpt>
            <trkpt lat="42.25525134247006" lon="-84.47979424156665">
                <ele>359.4835205078121</ele>
                <time>2026-05-28T20:42:37.999165058Z</time>
            </trkpt>
            <trkpt lat="42.255376149008285" lon="-84.47939207785248">
                <ele>356.91442871093716</ele>
                <time>2026-05-28T20:42:38.999154329Z</time>
            </trkpt>
            <trkpt lat="42.25549659695686" lon="-84.47898295715868">
                <ele>355.0426635742184</ele>
                <time>2026-05-28T20:42:39.999143838Z</time>
            </trkpt>
            <trkpt lat="42.255622409323465" lon="-84.47857568048357">
                <ele>353.3927307128902</ele>
                <time>2026-05-28T20:42:40.999134302Z</time>
            </trkpt>
            <trkpt lat="42.25575061053247" lon="-84.47816622451364">
                <ele>351.45700073242153</ele>
                <time>2026-05-28T20:42:41.999124526Z</time>
            </trkpt>
            <trkpt lat="42.25587135184766" lon="-84.47775299668729">
                <ele>349.30978393554653</ele>
                <time>2026-05-28T20:42:42.999113798Z</time>
            </trkpt>
            <trkpt lat="42.255983711259674" lon="-84.47733867921352">
                <ele>346.76974487304653</ele>
                <time>2026-05-28T20:42:43.999104022Z</time>
            </trkpt>
            <trkpt lat="42.25610214755149" lon="-84.47692804977714">
                <ele>342.7825012207028</ele>
                <time>2026-05-28T20:42:44.999094009Z</time>
            </trkpt>
            <trkpt lat="42.256224690975856" lon="-84.47652152747332">
                <ele>339.54394531249966</ele>
                <time>2026-05-28T20:42:45.999083042Z</time>
            </trkpt>
            <trkpt lat="42.256352389270674" lon="-84.47611936375915">
                <ele>336.7683715820309</ele>
                <time>2026-05-28T20:42:46.999073028Z</time>
            </trkpt>
            <trkpt lat="42.25648335650773" lon="-84.47571745150208">
                <ele>334.26550292968716</ele>
                <time>2026-05-28T20:42:47.999063253Z</time>
            </trkpt>
            <trkpt lat="42.25661369510205" lon="-84.47531905964433">
                <ele>332.0514526367184</ele>
                <time>2026-05-28T20:42:48.999053478Z</time>
            </trkpt>
            <trkpt lat="42.25674348887266" lon="-84.47492209271013">
                <ele>330.0040588378903</ele>
                <time>2026-05-28T20:42:49.999043464Z</time>
            </trkpt>
            <trkpt lat="42.25687055852474" lon="-84.47452713743269">
                <ele>328.12069702148403</ele>
                <time>2026-05-28T20:42:50.999032974Z</time>
            </trkpt>
            <trkpt lat="42.25699163511605" lon="-84.47413218215524">
                <ele>326.41348266601534</ele>
                <time>2026-05-28T20:42:51.999022483Z</time>
            </trkpt>
            <trkpt lat="42.25711216688366" lon="-84.4737390708965">
                <ele>324.75729370117153</ele>
                <time>2026-05-28T20:42:52.999012470Z</time>
            </trkpt>
            <trkpt lat="42.257233285384494" lon="-84.47334797129452">
                <ele>322.9159545898434</ele>
                <time>2026-05-28T20:42:53.999002695Z</time>
            </trkpt>
            <trkpt lat="42.25735352378549" lon="-84.4729604759109">
                <ele>321.41613769531216</ele>
                <time>2026-05-28T20:42:54.998991966Z</time>
            </trkpt>
            <trkpt lat="42.257470116058606" lon="-84.47257532746016">
                <ele>319.59283447265597</ele>
                <time>2026-05-28T20:42:55.998982429Z</time>
            </trkpt>
            <trkpt lat="42.25758473858448" lon="-84.4721937832278">
                <ele>317.3404541015622</ele>
                <time>2026-05-28T20:42:56.998971462Z</time>
            </trkpt>
            <trkpt lat="42.257701498495656" lon="-84.47181316100477">
                <ele>315.6174316406247</ele>
                <time>2026-05-28T20:42:57.998961448Z</time>
            </trkpt>
            <trkpt lat="42.25781830031635" lon="-84.4714339637053">
                <ele>314.10620117187466</ele>
                <time>2026-05-28T20:42:58.998951435Z</time>
            </trkpt>
            <trkpt lat="42.25793598223688" lon="-84.47106373504221">
                <ele>312.6166381835934</ele>
                <time>2026-05-28T20:42:59.998941898Z</time>
            </trkpt>
            <trkpt lat="42.258051778229195" lon="-84.47069778114974">
                <ele>310.85479736328097</ele>
                <time>2026-05-28T20:43:01.000107288Z</time>
            </trkpt>
            <trkpt lat="42.25816187452735" lon="-84.47033828132271">
                <ele>310.1129150390622</ele>
                <time>2026-05-28T20:43:02.000112533Z</time>
            </trkpt>
            <trkpt lat="42.258274778763074" lon="-84.46999579675912">
                <ele>309.4497070312497</ele>
                <time>2026-05-28T20:43:03.000099658Z</time>
            </trkpt>
            <trkpt lat="42.258382402399796" lon="-84.46965976626097">
                <ele>308.55181884765597</ele>
                <time>2026-05-28T20:43:04.000102996Z</time>
            </trkpt>
            <trkpt lat="42.25848516453268" lon="-84.46933647625565">
                <ele>308.15484619140597</ele>
                <time>2026-05-28T20:43:05.000104904Z</time>
            </trkpt>
            <trkpt lat="42.25858503490897" lon="-84.4690197241348">
                <ele>307.67901611328097</ele>
                <time>2026-05-28T20:43:06.000091552Z</time>
            </trkpt>
            <trkpt lat="42.25867954086723" lon="-84.46871269502162">
                <ele>307.1086120605466</ele>
                <time>2026-05-28T20:43:07.000093698Z</time>
            </trkpt>
            <trkpt lat="42.258772244716305" lon="-84.46841765202997">
                <ele>306.82913208007784</ele>
                <time>2026-05-28T20:43:08.000098228Z</time>
            </trkpt>
            <trkpt lat="42.258861386256534" lon="-84.46813006893215">
                <ele>306.7267761230466</ele>
                <time>2026-05-28T20:43:09.000085353Z</time>
            </trkpt>
            <trkpt lat="42.25894470237406" lon="-84.46785036482332">
                <ele>306.2069091796872</ele>
                <time>2026-05-28T20:43:10.000088453Z</time>
            </trkpt>
            <trkpt lat="42.25902650974901" lon="-84.46758289829312">
                <ele>306.26495361328097</ele>
                <time>2026-05-28T20:43:11.000091075Z</time>
            </trkpt>
            <trkpt lat="42.25910513200076" lon="-84.46731979035256">
                <ele>305.8620300292966</ele>
                <time>2026-05-28T20:43:12.000077724Z</time>
            </trkpt>
            <trkpt lat="42.25918325133832" lon="-84.4670674950671">
                <ele>305.67126464843716</ele>
                <time>2026-05-28T20:43:13.000079631Z</time>
            </trkpt>
            <trkpt lat="42.25926308896603" lon="-84.46682827555058">
                <ele>305.47637939453097</ele>
                <time>2026-05-28T20:43:14.000082492Z</time>
            </trkpt>
            <trkpt lat="42.25933525715234" lon="-84.46659240879534">
                <ele>305.45303344726534</ele>
                <time>2026-05-28T20:43:15.000068187Z</time>
            </trkpt>
            <trkpt lat="42.25940071981611" lon="-84.46636257701037">
                <ele>305.3728027343747</ele>
                <time>2026-05-28T20:43:16.000051498Z</time>
            </trkpt>
            <trkpt lat="42.25946886468889" lon="-84.46613752291022">
                <ele>305.35638427734347</ele>
                <time>2026-05-28T20:43:17.000034809Z</time>
            </trkpt>
            <trkpt lat="42.2595373448378" lon="-84.46591942578969">
                <ele>305.3158874511716</ele>
                <time>2026-05-28T20:43:18.000018596Z</time>
            </trkpt>
            <trkpt lat="42.2596049867964" lon="-84.46571054876266">
                <ele>305.2049560546872</ele>
                <time>2026-05-28T20:43:19.000002622Z</time>
            </trkpt>
            <trkpt lat="42.25972937423946" lon="-84.46532196373163">
                <ele>305.20599365234347</ele>
                <time>2026-05-28T20:43:20.999972343Z</time>
            </trkpt>
            <trkpt lat="42.259784401433784" lon="-84.46514493793664">
                <ele>305.31143188476534</ele>
                <time>2026-05-28T20:43:21.999957799Z</time>
            </trkpt>
            <trkpt lat="42.259838003704566" lon="-84.46498073645351">
                <ele>305.3211669921872</ele>
                <time>2026-05-28T20:43:22.999942779Z</time>
            </trkpt>
            <trkpt lat="42.259888504671174" lon="-84.4648292754632">
                <ele>305.4692077636716</ele>
                <time>2026-05-28T20:43:23.999928474Z</time>
            </trkpt>
            <trkpt lat="42.259933431672174" lon="-84.46468804039476">
                <ele>305.69073486328097</ele>
                <time>2026-05-28T20:43:24.999914884Z</time>
            </trkpt>
            <trkpt lat="42.25997555073561" lon="-84.46456046782849">
                <ele>305.74859619140597</ele>
                <time>2026-05-28T20:43:25.999900817Z</time>
            </trkpt>
            <trkpt lat="42.26001272447618" lon="-84.46444245063184">
                <ele>305.80001831054653</ele>
                <time>2026-05-28T20:43:26.999887466Z</time>
            </trkpt>
            <trkpt lat="42.2600479284695" lon="-84.46433248006223">
                <ele>305.85144042968716</ele>
                <time>2026-05-28T20:43:27.999874830Z</time>
            </trkpt>
            <trkpt lat="42.260075965935606" lon="-84.46423063993869">
                <ele>305.7250366210934</ele>
                <time>2026-05-28T20:43:28.999860763Z</time>
            </trkpt>
            <trkpt lat="42.260099141897875" lon="-84.46413651116607">
                <ele>305.9748229980466</ele>
                <time>2026-05-28T20:43:29.999847650Z</time>
            </trkpt>
            <trkpt lat="42.26011154711457" lon="-84.46404598661182">
                <ele>306.0351867675778</ele>
                <time>2026-05-28T20:43:30.999834775Z</time>
            </trkpt>
            <trkpt lat="42.26011925846549" lon="-84.46396099411366">
                <ele>306.15750122070284</ele>
                <time>2026-05-28T20:43:31.999822616Z</time>
            </trkpt>
            <trkpt lat="42.26011712108018" lon="-84.46388513788996">
                <ele>306.4104919433591</ele>
                <time>2026-05-28T20:43:32.999809503Z</time>
            </trkpt>
            <trkpt lat="42.26010324903043" lon="-84.4638175797504">
                <ele>306.53811645507784</ele>
                <time>2026-05-28T20:43:33.999797344Z</time>
            </trkpt>
            <trkpt lat="42.2600822942725" lon="-84.46376477376042">
                <ele>306.3279113769528</ele>
                <time>2026-05-28T20:43:34.999784946Z</time>
            </trkpt>
            <trkpt lat="42.2600563941917" lon="-84.46371272214172">
                <ele>306.56338500976534</ele>
                <time>2026-05-28T20:43:35.999773502Z</time>
            </trkpt>
            <trkpt lat="42.26002512969287" lon="-84.46366938770232">
                <ele>306.5068359374997</ele>
                <time>2026-05-28T20:43:36.999760627Z</time>
            </trkpt>
            <trkpt lat="42.25999223072292" lon="-84.4636275620055">
                <ele>306.75292968749966</ele>
                <time>2026-05-28T20:43:37.999748706Z</time>
            </trkpt>
            <trkpt lat="42.259958912657815" lon="-84.46358774796543">
                <ele>306.65579223632784</ele>
                <time>2026-05-28T20:43:38.999737501Z</time>
            </trkpt>
            <trkpt lat="42.25992597177835" lon="-84.46354567081151">
                <ele>306.71847534179653</ele>
                <time>2026-05-28T20:43:39.999725818Z</time>
            </trkpt>
            <trkpt lat="42.259892653713244" lon="-84.46350074381051">
                <ele>306.6408386230466</ele>
                <time>2026-05-28T20:43:40.999713897Z</time>
            </trkpt>
            <trkpt lat="42.25986063484313" lon="-84.46345506243823">
                <ele>306.6118164062497</ele>
                <time>2026-05-28T20:43:41.999701499Z</time>
            </trkpt>
            <trkpt lat="42.259828406425434" lon="-84.46340493865726">
                <ele>306.6641235351559</ele>
                <time>2026-05-28T20:43:42.999691009Z</time>
            </trkpt>
            <trkpt lat="42.25979487881275" lon="-84.46335397668598">
                <ele>306.57278442382784</ele>
                <time>2026-05-28T20:43:43.999678850Z</time>
            </trkpt>
            <trkpt lat="42.25975942336233" lon="-84.46330259561954">
                <ele>306.5213317871091</ele>
                <time>2026-05-28T20:43:44.999668121Z</time>
            </trkpt>
            <trkpt lat="42.25972141143145" lon="-84.46325163364826">
                <ele>306.65270996093716</ele>
                <time>2026-05-28T20:43:45.999655961Z</time>
            </trkpt>
            <trkpt lat="42.25968444723846" lon="-84.46320368916211">
                <ele>306.9976806640622</ele>
                <time>2026-05-28T20:43:46.999645233Z</time>
            </trkpt>
            <trkpt lat="42.259648111688215" lon="-84.46315473884759">
                <ele>307.1281738281247</ele>
                <time>2026-05-28T20:43:47.999633312Z</time>
            </trkpt>
            <trkpt lat="42.25961395543279" lon="-84.46310872219918">
                <ele>307.3372497558591</ele>
                <time>2026-05-28T20:43:48.999622821Z</time>
            </trkpt>
            <trkpt lat="42.25958340339573" lon="-84.46306639358816">
                <ele>307.35598754882784</ele>
                <time>2026-05-28T20:43:49.999611139Z</time>
            </trkpt>
            <trkpt lat="42.259559179695565" lon="-84.46302942939518">
                <ele>307.55718994140597</ele>
                <time>2026-05-28T20:43:50.999601125Z</time>
            </trkpt>
            <trkpt lat="42.25954052996101" lon="-84.46300336167631">
                <ele>307.3231201171872</ele>
                <time>2026-05-28T20:43:51.999589681Z</time>
            </trkpt>
            <trkpt lat="42.25952846002044" lon="-84.46298433475611">
                <ele>307.1562499999997</ele>
                <time>2026-05-28T20:43:52.999578952Z</time>
            </trkpt>
            <trkpt lat="42.259519198017436" lon="-84.46297058843491">
                <ele>307.20800781249966</ele>
                <time>2026-05-28T20:43:53.999567031Z</time>
            </trkpt>
            <trkpt lat="42.25951358214231" lon="-84.46296329617915">
                <ele>307.05944824218716</ele>
                <time>2026-05-28T20:43:54.999556541Z</time>
            </trkpt>
            <trkpt lat="42.25951588716568" lon="-84.46296187125562">
                <ele>307.13690185546847</ele>
                <time>2026-05-28T20:43:55.999546051Z</time>
            </trkpt>
            <trkpt lat="42.25951735399874" lon="-84.4629623741698">
                <ele>307.36309814453097</ele>
                <time>2026-05-28T20:43:56.999535322Z</time>
            </trkpt>
            <trkpt lat="42.259518108370024" lon="-84.46296480492173">
                <ele>307.1708374023434</ele>
                <time>2026-05-28T20:43:57.999524354Z</time>
            </trkpt>
            <trkpt lat="42.25951802455099" lon="-84.46296572693107">
                <ele>307.12683105468716</ele>
                <time>2026-05-28T20:43:58.999513626Z</time>
            </trkpt>
            <trkpt lat="42.25951785691293" lon="-84.46296438582657">
                <ele>307.20574951171847</ele>
                <time>2026-05-28T20:43:59.999502658Z</time>
            </trkpt>
            <trkpt lat="42.259518611284214" lon="-84.46296681657849">
                <ele>307.02886962890597</ele>
                <time>2026-05-28T20:44:00.999491691Z</time>
            </trkpt>
            <trkpt lat="42.259517898822445" lon="-84.4629679062259">
                <ele>306.9115600585934</ele>
                <time>2026-05-28T20:44:01.999481439Z</time>
            </trkpt>
            <trkpt lat="42.25951773118438" lon="-84.46296832532106">
                <ele>306.9058227539059</ele>
                <time>2026-05-28T20:44:02.999470949Z</time>
            </trkpt>
            <trkpt lat="42.25951802455099" lon="-84.46296866059718">
                <ele>306.82489013671847</ele>
                <time>2026-05-28T20:44:03.999460220Z</time>
            </trkpt>
            <trkpt lat="42.259517898822445" lon="-84.46296933114944">
                <ele>306.79357910156216</ele>
                <time>2026-05-28T20:44:04.999449253Z</time>
            </trkpt>
            <trkpt lat="42.25951781500341" lon="-84.46296907969234">
                <ele>306.7870483398434</ele>
                <time>2026-05-28T20:44:05.999439239Z</time>
            </trkpt>
            <trkpt lat="42.25951781500341" lon="-84.46296891205428">
                <ele>306.7860717773434</ele>
                <time>2026-05-28T20:44:06.999427556Z</time>
            </trkpt>
            <trkpt lat="42.25951773118438" lon="-84.46296891205428">
                <ele>306.7870483398434</ele>
                <time>2026-05-28T20:44:07.999417304Z</time>
            </trkpt>
            <trkpt lat="42.25951764736535" lon="-84.46296907969234">
                <ele>306.77465820312466</ele>
                <time>2026-05-28T20:44:08.999407291Z</time>
            </trkpt>
            <trkpt lat="42.25951756354632" lon="-84.46296907969234">
                <ele>306.77648925781216</ele>
                <time>2026-05-28T20:44:09.999396085Z</time>
            </trkpt>
            <trkpt lat="42.259517479727286" lon="-84.46296907969234">
                <ele>306.77838134765597</ele>
                <time>2026-05-28T20:44:10.999386310Z</time>
            </trkpt>
            <trkpt lat="42.25951731208922" lon="-84.46296958260653">
                <ele>306.7346801757809</ele>
                <time>2026-05-28T20:44:11.999375581Z</time>
            </trkpt>
            <trkpt lat="42.25951727017971" lon="-84.46296958260653">
                <ele>306.73126220703097</ele>
                <time>2026-05-28T20:44:12.999364137Z</time>
            </trkpt>
            <trkpt lat="42.25951722827019" lon="-84.46296958260653">
                <ele>306.72979736328097</ele>
                <time>2026-05-28T20:44:13.999354839Z</time>
            </trkpt>
            <trkpt lat="42.259517186360675" lon="-84.46296958260653">
                <ele>306.73004150390597</ele>
                <time>2026-05-28T20:44:14.999343872Z</time>
            </trkpt>
            <trkpt lat="42.25951710254164" lon="-84.46296958260653">
                <ele>306.7313842773434</ele>
                <time>2026-05-28T20:44:15.999333381Z</time>
            </trkpt>
            <trkpt lat="42.25951701872261" lon="-84.46296958260653">
                <ele>306.73309326171847</ele>
                <time>2026-05-28T20:44:16.999322414Z</time>
            </trkpt>
            <trkpt lat="42.259516976813096" lon="-84.46296958260653">
                <ele>306.7362060546872</ele>
                <time>2026-05-28T20:44:17.999311923Z</time>
            </trkpt>
            <trkpt lat="42.259516892994064" lon="-84.46296958260653">
                <ele>306.7395629882809</ele>
                <time>2026-05-28T20:44:18.999301910Z</time>
            </trkpt>
            <trkpt lat="42.25951680917503" lon="-84.46296958260653">
                <ele>306.7426147460934</ele>
                <time>2026-05-28T20:44:19.999290943Z</time>
            </trkpt>
            <trkpt lat="42.259516725356" lon="-84.4629694987875">
                <ele>306.7443847656247</ele>
                <time>2026-05-28T20:44:20.999281167Z</time>
            </trkpt>
            <trkpt lat="42.259516683446485" lon="-84.4629694987875">
                <ele>306.7415771484372</ele>
                <time>2026-05-28T20:44:21.999270915Z</time>
            </trkpt>
            <trkpt lat="42.25951664153697" lon="-84.4629694987875">
                <ele>306.7385864257809</ele>
                <time>2026-05-28T20:44:22.999259710Z</time>
            </trkpt>
            <trkpt lat="42.25951659962745" lon="-84.4629694987875">
                <ele>306.73577880859347</ele>
                <time>2026-05-28T20:44:23.999249935Z</time>
            </trkpt>
            <trkpt lat="42.25951655771794" lon="-84.4629694987875">
                <ele>306.72991943359347</ele>
                <time>2026-05-28T20:44:24.999238967Z</time>
            </trkpt>
            <trkpt lat="42.259516473898906" lon="-84.46296941496847">
                <ele>306.72613525390597</ele>
                <time>2026-05-28T20:44:25.999228715Z</time>
            </trkpt>
            <trkpt lat="42.259516390079874" lon="-84.46296941496847">
                <ele>306.7236328124997</ele>
                <time>2026-05-28T20:44:26.999218940Z</time>
            </trkpt>
            <trkpt lat="42.259510606566685" lon="-84.46296405055044">
                <ele>306.8828735351559</ele>
                <time>2026-05-28T20:44:27.999208450Z</time>
            </trkpt>
            <trkpt lat="42.259505158329624" lon="-84.46296220653174">
                <ele>306.3605957031247</ele>
                <time>2026-05-28T20:44:28.999197721Z</time>
            </trkpt>
            <trkpt lat="42.25950025491627" lon="-84.46295608774243">
                <ele>306.2772827148434</ele>
                <time>2026-05-28T20:44:29.999186515Z</time>
            </trkpt>
            <trkpt lat="42.25949359130325" lon="-84.46294636473475">
                <ele>305.95611572265597</ele>
                <time>2026-05-28T20:44:30.999176025Z</time>
            </trkpt>
            <trkpt lat="42.259486131409425" lon="-84.4629353844416">
                <ele>305.74261474609347</ele>
                <time>2026-05-28T20:44:31.999166250Z</time>
            </trkpt>
            <trkpt lat="42.25947779141577" lon="-84.46292331450103">
                <ele>305.53799438476534</ele>
                <time>2026-05-28T20:44:32.999155521Z</time>
            </trkpt>
            <trkpt lat="42.2594683617747" lon="-84.46290906526563">
                <ele>305.79397583007784</ele>
                <time>2026-05-28T20:44:33.999145507Z</time>
            </trkpt>
            <trkpt lat="42.25945792630525" lon="-84.46289288819251">
                <ele>305.8620910644528</ele>
                <time>2026-05-28T20:44:34.999134302Z</time>
            </trkpt>
            <trkpt lat="42.25944631736936" lon="-84.46287453182457">
                <ele>306.05032348632784</ele>
                <time>2026-05-28T20:44:35.999124526Z</time>
            </trkpt>
            <trkpt lat="42.259433912152666" lon="-84.46285416379986">
                <ele>306.2895812988278</ele>
                <time>2026-05-28T20:44:36.999114036Z</time>
            </trkpt>
            <trkpt lat="42.25942041728856" lon="-84.46283195175646">
                <ele>306.51065063476534</ele>
                <time>2026-05-28T20:44:37.999104022Z</time>
            </trkpt>
            <trkpt lat="42.25940562322946" lon="-84.46280714132307">
                <ele>306.62304687499966</ele>
                <time>2026-05-28T20:44:38.999092578Z</time>
            </trkpt>
            <trkpt lat="42.25938936233731" lon="-84.46278040305195">
                <ele>306.8831176757809</ele>
                <time>2026-05-28T20:44:39.999083042Z</time>
            </trkpt>
            <trkpt lat="42.25937176034065" lon="-84.46275215603826">
                <ele>307.04260253906216</ele>
                <time>2026-05-28T20:44:40.999072074Z</time>
            </trkpt>
            <trkpt lat="42.259352272415775" lon="-84.46272206500588">
                <ele>307.23461914062466</ele>
                <time>2026-05-28T20:44:41.999062061Z</time>
            </trkpt>
            <trkpt lat="42.25933110811027" lon="-84.46268996231673">
                <ele>307.2738037109372</ele>
                <time>2026-05-28T20:44:42.999052047Z</time>
            </trkpt>
            <trkpt lat="42.25930843506219" lon="-84.46265660234211">
                <ele>307.4165344238278</ele>
                <time>2026-05-28T20:44:43.999041795Z</time>
            </trkpt>
            <trkpt lat="42.25928463045718" lon="-84.46262215272007">
                <ele>307.4601745605466</ele>
                <time>2026-05-28T20:44:44.999031066Z</time>
            </trkpt>
            <trkpt lat="42.2592593171096" lon="-84.4625865296316">
                <ele>307.46072387695284</ele>
                <time>2026-05-28T20:44:45.999020576Z</time>
            </trkpt>
            <trkpt lat="42.259232285471874" lon="-84.46254964925764">
                <ele>307.57244873046847</ele>
                <time>2026-05-28T20:44:46.999010086Z</time>
            </trkpt>
            <trkpt lat="42.259204248005766" lon="-84.46251184687434">
                <ele>307.61102294921847</ele>
                <time>2026-05-28T20:44:47.998999595Z</time>
            </trkpt>
            <trkpt lat="42.259175623806435" lon="-84.46247270338652">
                <ele>307.70355224609347</ele>
                <time>2026-05-28T20:44:48.998990058Z</time>
            </trkpt>
            <trkpt lat="42.25914662242146" lon="-84.46243205115614">
                <ele>307.4936828613278</ele>
                <time>2026-05-28T20:44:49.998979091Z</time>
            </trkpt>
            <trkpt lat="42.25911720194133" lon="-84.4623896387261">
                <ele>307.6235656738278</ele>
                <time>2026-05-28T20:44:50.998968601Z</time>
            </trkpt>
            <trkpt lat="42.25908836819442" lon="-84.46234295152543">
                <ele>307.94647216796847</ele>
                <time>2026-05-28T20:44:51.998958110Z</time>
            </trkpt>
            <trkpt lat="42.259055846410114" lon="-84.46229844361959">
                <ele>308.2651367187497</ele>
                <time>2026-05-28T20:44:52.998947620Z</time>
            </trkpt>
            <trkpt lat="42.25902420472564" lon="-84.46225217551408">
                <ele>308.2772216796872</ele>
                <time>2026-05-28T20:44:53.998937368Z</time>
            </trkpt>
            <trkpt lat="42.2589910542986" lon="-84.46220590740857">
                <ele>308.57699584960903</ele>
                <time>2026-05-28T20:44:54.998927116Z</time>
            </trkpt>
            <trkpt lat="42.25895631130995" lon="-84.4621615671408">
                <ele>308.92831420898403</ele>
                <time>2026-05-28T20:44:55.998916625Z</time>
            </trkpt>
            <trkpt lat="42.25892140068324" lon="-84.4621129521024">
                <ele>309.07354736328097</ele>
                <time>2026-05-28T20:44:56.998906850Z</time>
            </trkpt>
            <trkpt lat="42.25888548422815" lon="-84.4620661810827">
                <ele>309.5390014648434</ele>
                <time>2026-05-28T20:44:57.998896121Z</time>
            </trkpt>
            <trkpt lat="42.258850154506284" lon="-84.46201614112077">
                <ele>309.8079223632809</ele>
                <time>2026-05-28T20:44:58.998886108Z</time>
            </trkpt>
            <trkpt lat="42.25881268739911" lon="-84.46196568206368">
                <ele>310.0716857910153</ele>
                <time>2026-05-28T20:44:59.998875141Z</time>
            </trkpt>
            <trkpt lat="42.25877534602048" lon="-84.46191337898789">
                <ele>310.25906372070284</ele>
                <time>2026-05-28T20:45:00.998864650Z</time>
            </trkpt>
            <trkpt lat="42.25873808846088" lon="-84.46186375812111">
                <ele>310.3137207031247</ele>
                <time>2026-05-28T20:45:01.998854875Z</time>
            </trkpt>
            <trkpt lat="42.258699908891934" lon="-84.46180776700793">
                <ele>310.53900146484347</ele>
                <time>2026-05-28T20:45:02.998844146Z</time>
            </trkpt>
            <trkpt lat="42.258661855051535" lon="-84.46175202735184">
                <ele>310.5376892089841</ele>
                <time>2026-05-28T20:45:03.998833656Z</time>
            </trkpt>
            <trkpt lat="42.258625142315644" lon="-84.46170047864733">
                <ele>310.4041442871091</ele>
                <time>2026-05-28T20:45:04.998823165Z</time>
            </trkpt>
            <trkpt lat="42.25858599882783" lon="-84.46164733738122">
                <ele>310.25689697265597</ele>
                <time>2026-05-28T20:45:05.998812913Z</time>
            </trkpt>
            <trkpt lat="42.258550669105965" lon="-84.46159545340059">
                <ele>310.23394775390597</ele>
                <time>2026-05-28T20:45:06.999926805Z</time>
            </trkpt>
            <trkpt lat="42.258512321898955" lon="-84.46153904319225">
                <ele>310.3980407714841</ele>
                <time>2026-05-28T20:45:07.999936103Z</time>
            </trkpt>
            <trkpt lat="42.25847322032066" lon="-84.46148657247839">
                <ele>310.32839965820284</ele>
                <time>2026-05-28T20:45:08.999930143Z</time>
            </trkpt>
            <trkpt lat="42.2584339511043" lon="-84.46144357331512">
                <ele>310.55297851562466</ele>
                <time>2026-05-28T20:45:09.999938488Z</time>
            </trkpt>
            <trkpt lat="42.258390616664904" lon="-84.46140275344668">
                <ele>310.69018554687466</ele>
                <time>2026-05-28T20:45:10.999947309Z</time>
            </trkpt>
            <trkpt lat="42.25834744986357" lon="-84.46136637598691">
                <ele>310.58572387695284</ele>
                <time>2026-05-28T20:45:11.999940395Z</time>
            </trkpt>
            <trkpt lat="42.25830072075339" lon="-84.46133770987807">
                <ele>310.7096862792966</ele>
                <time>2026-05-28T20:45:12.999947547Z</time>
            </trkpt>
            <trkpt lat="42.258250680791456" lon="-84.46131398909209">
                <ele>310.60021972656216</ele>
                <time>2026-05-28T20:45:13.999953269Z</time>
            </trkpt>
            <trkpt lat="42.258202526757735" lon="-84.4613045175415">
                <ele>310.28701782226534</ele>
                <time>2026-05-28T20:45:14.999945402Z</time>
            </trkpt>
            <trkpt lat="42.258153953628856" lon="-84.46129454307673">
                <ele>309.88769531249966</ele>
                <time>2026-05-28T20:45:15.999953031Z</time>
            </trkpt>
            <trkpt lat="42.2581041232145" lon="-84.46128859192548">
                <ele>309.66204833984347</ele>
                <time>2026-05-28T20:45:16.999958276Z</time>
            </trkpt>
            <trkpt lat="42.25805433470966" lon="-84.46128716700194">
                <ele>309.6036071777341</ele>
                <time>2026-05-28T20:45:17.999949455Z</time>
            </trkpt>
            <trkpt lat="42.25800437856676" lon="-84.46128808901129">
                <ele>309.32550048828097</ele>
                <time>2026-05-28T20:45:18.999956607Z</time>
            </trkpt>
            <trkpt lat="42.25795412905725" lon="-84.46128901102064">
                <ele>309.17108154296847</ele>
                <time>2026-05-28T20:45:19.999963045Z</time>
            </trkpt>
            <trkpt lat="42.25790362809064" lon="-84.46128741845904">
                <ele>309.04373168945284</ele>
                <time>2026-05-28T20:45:20.999954700Z</time>
            </trkpt>
            <trkpt lat="42.25785031918647" lon="-84.46128616117356">
                <ele>308.7504272460934</ele>
                <time>2026-05-28T20:45:21.999946594Z</time>
            </trkpt>
            <trkpt lat="42.25779927339615" lon="-84.46128331132648">
                <ele>308.5239257812497</ele>
                <time>2026-05-28T20:45:22.999938249Z</time>
            </trkpt>
            <trkpt lat="42.25774776660116" lon="-84.46128062911747">
                <ele>308.34353637695284</ele>
                <time>2026-05-28T20:45:23.999930381Z</time>
            </trkpt>
            <trkpt lat="42.257697475182134" lon="-84.4612804614794">
                <ele>308.16912841796847</ele>
                <time>2026-05-28T20:45:24.999921798Z</time>
            </trkpt>
            <trkpt lat="42.2576490277818" lon="-84.46128238931713">
                <ele>308.1041564941403</ele>
                <time>2026-05-28T20:45:25.999912738Z</time>
            </trkpt>
            <trkpt lat="42.25760070611002" lon="-84.46128272459326">
                <ele>307.9383239746091</ele>
                <time>2026-05-28T20:45:26.999905109Z</time>
            </trkpt>
            <trkpt lat="42.257551462428886" lon="-84.46128632881162">
                <ele>307.78381347656216</ele>
                <time>2026-05-28T20:45:27.999896049Z</time>
            </trkpt>
            <trkpt lat="42.257503517942745" lon="-84.46128565825937">
                <ele>307.8064880371091</ele>
                <time>2026-05-28T20:45:28.999887466Z</time>
            </trkpt>
            <trkpt lat="42.257456160189825" lon="-84.46128691554485">
                <ele>307.6532897949216</ele>
                <time>2026-05-28T20:45:29.999878406Z</time>
            </trkpt>
            <trkpt lat="42.257407000327724" lon="-84.46128431715486">
                <ele>307.57244873046847</ele>
                <time>2026-05-28T20:45:30.999869346Z</time>
            </trkpt>
            <trkpt lat="42.257359935941416" lon="-84.4612838980597">
                <ele>307.53469848632784</ele>
                <time>2026-05-28T20:45:31.999860286Z</time>
            </trkpt>
            <trkpt lat="42.25731345828833" lon="-84.46128423333583">
                <ele>307.5967102050778</ele>
                <time>2026-05-28T20:45:32.999850749Z</time>
            </trkpt>
            <trkpt lat="42.2572676511875" lon="-84.46128507152615">
                <ele>307.6676025390622</ele>
                <time>2026-05-28T20:45:33.999841928Z</time>
            </trkpt>
            <trkpt lat="42.2572219279057" lon="-84.4612857420784">
                <ele>307.7421569824216</ele>
                <time>2026-05-28T20:45:34.999832391Z</time>
            </trkpt>
            <trkpt lat="42.25717628844293" lon="-84.4612844009739">
                <ele>307.5296325683591</ele>
                <time>2026-05-28T20:45:35.999823570Z</time>
            </trkpt>
            <trkpt lat="42.25713010415645" lon="-84.46128104821263">
                <ele>307.5567626953122</ele>
                <time>2026-05-28T20:45:36.999813556Z</time>
            </trkpt>
            <trkpt lat="42.25708190821321" lon="-84.46128213786004">
                <ele>307.5124816894528</ele>
                <time>2026-05-28T20:45:37.999804496Z</time>
            </trkpt>
            <trkpt lat="42.25703316744627" lon="-84.46128364660261">
                <ele>307.4778137207028</ele>
                <time>2026-05-28T20:45:38.999794006Z</time>
            </trkpt>
            <trkpt lat="42.256989372002195" lon="-84.46128456861196">
                <ele>307.7529296874997</ele>
                <time>2026-05-28T20:45:39.999785661Z</time>
            </trkpt>
            <trkpt lat="42.256941930430244" lon="-84.46128482006905">
                <ele>307.9590759277341</ele>
                <time>2026-05-28T20:45:40.999775886Z</time>
            </trkpt>
            <trkpt lat="42.256894279310714" lon="-84.46128498770712">
                <ele>308.01467895507784</ele>
                <time>2026-05-28T20:45:41.999766588Z</time>
            </trkpt>
            <trkpt lat="42.25684474226297" lon="-84.46128280841229">
                <ele>308.2819824218747</ele>
                <time>2026-05-28T20:45:42.999755859Z</time>
            </trkpt>
            <trkpt lat="42.25679507948668" lon="-84.46128280841229">
                <ele>308.3695983886716</ele>
                <time>2026-05-28T20:45:43.999746084Z</time>
            </trkpt>
            <trkpt lat="42.25674608726264" lon="-84.46128347896455">
                <ele>308.31539916992153</ele>
                <time>2026-05-28T20:45:44.999736309Z</time>
            </trkpt>
            <trkpt lat="42.256698394233595" lon="-84.46128238931713">
                <ele>308.06903076171847</ele>
                <time>2026-05-28T20:45:45.999727249Z</time>
            </trkpt>
            <trkpt lat="42.25664822854311" lon="-84.46128264077423">
                <ele>308.3069763183591</ele>
                <time>2026-05-28T20:45:46.999716758Z</time>
            </trkpt>
            <trkpt lat="42.25660024214746" lon="-84.46128297605036">
                <ele>308.34002685546847</ele>
                <time>2026-05-28T20:45:47.999707221Z</time>
            </trkpt>
            <trkpt lat="42.256550998466324" lon="-84.46128448479293">
                <ele>308.06683349609347</ele>
                <time>2026-05-28T20:45:48.999697685Z</time>
            </trkpt>
            <trkpt lat="42.25650397598953" lon="-84.46128733464">
                <ele>308.2577819824216</ele>
                <time>2026-05-28T20:45:49.999687194Z</time>
            </trkpt>
            <trkpt lat="42.25645519331307" lon="-84.46128892720161">
                <ele>308.2574462890622</ele>
                <time>2026-05-28T20:45:50.999677181Z</time>
            </trkpt>
            <trkpt lat="42.25640804510773" lon="-84.46129211232481">
                <ele>308.3891601562497</ele>
                <time>2026-05-28T20:45:51.999666929Z</time>
            </trkpt>
            <trkpt lat="42.25636060353578" lon="-84.46129353724835">
                <ele>308.13742065429653</ele>
                <time>2026-05-28T20:45:52.999657154Z</time>
            </trkpt>
            <trkpt lat="42.256309390107404" lon="-84.46129378870545">
                <ele>307.94134521484347</ele>
                <time>2026-05-28T20:45:53.999647140Z</time>
            </trkpt>
            <trkpt lat="42.256259308235954" lon="-84.4612912741345">
                <ele>308.45996093749966</ele>
                <time>2026-05-28T20:45:54.999637603Z</time>
            </trkpt>
            <trkpt lat="42.25620775953145" lon="-84.46129362106738">
                <ele>308.52664184570284</ele>
                <time>2026-05-28T20:45:55.999627113Z</time>
            </trkpt>
            <trkpt lat="42.256156713741134" lon="-84.46129303433416">
                <ele>308.58746337890597</ele>
                <time>2026-05-28T20:45:56.999616622Z</time>
            </trkpt>
            <trkpt lat="42.25610881116451" lon="-84.46129211232481">
                <ele>308.51440429687466</ele>
                <time>2026-05-28T20:45:57.999607086Z</time>
            </trkpt>
            <trkpt lat="42.25606044758321" lon="-84.46129085503934">
                <ele>308.49099731445284</ele>
                <time>2026-05-28T20:45:58.999597311Z</time>
            </trkpt>
            <trkpt lat="42.256016274953495" lon="-84.46128741845904">
                <ele>308.57635498046847</ele>
                <time>2026-05-28T20:45:59.999587297Z</time>
            </trkpt>
            <trkpt lat="42.25597352724732" lon="-84.4612841495168">
                <ele>308.81683349609347</ele>
                <time>2026-05-28T20:46:00.999576091Z</time>
            </trkpt>
            <trkpt lat="42.255928264970194" lon="-84.46127660580395">
                <ele>308.58865356445284</ele>
                <time>2026-05-28T20:46:01.999566078Z</time>
            </trkpt>
            <trkpt lat="42.255886565001916" lon="-84.4612685591769">
                <ele>308.54016113281216</ele>
                <time>2026-05-28T20:46:02.999556541Z</time>
            </trkpt>
            <trkpt lat="42.255843062924455" lon="-84.46126319475887">
                <ele>308.6947021484372</ele>
                <time>2026-05-28T20:46:03.999546527Z</time>
            </trkpt>
            <trkpt lat="42.2557966690904" lon="-84.46125682451246">
                <ele>308.73519897460903</ele>
                <time>2026-05-28T20:46:04.999536514Z</time>
            </trkpt>
            <trkpt lat="42.25575366992713" lon="-84.4612532202941">
                <ele>308.8363952636716</ele>
                <time>2026-05-28T20:46:05.999526262Z</time>
            </trkpt>
            <trkpt lat="42.25570853337855" lon="-84.46124743678091">
                <ele>308.8473510742184</ele>
                <time>2026-05-28T20:46:06.999515533Z</time>
            </trkpt>
            <trkpt lat="42.255662181454014" lon="-84.46124198854385">
                <ele>308.74880981445284</ele>
                <time>2026-05-28T20:46:07.999505519Z</time>
            </trkpt>
            <trkpt lat="42.255616332443665" lon="-84.46123964161096">
                <ele>308.68057250976534</ele>
                <time>2026-05-28T20:46:08.999495029Z</time>
            </trkpt>
            <trkpt lat="42.255569100419294" lon="-84.46124182090578">
                <ele>309.2264404296872</ele>
                <time>2026-05-28T20:46:09.999484062Z</time>
            </trkpt>
            <trkpt lat="42.255519605281066" lon="-84.46123779759226">
                <ele>309.61972045898403</ele>
                <time>2026-05-28T20:46:10.999475002Z</time>
            </trkpt>
            <trkpt lat="42.25547472018958" lon="-84.4612286613178">
                <ele>309.27658081054653</ele>
                <time>2026-05-28T20:46:11.999464750Z</time>
            </trkpt>
            <trkpt lat="42.255428368265044" lon="-84.46122312926171">
                <ele>309.07635498046847</ele>
                <time>2026-05-28T20:46:12.999454498Z</time>
            </trkpt>
            <trkpt lat="42.2553841118163" lon="-84.46121877067206">
                <ele>308.92630004882784</ele>
                <time>2026-05-28T20:46:13.999444007Z</time>
            </trkpt>
            <trkpt lat="42.25534081928642" lon="-84.46121097550211">
                <ele>308.8810119628903</ele>
                <time>2026-05-28T20:46:14.999433755Z</time>
            </trkpt>
            <trkpt lat="42.255298742132496" lon="-84.46120921530245">
                <ele>309.0093994140622</ele>
                <time>2026-05-28T20:46:15.999423265Z</time>
            </trkpt>
            <trkpt lat="42.25525586869777" lon="-84.46120318033216">
                <ele>308.8988037109372</ele>
                <time>2026-05-28T20:46:16.999413967Z</time>
            </trkpt>
            <trkpt lat="42.255217898676406" lon="-84.46120234214185">
                <ele>308.7546081542966</ele>
                <time>2026-05-28T20:46:17.999402523Z</time>
            </trkpt>
            <trkpt lat="42.255184832068394" lon="-84.46121139459727">
                <ele>308.8218688964841</ele>
                <time>2026-05-28T20:46:18.999393224Z</time>
            </trkpt>
            <trkpt lat="42.255162661934506" lon="-84.46123000242231">
                <ele>308.6085815429684</ele>
                <time>2026-05-28T20:46:19.999383926Z</time>
            </trkpt>
            <trkpt lat="42.25514225200028" lon="-84.4612598419976">
                <ele>308.5919799804684</ele>
                <time>2026-05-28T20:46:20.999372482Z</time>
            </trkpt>
            <trkpt lat="42.255131313616644" lon="-84.46129747674284">
                <ele>308.49420166015597</ele>
                <time>2026-05-28T20:46:21.999361991Z</time>
            </trkpt>
            <trkpt lat="42.25512548819394" lon="-84.46133838043032">
                <ele>308.51800537109347</ele>
                <time>2026-05-28T20:46:22.999352455Z</time>
            </trkpt>
            <trkpt lat="42.255123727994274" lon="-84.46137945175586">
                <ele>308.54864501953097</ele>
                <time>2026-05-28T20:46:23.999341487Z</time>
            </trkpt>
            <trkpt lat="42.255124817641686" lon="-84.46141817614851">
                <ele>308.69329833984347</ele>
                <time>2026-05-28T20:46:24.999331951Z</time>
            </trkpt>
            <trkpt lat="42.25512708075554" lon="-84.46145522416053">
                <ele>308.78527832031216</ele>
                <time>2026-05-28T20:46:25.999320983Z</time>
            </trkpt>
            <trkpt lat="42.25513076879294" lon="-84.46149202071545">
                <ele>308.71105957031216</ele>
                <time>2026-05-28T20:46:26.999310255Z</time>
            </trkpt>
            <trkpt lat="42.25513835441531" lon="-84.46152563214717">
                <ele>308.64569091796847</ele>
                <time>2026-05-28T20:46:27.999300241Z</time>
            </trkpt>
            <trkpt lat="42.25515231028409" lon="-84.46155295715151">
                <ele>308.72808837890597</ele>
                <time>2026-05-28T20:46:28.999289989Z</time>
            </trkpt>
            <trkpt lat="42.255170750471066" lon="-84.46157097824333">
                <ele>308.6386718749997</ele>
                <time>2026-05-28T20:46:29.999279975Z</time>
            </trkpt>
            <trkpt lat="42.25519233387173" lon="-84.46157835431812">
                <ele>308.67352294921847</ele>
                <time>2026-05-28T20:46:30.999269008Z</time>
            </trkpt>
            <trkpt lat="42.25521333053918" lon="-84.46157944396553">
                <ele>308.37158203124966</ele>
                <time>2026-05-28T20:46:31.999258995Z</time>
            </trkpt>
            <trkpt lat="42.255232776554536" lon="-84.4615777675849">
                <ele>308.3554382324216</ele>
                <time>2026-05-28T20:46:32.999248504Z</time>
            </trkpt>
            <trkpt lat="42.255249079356204" lon="-84.46157382809041">
                <ele>308.5256042480466</ele>
                <time>2026-05-28T20:46:33.999238491Z</time>
            </trkpt>
            <trkpt lat="42.25526144266338" lon="-84.46156762548206">
                <ele>308.75094604492153</ele>
                <time>2026-05-28T20:46:34.999227523Z</time>
            </trkpt>
            <trkpt lat="42.255270327480744" lon="-84.46155974649308">
                <ele>308.7546081542966</ele>
                <time>2026-05-28T20:46:35.999217510Z</time>
            </trkpt>
            <trkpt lat="42.25527757782699" lon="-84.46154993966637">
                <ele>308.9154052734372</ele>
                <time>2026-05-28T20:46:36.999207973Z</time>
            </trkpt>
            <trkpt lat="42.255284492897104" lon="-84.46153879173515">
                <ele>308.8563232421872</ele>
                <time>2026-05-28T20:46:37.999197721Z</time>
            </trkpt>
            <trkpt lat="42.25529061168642" lon="-84.46152538069008">
                <ele>309.0017089843747</ele>
                <time>2026-05-28T20:46:38.999186992Z</time>
            </trkpt>
            <trkpt lat="42.25529517982365" lon="-84.46150928743599">
                <ele>308.9768066406247</ele>
                <time>2026-05-28T20:46:39.999176740Z</time>
            </trkpt>
            <trkpt lat="42.255296940023314" lon="-84.4614929427248">
                <ele>309.2341308593747</ele>
                <time>2026-05-28T20:46:40.999166011Z</time>
            </trkpt>
            <trkpt lat="42.25529677238525" lon="-84.46148003459392">
                <ele>309.56414794921847</ele>
                <time>2026-05-28T20:46:41.999156475Z</time>
            </trkpt>
            <trkpt lat="42.25529643710912" lon="-84.46147106595753">
                <ele>309.7635498046872</ele>
                <time>2026-05-28T20:46:42.999145507Z</time>
            </trkpt>
            <trkpt lat="42.25529656283767" lon="-84.46146536626337">
                <ele>309.65612792968716</ele>
                <time>2026-05-28T20:46:43.999135255Z</time>
            </trkpt>
            <trkpt lat="42.25529765248508" lon="-84.46146486334918">
                <ele>309.60455322265597</ele>
                <time>2026-05-28T20:46:44.999125480Z</time>
            </trkpt>
            <trkpt lat="42.25529811348976" lon="-84.4614651986253">
                <ele>309.33361816406216</ele>
                <time>2026-05-28T20:46:45.999114990Z</time>
            </trkpt>
            <trkpt lat="42.25529857449443" lon="-84.46146561772046">
                <ele>309.1134033203122</ele>
                <time>2026-05-28T20:46:46.999103307Z</time>
            </trkpt>
            <trkpt lat="42.255298532584916" lon="-84.46146536626337">
                <ele>309.12573242187466</ele>
                <time>2026-05-28T20:46:47.999092578Z</time>
            </trkpt>
            <trkpt lat="42.25529840685637" lon="-84.46146536626337">
                <ele>309.0836181640622</ele>
                <time>2026-05-28T20:46:48.999080181Z</time>
            </trkpt>
            <trkpt lat="42.25529857449443" lon="-84.4614651986253">
                <ele>309.0550537109372</ele>
                <time>2026-05-28T20:46:49.999068737Z</time>
            </trkpt>
            <trkpt lat="42.255298658313464" lon="-84.46146503098724">
                <ele>309.0154418945309</ele>
                <time>2026-05-28T20:46:50.999058485Z</time>
            </trkpt>
            <trkpt lat="42.25529840685637" lon="-84.46146511480627">
                <ele>308.95739746093716</ele>
                <time>2026-05-28T20:46:51.999046802Z</time>
            </trkpt>
            <trkpt lat="42.25529857449443" lon="-84.46146503098724">
                <ele>308.97351074218716</ele>
                <time>2026-05-28T20:46:52.999035358Z</time>
            </trkpt>
            <trkpt lat="42.25529861640395" lon="-84.46146494716821">
                <ele>308.92004394531216</ele>
                <time>2026-05-28T20:46:53.999024391Z</time>
            </trkpt>
            <trkpt lat="42.25529861640395" lon="-84.46146477953015">
                <ele>308.89624023437466</ele>
                <time>2026-05-28T20:46:54.999012947Z</time>
            </trkpt>
            <trkpt lat="42.255298658313464" lon="-84.46146461189208">
                <ele>308.8837890624997</ele>
                <time>2026-05-28T20:46:55.999002218Z</time>
            </trkpt>
            <trkpt lat="42.255298658313464" lon="-84.46146436043499">
                <ele>308.8669433593747</ele>
                <time>2026-05-28T20:46:56.998991489Z</time>
            </trkpt>
            <trkpt lat="42.25529870022298" lon="-84.46146410897789">
                <ele>308.8499755859372</ele>
                <time>2026-05-28T20:46:57.998979806Z</time>
            </trkpt>
            <trkpt lat="42.255298742132496" lon="-84.46146394133983">
                <ele>308.83288574218716</ele>
                <time>2026-05-28T20:46:58.998969078Z</time>
            </trkpt>
            <trkpt lat="42.25529878404201" lon="-84.46146368988273">
                <ele>308.81506347656216</ele>
                <time>2026-05-28T20:46:59.998959064Z</time>
            </trkpt>
            <trkpt lat="42.25529882595153" lon="-84.46146343842564">
                <ele>308.79644775390597</ele>
                <time>2026-05-28T20:47:00.998947381Z</time>
            </trkpt>
            <trkpt lat="42.25529886786104" lon="-84.46146318696854">
                <ele>308.7769165039059</ele>
                <time>2026-05-28T20:47:01.998936653Z</time>
            </trkpt>
            <trkpt lat="42.25529890977056" lon="-84.46146301933048">
                <ele>308.75866699218716</ele>
                <time>2026-05-28T20:47:02.998926162Z</time>
            </trkpt>
            <trkpt lat="42.25529899358959" lon="-84.46146276787339">
                <ele>308.7491455078122</ele>
                <time>2026-05-28T20:47:03.998915195Z</time>
            </trkpt>
            <trkpt lat="42.25529903549911" lon="-84.46146251641629">
                <ele>308.7402343749997</ele>
                <time>2026-05-28T20:47:04.998904228Z</time>
            </trkpt>
            <trkpt lat="42.25529903549911" lon="-84.4614622649592">
                <ele>308.73016357421847</ele>
                <time>2026-05-28T20:47:05.998893260Z</time>
            </trkpt>
            <trkpt lat="42.25529907740862" lon="-84.4614620135021">
                <ele>308.7247314453122</ele>
                <time>2026-05-28T20:47:06.998884201Z</time>
            </trkpt>
            <trkpt lat="42.25529907740862" lon="-84.461461762045">
                <ele>308.7188720703122</ele>
                <time>2026-05-28T20:47:07.998872518Z</time>
            </trkpt>
            <trkpt lat="42.25529911931814" lon="-84.46146159440694">
                <ele>308.7075805664059</ele>
                <time>2026-05-28T20:47:08.998861789Z</time>
            </trkpt>
            <trkpt lat="42.25529911931814" lon="-84.46146142676888">
                <ele>308.6947021484372</ele>
                <time>2026-05-28T20:47:09.998850822Z</time>
            </trkpt>
            <trkpt lat="42.255299161227654" lon="-84.46146125913081">
                <ele>308.6811523437497</ele>
                <time>2026-05-28T20:47:10.998840332Z</time>
            </trkpt>
            <trkpt lat="42.255299161227654" lon="-84.46146109149275">
                <ele>308.66955566406216</ele>
                <time>2026-05-28T20:47:11.998830080Z</time>
            </trkpt>
            <trkpt lat="42.25529920313717" lon="-84.46146100767372">
                <ele>308.6579589843747</ele>
                <time>2026-05-28T20:47:12.999799728Z</time>
            </trkpt>
            <trkpt lat="42.25529920313717" lon="-84.46146092385469">
                <ele>308.64672851562466</ele>
                <time>2026-05-28T20:47:13.999805450Z</time>
            </trkpt>
            <trkpt lat="42.25529920313717" lon="-84.46146075621662">
                <ele>308.63500976562466</ele>
                <time>2026-05-28T20:47:14.999797344Z</time>
            </trkpt>
            <trkpt lat="42.255299161227654" lon="-84.46146067239759">
                <ele>308.62701416015597</ele>
                <time>2026-05-28T20:47:15.999804973Z</time>
            </trkpt>
            <trkpt lat="42.255299161227654" lon="-84.46146058857856">
                <ele>308.6198730468747</ele>
                <time>2026-05-28T20:47:16.999808788Z</time>
            </trkpt>
            <trkpt lat="42.25529911931814" lon="-84.46146050475953">
                <ele>308.61621093749966</ele>
                <time>2026-05-28T20:47:17.999803781Z</time>
            </trkpt>
            <trkpt lat="42.25529907740862" lon="-84.4614604209405">
                <ele>308.61505126953097</ele>
                <time>2026-05-28T20:47:18.999811649Z</time>
            </trkpt>
            <trkpt lat="42.25529907740862" lon="-84.46146033712147">
                <ele>308.61834716796847</ele>
                <time>2026-05-28T20:47:19.999819755Z</time>
            </trkpt>
            <trkpt lat="42.25529903549911" lon="-84.46146025330243">
                <ele>308.62011718749966</ele>
                <time>2026-05-28T20:47:20.999815225Z</time>
            </trkpt>
            <trkpt lat="42.25529899358959" lon="-84.4614601694834">
                <ele>308.62097167968716</ele>
                <time>2026-05-28T20:47:21.999825Z</time>
            </trkpt>
            <trkpt lat="42.25529899358959" lon="-84.46146008566437">
                <ele>308.62030029296847</ele>
                <time>2026-05-28T20:47:22.999830722Z</time>
            </trkpt>
            <trkpt lat="42.255298951680075" lon="-84.46146000184534">
                <ele>308.61901855468716</ele>
                <time>2026-05-28T20:47:23.999826431Z</time>
            </trkpt>
            <trkpt lat="42.25529890977056" lon="-84.4614599180263">
                <ele>308.6179199218747</ele>
                <time>2026-05-28T20:47:24.999836921Z</time>
            </trkpt>
            <trkpt lat="42.25529882595153" lon="-84.46145983420728">
                <ele>308.61627197265597</ele>
                <time>2026-05-28T20:47:25.999843120Z</time>
            </trkpt>
            <trkpt lat="42.25529878404201" lon="-84.46145975038824">
                <ele>308.61523437499966</ele>
                <time>2026-05-28T20:47:26.999838829Z</time>
            </trkpt>
            <trkpt lat="42.255298742132496" lon="-84.46145975038824">
                <ele>308.6158447265622</ele>
                <time>2026-05-28T20:47:27.999833106Z</time>
            </trkpt>
            <trkpt lat="42.255298742132496" lon="-84.46145966656921">
                <ele>308.61633300781216</ele>
                <time>2026-05-28T20:47:28.999826908Z</time>
            </trkpt>
            <trkpt lat="42.25529870022298" lon="-84.46145958275018">
                <ele>308.6218261718747</ele>
                <time>2026-05-28T20:47:29.999821186Z</time>
            </trkpt>
            <trkpt lat="42.255298658313464" lon="-84.46145949893115">
                <ele>308.6198730468747</ele>
                <time>2026-05-28T20:47:30.999814033Z</time>
            </trkpt>
            <trkpt lat="42.25529861640395" lon="-84.46145949893115">
                <ele>308.6194458007809</ele>
                <time>2026-05-28T20:47:31.999807834Z</time>
            </trkpt>
            <trkpt lat="42.255298532584916" lon="-84.46145941511212">
                <ele>308.61621093749966</ele>
                <time>2026-05-28T20:47:32.999801635Z</time>
            </trkpt>
            <trkpt lat="42.2552984906754" lon="-84.46145933129309">
                <ele>308.6125488281247</ele>
                <time>2026-05-28T20:47:33.999794483Z</time>
            </trkpt>
            <trkpt lat="42.255298448765885" lon="-84.46145924747405">
                <ele>308.61511230468716</ele>
                <time>2026-05-28T20:47:34.999786376Z</time>
            </trkpt>
            <trkpt lat="42.25529836494685" lon="-84.46145924747405">
                <ele>308.6166992187497</ele>
                <time>2026-05-28T20:47:35.999779939Z</time>
            </trkpt>
            <trkpt lat="42.25529832303734" lon="-84.46145916365502">
                <ele>308.6124267578122</ele>
                <time>2026-05-28T20:47:36.999772071Z</time>
            </trkpt>
            <trkpt lat="42.255298239218305" lon="-84.46145916365502">
                <ele>308.6107788085934</ele>
                <time>2026-05-28T20:47:37.999764442Z</time>
            </trkpt>
            <trkpt lat="42.25529819730879" lon="-84.46145907983599">
                <ele>308.60827636718716</ele>
                <time>2026-05-28T20:47:38.999757051Z</time>
            </trkpt>
            <trkpt lat="42.255298155399274" lon="-84.46145899601696">
                <ele>308.6046142578122</ele>
                <time>2026-05-28T20:47:39.999748706Z</time>
            </trkpt>
            <trkpt lat="42.25529807158024" lon="-84.46145899601696">
                <ele>308.6037597656247</ele>
                <time>2026-05-28T20:47:40.999741077Z</time>
            </trkpt>
            <trkpt lat="42.255298029670726" lon="-84.46145891219793">
                <ele>308.60015869140597</ele>
                <time>2026-05-28T20:47:41.999732494Z</time>
            </trkpt>
            <trkpt lat="42.25529798776121" lon="-84.46145891219793">
                <ele>308.59655761718716</ele>
                <time>2026-05-28T20:47:42.999724388Z</time>
            </trkpt>
            <trkpt lat="42.255297945851694" lon="-84.46145891219793">
                <ele>308.5930175781247</ele>
                <time>2026-05-28T20:47:43.999715328Z</time>
            </trkpt>
            <trkpt lat="42.25529786203266" lon="-84.4614588283789">
                <ele>308.5892333984372</ele>
                <time>2026-05-28T20:47:44.999707698Z</time>
            </trkpt>
            <trkpt lat="42.25529782012315" lon="-84.4614588283789">
                <ele>308.5851440429684</ele>
                <time>2026-05-28T20:47:45.999699592Z</time>
            </trkpt>
            <trkpt lat="42.25529777821363" lon="-84.46145874455986">
                <ele>308.58154296874966</ele>
                <time>2026-05-28T20:47:46.999690532Z</time>
            </trkpt>
            <trkpt lat="42.255297736304115" lon="-84.46145874455986">
                <ele>308.57940673828097</ele>
                <time>2026-05-28T20:47:47.999682426Z</time>
            </trkpt>
            <trkpt lat="42.2552976943946" lon="-84.46145874455986">
                <ele>308.5780029296872</ele>
                <time>2026-05-28T20:47:48.999672889Z</time>
            </trkpt>
            <trkpt lat="42.2552976943946" lon="-84.46145874455986">
                <ele>308.57580566406216</ele>
                <time>2026-05-28T20:47:49.999664783Z</time>
            </trkpt>
            <trkpt lat="42.25529765248508" lon="-84.46145874455986">
                <ele>308.5762939453122</ele>
                <time>2026-05-28T20:47:50.999655246Z</time>
            </trkpt>
            <trkpt lat="42.25529761057557" lon="-84.46145874455986">
                <ele>308.57446289062466</ele>
                <time>2026-05-28T20:47:51.999646425Z</time>
            </trkpt>
            <trkpt lat="42.25529756866605" lon="-84.46145866074083">
                <ele>308.5732421874997</ele>
                <time>2026-05-28T20:47:52.999637126Z</time>
            </trkpt>
            <trkpt lat="42.255297526756536" lon="-84.46145866074083">
                <ele>308.5733642578122</ele>
                <time>2026-05-28T20:47:53.999628543Z</time>
            </trkpt>
            <trkpt lat="42.25529748484702" lon="-84.46145866074083">
                <ele>308.5723876953122</ele>
                <time>2026-05-28T20:47:54.999619722Z</time>
            </trkpt>
            <trkpt lat="42.255297442937504" lon="-84.46145866074083">
                <ele>308.5710449218747</ele>
                <time>2026-05-28T20:47:55.999610424Z</time>
            </trkpt>
            <trkpt lat="42.255297442937504" lon="-84.46145866074083">
                <ele>308.57080078124966</ele>
                <time>2026-05-28T20:47:56.999601840Z</time>
            </trkpt>
            <trkpt lat="42.25529740102799" lon="-84.46145866074083">
                <ele>308.56658935546847</ele>
                <time>2026-05-28T20:47:57.999591827Z</time>
            </trkpt>
            <trkpt lat="42.25529740102799" lon="-84.46145866074083">
                <ele>308.5649414062497</ele>
                <time>2026-05-28T20:47:58.999582767Z</time>
            </trkpt>
            <trkpt lat="42.25529735911847" lon="-84.46145866074083">
                <ele>308.5632324218747</ele>
                <time>2026-05-28T20:47:59.999573230Z</time>
            </trkpt>
            <trkpt lat="42.25529731720896" lon="-84.46145866074083">
                <ele>308.57067871093716</ele>
                <time>2026-05-28T20:48:00.999564170Z</time>
            </trkpt>
            <trkpt lat="42.25529731720896" lon="-84.46145866074083">
                <ele>308.56951904296847</ele>
                <time>2026-05-28T20:48:01.999555110Z</time>
            </trkpt>
            <trkpt lat="42.25529727529944" lon="-84.46145866074083">
                <ele>308.56860351562466</ele>
                <time>2026-05-28T20:48:02.999544858Z</time>
            </trkpt>
            <trkpt lat="42.25529727529944" lon="-84.46145866074083">
                <ele>308.56549072265597</ele>
                <time>2026-05-28T20:48:03.999536275Z</time>
            </trkpt>
            <trkpt lat="42.255297233389925" lon="-84.4614585769218">
                <ele>308.56372070312466</ele>
                <time>2026-05-28T20:48:04.999526500Z</time>
            </trkpt>
            <trkpt lat="42.25529719148041" lon="-84.4614585769218">
                <ele>308.56170654296847</ele>
                <time>2026-05-28T20:48:05.999516963Z</time>
            </trkpt>
            <trkpt lat="42.25529719148041" lon="-84.4614585769218">
                <ele>308.55859374999966</ele>
                <time>2026-05-28T20:48:06.999508380Z</time>
            </trkpt>
            <trkpt lat="42.25529714957089" lon="-84.4614585769218">
                <ele>308.55657958984347</ele>
                <time>2026-05-28T20:48:07.999498367Z</time>
            </trkpt>
            <trkpt lat="42.25529710766138" lon="-84.4614585769218">
                <ele>308.55383300781216</ele>
                <time>2026-05-28T20:48:08.999488830Z</time>
            </trkpt>
            <trkpt lat="42.25529706575186" lon="-84.4614585769218">
                <ele>308.5533447265622</ele>
                <time>2026-05-28T20:48:09.999479055Z</time>
            </trkpt>
            <trkpt lat="42.255297023842346" lon="-84.46145849310277">
                <ele>308.5515136718747</ele>
                <time>2026-05-28T20:48:10.999469280Z</time>
            </trkpt>
            <trkpt lat="42.255296940023314" lon="-84.46145849310277">
                <ele>308.5516357421872</ele>
                <time>2026-05-28T20:48:11.999459743Z</time>
            </trkpt>
            <trkpt lat="42.2552968981138" lon="-84.46145849310277">
                <ele>308.5512695312497</ele>
                <time>2026-05-28T20:48:12.999449729Z</time>
            </trkpt>
            <trkpt lat="42.25529685620428" lon="-84.46145849310277">
                <ele>308.5491943359372</ele>
                <time>2026-05-28T20:48:13.999441146Z</time>
            </trkpt>
            <trkpt lat="42.255296814294766" lon="-84.46145849310277">
                <ele>308.5455322265622</ele>
                <time>2026-05-28T20:48:14.999431371Z</time>
            </trkpt>
            <trkpt lat="42.25529677238525" lon="-84.46145849310277">
                <ele>308.5427246093747</ele>
                <time>2026-05-28T20:48:15.999421596Z</time>
            </trkpt>
            <trkpt lat="42.255296730475735" lon="-84.46145849310277">
                <ele>308.54113769531216</ele>
                <time>2026-05-28T20:48:16.999412059Z</time>
            </trkpt>
            <trkpt lat="42.25529668856622" lon="-84.46145840928374">
                <ele>308.54473876953097</ele>
                <time>2026-05-28T20:48:17.999402523Z</time>
            </trkpt>
            <trkpt lat="42.2552966466567" lon="-84.46145840928374">
                <ele>308.55175781249966</ele>
                <time>2026-05-28T20:48:18.999392509Z</time>
            </trkpt>
            <trkpt lat="42.255297736304115" lon="-84.46145790636955">
                <ele>308.6015624999997</ele>
                <time>2026-05-28T20:48:19.999382972Z</time>
            </trkpt>
            <trkpt lat="42.25529677238525" lon="-84.46145606235085">
                <ele>308.4117431640622</ele>
                <time>2026-05-28T20:48:20.999373912Z</time>
            </trkpt>
            <trkpt lat="42.25529635329009" lon="-84.46145505652247">
                <ele>308.35504150390597</ele>
                <time>2026-05-28T20:48:21.999364376Z</time>
            </trkpt>
            <trkpt lat="42.255301089065384" lon="-84.46145103320895">
                <ele>307.9476318359372</ele>
                <time>2026-05-28T20:48:22.999354839Z</time>
            </trkpt>
            <trkpt lat="42.25530427418859" lon="-84.46145237431345">
                <ele>307.51086425781216</ele>
                <time>2026-05-28T20:48:23.999345302Z</time>
            </trkpt>
            <trkpt lat="42.25530657921196" lon="-84.46145505652247">
                <ele>307.0540161132809</ele>
                <time>2026-05-28T20:48:24.999335527Z</time>
            </trkpt>
            <trkpt lat="42.25531357810111" lon="-84.46145530797956">
                <ele>307.0225219726559</ele>
                <time>2026-05-28T20:48:25.999327182Z</time>
            </trkpt>
            <trkpt lat="42.25532053508074" lon="-84.46145723581729">
                <ele>306.80316162109347</ele>
                <time>2026-05-28T20:48:26.999317169Z</time>
            </trkpt>
            <trkpt lat="42.25532631859393" lon="-84.46146142676888">
                <ele>306.58264160156216</ele>
                <time>2026-05-28T20:48:27.999307632Z</time>
            </trkpt>
            <trkpt lat="42.25533034190745" lon="-84.46146192968307">
                <ele>306.81634521484347</ele>
                <time>2026-05-28T20:48:28.999298572Z</time>
            </trkpt>
            <trkpt lat="42.25533088673116" lon="-84.46146050475953">
                <ele>307.2373046874997</ele>
                <time>2026-05-28T20:48:29.999288558Z</time>
            </trkpt>
            <trkpt lat="42.25533029999794" lon="-84.46145933129309">
                <ele>307.8092041015622</ele>
                <time>2026-05-28T20:48:30.999278783Z</time>
            </trkpt>
            <trkpt lat="42.2553286236173" lon="-84.4614588283789">
                <ele>308.0554809570309</ele>
                <time>2026-05-28T20:48:31.999271392Z</time>
            </trkpt>
            <trkpt lat="42.25532765969844" lon="-84.4614583254647">
                <ele>308.63293457031216</ele>
                <time>2026-05-28T20:48:32.999263286Z</time>
            </trkpt>
            <trkpt lat="42.255325354675065" lon="-84.46145765491245">
                <ele>308.84466552734347</ele>
                <time>2026-05-28T20:48:33.999250173Z</time>
            </trkpt>
            <trkpt lat="42.25532321728976" lon="-84.46145731963632">
                <ele>309.29296874999966</ele>
                <time>2026-05-28T20:48:34.999240159Z</time>
            </trkpt>
            <trkpt lat="42.25532179236622" lon="-84.46145715199826">
                <ele>309.4706420898434</ele>
                <time>2026-05-28T20:48:35.999231815Z</time>
            </trkpt>
            <trkpt lat="42.2553209541759" lon="-84.46145706817923">
                <ele>309.6022338867184</ele>
                <time>2026-05-28T20:48:36.999221801Z</time>
            </trkpt>
            <trkpt lat="42.25532036744268" lon="-84.46145690054117">
                <ele>309.6599121093747</ele>
                <time>2026-05-28T20:48:37.999211788Z</time>
            </trkpt>
            <trkpt lat="42.255319906438004" lon="-84.46145664908407">
                <ele>309.70977783203097</ele>
                <time>2026-05-28T20:48:38.999202966Z</time>
            </trkpt>
            <trkpt lat="42.25531957116188" lon="-84.461456481446">
                <ele>309.75024414062466</ele>
                <time>2026-05-28T20:48:39.999191999Z</time>
            </trkpt>
            <trkpt lat="42.2553193616143" lon="-84.46145631380794">
                <ele>309.7862548828122</ele>
                <time>2026-05-28T20:48:40.999183177Z</time>
            </trkpt>
            <trkpt lat="42.25531915206672" lon="-84.46145622998891">
                <ele>309.8239746093747</ele>
                <time>2026-05-28T20:48:41.999173641Z</time>
            </trkpt>
            <trkpt lat="42.255318984428655" lon="-84.46145606235085">
                <ele>309.8625488281247</ele>
                <time>2026-05-28T20:48:42.999163866Z</time>
            </trkpt>
            <trkpt lat="42.25531881679059" lon="-84.46145597853182">
                <ele>309.89685058593716</ele>
                <time>2026-05-28T20:48:43.999153614Z</time>
            </trkpt>
            <trkpt lat="42.25531864915253" lon="-84.46145589471278">
                <ele>309.9306640624997</ele>
                <time>2026-05-28T20:48:44.999144077Z</time>
            </trkpt>
            <trkpt lat="42.25531852342398" lon="-84.46145581089375">
                <ele>309.9626464843747</ele>
                <time>2026-05-28T20:48:45.999134302Z</time>
            </trkpt>
            <trkpt lat="42.25531835578592" lon="-84.46145572707472">
                <ele>309.99176025390597</ele>
                <time>2026-05-28T20:48:46.999124050Z</time>
            </trkpt>
            <trkpt lat="42.25531823005737" lon="-84.46145564325569">
                <ele>310.01562499999966</ele>
                <time>2026-05-28T20:48:47.999114751Z</time>
            </trkpt>
            <trkpt lat="42.25531810432882" lon="-84.46145555943666">
                <ele>310.03906249999966</ele>
                <time>2026-05-28T20:48:48.999104976Z</time>
            </trkpt>
            <trkpt lat="42.255317978600274" lon="-84.46145555943666">
                <ele>310.05993652343716</ele>
                <time>2026-05-28T20:48:49.999095439Z</time>
            </trkpt>
            <trkpt lat="42.25531785287173" lon="-84.46145547561763">
                <ele>310.0802001953122</ele>
                <time>2026-05-28T20:48:50.999086141Z</time>
            </trkpt>
            <trkpt lat="42.255317769052695" lon="-84.46145547561763">
                <ele>310.1010742187497</ele>
                <time>2026-05-28T20:48:51.999075889Z</time>
            </trkpt>
            <trkpt lat="42.25531764332415" lon="-84.46145547561763">
                <ele>310.1249389648434</ele>
                <time>2026-05-28T20:48:52.999066352Z</time>
            </trkpt>
            <trkpt lat="42.255317559505116" lon="-84.46145547561763">
                <ele>310.1485595703122</ele>
                <time>2026-05-28T20:48:53.999056816Z</time>
            </trkpt>
            <trkpt lat="42.2553175175956" lon="-84.4614553917986">
                <ele>310.1731567382809</ele>
                <time>2026-05-28T20:48:54.999046802Z</time>
            </trkpt>
            <trkpt lat="42.25531739186705" lon="-84.4614553917986">
                <ele>310.2029418945309</ele>
                <time>2026-05-28T20:48:55.999036788Z</time>
            </trkpt>
            <trkpt lat="42.255317266138505" lon="-84.4614553917986">
                <ele>310.23010253906216</ele>
                <time>2026-05-28T20:48:56.999027252Z</time>
            </trkpt>
            <trkpt lat="42.25531718231947" lon="-84.4614553917986">
                <ele>310.2552490234372</ele>
                <time>2026-05-28T20:48:57.999017238Z</time>
            </trkpt>
            <trkpt lat="42.25531860724301" lon="-84.46146008566437">
                <ele>310.10150146484347</ele>
                <time>2026-05-28T20:48:58.999007463Z</time>
            </trkpt>
            <trkpt lat="42.255319990257036" lon="-84.46146218114016">
                <ele>309.3250732421872</ele>
                <time>2026-05-28T20:48:59.998997688Z</time>
            </trkpt>
            <trkpt lat="42.255322211461376" lon="-84.46146260023532">
                <ele>308.9157714843747</ele>
                <time>2026-05-28T20:49:00.998987674Z</time>
            </trkpt>
            <trkpt lat="42.25532895889343" lon="-84.46146159440694">
                <ele>309.22662353515597</ele>
                <time>2026-05-28T20:49:01.998978614Z</time>
            </trkpt>
            <trkpt lat="42.25533256311179" lon="-84.4614601694834">
                <ele>309.21276855468716</ele>
                <time>2026-05-28T20:49:02.998968362Z</time>
            </trkpt>
            <trkpt lat="42.25533180874051" lon="-84.46146025330243">
                <ele>309.4331054687497</ele>
                <time>2026-05-28T20:49:03.998959064Z</time>
            </trkpt>
            <trkpt lat="42.25533147346438" lon="-84.46145916365502">
                <ele>309.33264160156216</ele>
                <time>2026-05-28T20:49:04.998948335Z</time>
            </trkpt>
            <trkpt lat="42.25533013235987" lon="-84.46145757109342">
                <ele>309.04760742187466</ele>
                <time>2026-05-28T20:49:05.998938560Z</time>
            </trkpt>
            <trkpt lat="42.255329503717135" lon="-84.46145866074083">
                <ele>308.99829101562466</ele>
                <time>2026-05-28T20:49:06.998929977Z</time>
            </trkpt>
            <trkpt lat="42.255327994974564" lon="-84.46145723581729">
                <ele>308.7403564453122</ele>
                <time>2026-05-28T20:49:07.998919963Z</time>
            </trkpt>
            <trkpt lat="42.25532631859393" lon="-84.46145455360828">
                <ele>308.8233642578122</ele>
                <time>2026-05-28T20:49:08.998910188Z</time>
            </trkpt>
            <trkpt lat="42.25532376211346" lon="-84.46145312868474">
                <ele>309.1262207031247</ele>
                <time>2026-05-28T20:49:09.998899459Z</time>
            </trkpt>
            <trkpt lat="42.255322421008955" lon="-84.46145254195152">
                <ele>309.4428710937497</ele>
                <time>2026-05-28T20:49:10.998889923Z</time>
            </trkpt>
            <trkpt lat="42.25532300774218" lon="-84.46145270958958">
                <ele>309.7122802734372</ele>
                <time>2026-05-28T20:49:11.998880386Z</time>
            </trkpt>
            <trkpt lat="42.25532380402298" lon="-84.46145279340861">
                <ele>309.73754882812466</ele>
                <time>2026-05-28T20:49:12.998870372Z</time>
            </trkpt>
            <trkpt lat="42.255323343018304" lon="-84.46145094938991">
                <ele>309.53527832031216</ele>
                <time>2026-05-28T20:49:13.998860836Z</time>
            </trkpt>
            <trkpt lat="42.25532154090912" lon="-84.46144944064734">
                <ele>309.51452636718716</ele>
                <time>2026-05-28T20:49:14.998851299Z</time>
            </trkpt>
            <trkpt lat="42.255318984428655" lon="-84.46144977592347">
                <ele>309.5270996093747</ele>
                <time>2026-05-28T20:49:15.998841762Z</time>
            </trkpt>
            <trkpt lat="42.255316847043346" lon="-84.46145019501863">
                <ele>309.5737304687497</ele>
                <time>2026-05-28T20:49:16.998831748Z</time>
            </trkpt>
            <trkpt lat="42.25531500302465" lon="-84.46144969210444">
                <ele>309.5944824218747</ele>
                <time>2026-05-28T20:49:17.998821735Z</time>
            </trkpt>
            <trkpt lat="42.25531374573917" lon="-84.46144918919025">
                <ele>309.65710449218716</ele>
                <time>2026-05-28T20:49:18.999624252Z</time>
            </trkpt>
            <trkpt lat="42.255312907548856" lon="-84.46144893773315">
                <ele>309.6862792968747</ele>
                <time>2026-05-28T20:49:19.999632358Z</time>
            </trkpt>
            <trkpt lat="42.25531236272515" lon="-84.46144885391412">
                <ele>309.72271728515597</ele>
                <time>2026-05-28T20:49:20.999627351Z</time>
            </trkpt>
            <trkpt lat="42.25531202744902" lon="-84.46144877009509">
                <ele>309.74633789062466</ele>
                <time>2026-05-28T20:49:21.999635457Z</time>
            </trkpt>
            <trkpt lat="42.25531181790144" lon="-84.46144877009509">
                <ele>309.76989746093716</ele>
                <time>2026-05-28T20:49:22.999643802Z</time>
            </trkpt>
            <trkpt lat="42.255311608353864" lon="-84.46144885391412">
                <ele>309.7923583984372</ele>
                <time>2026-05-28T20:49:23.999642848Z</time>
            </trkpt>
            <trkpt lat="42.2553114407158" lon="-84.46144893773315">
                <ele>309.81146240234347</ele>
                <time>2026-05-28T20:49:24.999654769Z</time>
            </trkpt>
            <trkpt lat="42.25531131498725" lon="-84.46144902155218">
                <ele>309.83715820312466</ele>
                <time>2026-05-28T20:49:25.999666690Z</time>
            </trkpt>
            <trkpt lat="42.255311189258705" lon="-84.46144902155218">
                <ele>309.8574829101559</ele>
                <time>2026-05-28T20:49:26.999666213Z</time>
            </trkpt>
            <trkpt lat="42.255311105439674" lon="-84.46144910537122">
                <ele>309.8726196289059</ele>
                <time>2026-05-28T20:49:27.999681711Z</time>
            </trkpt>
            <trkpt lat="42.25531093780161" lon="-84.46144910537122">
                <ele>309.9018554687497</ele>
                <time>2026-05-28T20:49:28.999692916Z</time>
            </trkpt>
            <trkpt lat="42.25531081207306" lon="-84.46144910537122">
                <ele>309.9281005859372</ele>
                <time>2026-05-28T20:49:29.999693870Z</time>
            </trkpt>
            <trkpt lat="42.25531060252548" lon="-84.46144902155218">
                <ele>309.95806884765597</ele>
                <time>2026-05-28T20:49:30.999707460Z</time>
            </trkpt>
            <trkpt lat="42.25531043488742" lon="-84.46144902155218">
                <ele>309.98663330078097</ele>
                <time>2026-05-28T20:49:31.999721288Z</time>
            </trkpt>
            <trkpt lat="42.25531030915887" lon="-84.46144902155218">
                <ele>310.00744628906216</ele>
                <time>2026-05-28T20:49:32.999721527Z</time>
            </trkpt>
            <trkpt lat="42.25531014152081" lon="-84.46144902155218">
                <ele>310.01940917968716</ele>
                <time>2026-05-28T20:49:33.999720573Z</time>
            </trkpt>
            <trkpt lat="42.25531005770178" lon="-84.46144910537122">
                <ele>310.0278320312497</ele>
                <time>2026-05-28T20:49:34.999719619Z</time>
            </trkpt>
            <trkpt lat="42.25530993197323" lon="-84.46144918919025">
                <ele>310.0385742187497</ele>
                <time>2026-05-28T20:49:35.999717950Z</time>
            </trkpt>
            <trkpt lat="42.2553098481542" lon="-84.46144918919025">
                <ele>310.0495605468747</ele>
                <time>2026-05-28T20:49:36.999716281Z</time>
            </trkpt>
            <trkpt lat="42.255309764335166" lon="-84.46144927300928">
                <ele>310.0574340820309</ele>
                <time>2026-05-28T20:49:37.999713659Z</time>
            </trkpt>
            <trkpt lat="42.255309680516135" lon="-84.46144935682831">
                <ele>310.07067871093716</ele>
                <time>2026-05-28T20:49:38.999710559Z</time>
            </trkpt>
            <trkpt lat="42.2553095966971" lon="-84.46144935682831">
                <ele>310.0804443359372</ele>
                <time>2026-05-28T20:49:39.999707698Z</time>
            </trkpt>
            <trkpt lat="42.25530955478759" lon="-84.46144944064734">
                <ele>310.0952148437497</ele>
                <time>2026-05-28T20:49:40.999704122Z</time>
            </trkpt>
            <trkpt lat="42.255309470968555" lon="-84.46144944064734">
                <ele>310.1088867187497</ele>
                <time>2026-05-28T20:49:41.999700546Z</time>
            </trkpt>
            <trkpt lat="42.2553095966971" lon="-84.46145136848507">
                <ele>309.4490966796872</ele>
                <time>2026-05-28T20:49:42.999696731Z</time>
            </trkpt>
            <trkpt lat="42.25531014152081" lon="-84.46144944064734">
                <ele>309.95599365234347</ele>
                <time>2026-05-28T20:49:43.999691724Z</time>
            </trkpt>
            <trkpt lat="42.25531131498725" lon="-84.46144583642898">
                <ele>310.41418457031216</ele>
                <time>2026-05-28T20:49:44.999687433Z</time>
            </trkpt>
            <trkpt lat="42.255311901720475" lon="-84.46144382477222">
                <ele>310.73376464843716</ele>
                <time>2026-05-28T20:49:45.999682426Z</time>
            </trkpt>
            <trkpt lat="42.25531181790144" lon="-84.46144172929642">
                <ele>310.7016601562497</ele>
                <time>2026-05-28T20:49:46.999676704Z</time>
            </trkpt>
            <trkpt lat="42.25531131498725" lon="-84.4614395500016">
                <ele>310.3363037109372</ele>
                <time>2026-05-28T20:49:47.999671220Z</time>
            </trkpt>
            <trkpt lat="42.25531114734919" lon="-84.46143711924968">
                <ele>310.18853759765597</ele>
                <time>2026-05-28T20:49:48.999665260Z</time>
            </trkpt>
            <trkpt lat="42.25531185981096" lon="-84.46143510759292">
                <ele>309.97778320312466</ele>
                <time>2026-05-28T20:49:49.999660253Z</time>
            </trkpt>
            <trkpt lat="42.255313410463046" lon="-84.46143385030744">
                <ele>309.78790283203097</ele>
                <time>2026-05-28T20:49:50.999654293Z</time>
            </trkpt>
            <trkpt lat="42.25531517066271" lon="-84.46143418558357">
                <ele>309.4826660156247</ele>
                <time>2026-05-28T20:49:51.999647140Z</time>
            </trkpt>
            <trkpt lat="42.25531642794819" lon="-84.46143368266938">
                <ele>309.8120117187497</ele>
                <time>2026-05-28T20:49:52.999640464Z</time>
            </trkpt>
            <trkpt lat="42.25531734995754" lon="-84.46143301211713">
                <ele>310.0039672851559</ele>
                <time>2026-05-28T20:49:53.999634265Z</time>
            </trkpt>
            <trkpt lat="42.255317769052695" lon="-84.46143250920294">
                <ele>310.0395507812497</ele>
                <time>2026-05-28T20:49:54.999627113Z</time>
            </trkpt>
            <trkpt lat="42.255317978600274" lon="-84.46143234156487">
                <ele>310.04296874999966</ele>
                <time>2026-05-28T20:49:55.999620914Z</time>
            </trkpt>
            <trkpt lat="42.25531810432882" lon="-84.46143234156487">
                <ele>310.04699707031216</ele>
                <time>2026-05-28T20:49:56.999614Z</time>
            </trkpt>
            <trkpt lat="42.25531814623834" lon="-84.46143234156487">
                <ele>310.04925537109347</ele>
                <time>2026-05-28T20:49:57.999606609Z</time>
            </trkpt>
            <trkpt lat="42.25531814623834" lon="-84.46143234156487">
                <ele>310.04589843749966</ele>
                <time>2026-05-28T20:49:58.999599695Z</time>
            </trkpt>
            <trkpt lat="42.25531810432882" lon="-84.4614324253839">
                <ele>310.03430175781216</ele>
                <time>2026-05-28T20:49:59.999592304Z</time>
            </trkpt>
            <trkpt lat="42.255318062419306" lon="-84.46143250920294">
                <ele>310.02355957031216</ele>
                <time>2026-05-28T20:50:00.999584674Z</time>
            </trkpt>
            <trkpt lat="42.25531802050979" lon="-84.46143259302197">
                <ele>310.01147460937466</ele>
                <time>2026-05-28T20:50:01.999577999Z</time>
            </trkpt>
            <trkpt lat="42.25531802050979" lon="-84.461432676841">
                <ele>309.99450683593716</ele>
                <time>2026-05-28T20:50:02.999570369Z</time>
            </trkpt>
            <trkpt lat="42.255317978600274" lon="-84.46143276066003">
                <ele>309.9853515624997</ele>
                <time>2026-05-28T20:50:03.999562740Z</time>
            </trkpt>
            <trkpt lat="42.255317978600274" lon="-84.46143284447906">
                <ele>309.97863769531216</ele>
                <time>2026-05-28T20:50:04.999554634Z</time>
            </trkpt>
            <trkpt lat="42.25531793669076" lon="-84.4614329282981">
                <ele>309.97363281249966</ele>
                <time>2026-05-28T20:50:05.999546289Z</time>
            </trkpt>
            <trkpt lat="42.25531789478124" lon="-84.46143301211713">
                <ele>309.96972656249966</ele>
                <time>2026-05-28T20:50:06.999538898Z</time>
            </trkpt>
            <trkpt lat="42.25531789478124" lon="-84.46143309593616">
                <ele>309.9614257812497</ele>
                <time>2026-05-28T20:50:07.999530553Z</time>
            </trkpt>
            <trkpt lat="42.25531785287173" lon="-84.46143309593616">
                <ele>309.95593261718716</ele>
                <time>2026-05-28T20:50:08.999523162Z</time>
            </trkpt>
            <trkpt lat="42.25531785287173" lon="-84.46143317975519">
                <ele>309.94506835937466</ele>
                <time>2026-05-28T20:50:09.999514579Z</time>
            </trkpt>
            <trkpt lat="42.25531781096221" lon="-84.46143326357422">
                <ele>309.93627929687466</ele>
                <time>2026-05-28T20:50:10.999506473Z</time>
            </trkpt>
            <trkpt lat="42.255317769052695" lon="-84.46143326357422">
                <ele>309.9345703124997</ele>
                <time>2026-05-28T20:50:11.999499082Z</time>
            </trkpt>
            <trkpt lat="42.25531772714318" lon="-84.46143334739325">
                <ele>309.93402099609347</ele>
                <time>2026-05-28T20:50:12.999490737Z</time>
            </trkpt>
            <trkpt lat="42.25531772714318" lon="-84.46143343121228">
                <ele>309.9267578124997</ele>
                <time>2026-05-28T20:50:13.999482393Z</time>
            </trkpt>
            <trkpt lat="42.25531768523366" lon="-84.46143343121228">
                <ele>309.92126464843716</ele>
                <time>2026-05-28T20:50:14.999474048Z</time>
            </trkpt>
            <trkpt lat="42.25531768523366" lon="-84.46143351503132">
                <ele>309.9157714843747</ele>
                <time>2026-05-28T20:50:15.999465465Z</time>
            </trkpt>
            <trkpt lat="42.25531760141463" lon="-84.46143359885035">
                <ele>309.91369628906216</ele>
                <time>2026-05-28T20:50:16.999457359Z</time>
            </trkpt>
            <trkpt lat="42.25531760141463" lon="-84.46143376648841">
                <ele>309.9062499999997</ele>
                <time>2026-05-28T20:50:17.999448776Z</time>
            </trkpt>
            <trkpt lat="42.255321624728154" lon="-84.46144206457255">
                <ele>309.71948242187466</ele>
                <time>2026-05-28T20:50:18.999440431Z</time>
            </trkpt>
            <trkpt lat="42.25532874934585" lon="-84.46145270958958">
                <ele>309.9335937499997</ele>
                <time>2026-05-28T20:50:19.999433040Z</time>
            </trkpt>
            <trkpt lat="42.255334574768554" lon="-84.46146109149275">
                <ele>309.39617919921847</ele>
                <time>2026-05-28T20:50:20.999423980Z</time>
            </trkpt>
            <trkpt lat="42.25533914290578" lon="-84.46146721028207">
                <ele>308.7196044921872</ele>
                <time>2026-05-28T20:50:21.999414920Z</time>
            </trkpt>
            <trkpt lat="42.25534128029109" lon="-84.46147349670944">
                <ele>308.4812011718747</ele>
                <time>2026-05-28T20:50:22.999406814Z</time>
            </trkpt>
            <trkpt lat="42.255346099885415" lon="-84.46148674011646">
                <ele>308.1488037109372</ele>
                <time>2026-05-28T20:50:23.999398708Z</time>
            </trkpt>
            <trkpt lat="42.25534815345169" lon="-84.46149101488707">
                <ele>307.36087036132784</ele>
                <time>2026-05-28T20:50:24.999390125Z</time>
            </trkpt>
            <trkpt lat="42.255351757670056" lon="-84.46149428382931">
                <ele>307.5757141113278</ele>
                <time>2026-05-28T20:50:25.999381542Z</time>
            </trkpt>
            <trkpt lat="42.2553613968587" lon="-84.46149939679024">
                <ele>308.0774841308591</ele>
                <time>2026-05-28T20:50:26.999372959Z</time>
            </trkpt>
            <trkpt lat="42.255374011622976" lon="-84.46150216281829">
                <ele>307.2959289550778</ele>
                <time>2026-05-28T20:50:27.999364614Z</time>
            </trkpt>
            <trkpt lat="42.255387590306114" lon="-84.46150182754216">
                <ele>307.03836059570284</ele>
                <time>2026-05-28T20:50:28.999355077Z</time>
            </trkpt>
            <trkpt lat="42.25540066607506" lon="-84.46149964824734">
                <ele>307.2106018066403</ele>
                <time>2026-05-28T20:50:29.999346733Z</time>
            </trkpt>
            <trkpt lat="42.255411562549185" lon="-84.46149881005702">
                <ele>306.16510009765597</ele>
                <time>2026-05-28T20:50:30.999338626Z</time>
            </trkpt>
            <trkpt lat="42.255420070180904" lon="-84.46149704985736">
                <ele>305.6082763671872</ele>
                <time>2026-05-28T20:50:31.999329566Z</time>
            </trkpt>
            <trkpt lat="42.25542698525102" lon="-84.46149352945802">
                <ele>306.13732910156216</ele>
                <time>2026-05-28T20:50:32.999321460Z</time>
            </trkpt>
            <trkpt lat="42.255429960826646" lon="-84.46148799740193">
                <ele>306.1248168945309</ele>
                <time>2026-05-28T20:50:33.999312162Z</time>
            </trkpt>
            <trkpt lat="42.25542979318858" lon="-84.46148665629742">
                <ele>306.13226318359347</ele>
                <time>2026-05-28T20:50:34.999303817Z</time>
            </trkpt>
            <trkpt lat="42.25543448705436" lon="-84.46148623720227">
                <ele>306.27862548828097</ele>
                <time>2026-05-28T20:50:35.999294757Z</time>
            </trkpt>
            <trkpt lat="42.25544148594351" lon="-84.4614858181071">
                <ele>306.49664306640597</ele>
                <time>2026-05-28T20:50:36.999286174Z</time>
            </trkpt>
            <trkpt lat="42.255445257799934" lon="-84.46148674011646">
                <ele>306.1970825195309</ele>
                <time>2026-05-28T20:50:37.999277353Z</time>
            </trkpt>
            <trkpt lat="42.25544609599025" lon="-84.46148908704934">
                <ele>305.91986083984347</ele>
                <time>2026-05-28T20:50:38.999268531Z</time>
            </trkpt>
            <trkpt lat="42.25544831719459" lon="-84.46148992523966">
                <ele>306.23162841796847</ele>
                <time>2026-05-28T20:50:39.999259471Z</time>
            </trkpt>
            <trkpt lat="42.2554530948794" lon="-84.46149059579191">
                <ele>306.0991210937497</ele>
                <time>2026-05-28T20:50:40.999250888Z</time>
            </trkpt>
            <trkpt lat="42.25545887839259" lon="-84.46149059579191">
                <ele>305.6827392578122</ele>
                <time>2026-05-28T20:50:41.999242067Z</time>
            </trkpt>
            <trkpt lat="42.25546566773416" lon="-84.46148741066871">
                <ele>306.1607055664059</ele>
                <time>2026-05-28T20:50:42.999233961Z</time>
            </trkpt>
            <trkpt lat="42.25547178652347" lon="-84.46148062132714">
                <ele>306.1735229492184</ele>
                <time>2026-05-28T20:50:43.999224901Z</time>
            </trkpt>
            <trkpt lat="42.25547949787439" lon="-84.4614741672617">
                <ele>305.4302978515622</ele>
                <time>2026-05-28T20:50:44.999216079Z</time>
            </trkpt>
            <trkpt lat="42.25548787977756" lon="-84.46146955721495">
                <ele>306.1442565917966</ele>
                <time>2026-05-28T20:50:45.999207019Z</time>
            </trkpt>
            <trkpt lat="42.255491986910116" lon="-84.46146762937722">
                <ele>306.23355102539034</ele>
                <time>2026-05-28T20:50:46.999198913Z</time>
            </trkpt>
            <trkpt lat="42.25549571685703" lon="-84.46146494716821">
                <ele>307.05001831054653</ele>
                <time>2026-05-28T20:50:47.999189615Z</time>
            </trkpt>
            <trkpt lat="42.25549936298491" lon="-84.46146125913081">
                <ele>307.50234985351534</ele>
                <time>2026-05-28T20:50:48.999180793Z</time>
            </trkpt>
            <trkpt lat="42.25550229665102" lon="-84.46145949893115">
                <ele>307.5451354980466</ele>
                <time>2026-05-28T20:50:49.999172210Z</time>
            </trkpt>
            <trkpt lat="42.25550451785536" lon="-84.4614585769218">
                <ele>307.5422058105466</ele>
                <time>2026-05-28T20:50:50.999163627Z</time>
            </trkpt>
            <trkpt lat="42.25550732579292" lon="-84.46146050475953">
                <ele>307.5630798339841</ele>
                <time>2026-05-28T20:50:51.999154567Z</time>
            </trkpt>
            <trkpt lat="42.25551109764935" lon="-84.46145933129309">
                <ele>307.77731323242153</ele>
                <time>2026-05-28T20:50:52.999146223Z</time>
            </trkpt>
            <trkpt lat="42.25551734216721" lon="-84.46145497270344">
                <ele>308.5041198730466</ele>
                <time>2026-05-28T20:50:53.999137163Z</time>
            </trkpt>
            <trkpt lat="42.25552463442297" lon="-84.46145413451312">
                <ele>308.6446228027341</ele>
                <time>2026-05-28T20:50:54.999127864Z</time>
            </trkpt>
            <trkpt lat="42.255529831202935" lon="-84.46145061411379">
                <ele>308.74008178710903</ele>
                <time>2026-05-28T20:50:55.999119520Z</time>
            </trkpt>
            <trkpt lat="42.25553754255385" lon="-84.46144315421996">
                <ele>308.0312805175778</ele>
                <time>2026-05-28T20:50:56.999110698Z</time>
            </trkpt>
            <trkpt lat="42.255545924457024" lon="-84.46143820889709">
                <ele>306.8725280761716</ele>
                <time>2026-05-28T20:50:57.999101161Z</time>
            </trkpt>
            <trkpt lat="42.25555409681262" lon="-84.46143812507806">
                <ele>306.28802490234347</ele>
                <time>2026-05-28T20:50:58.999092817Z</time>
            </trkpt>
            <trkpt lat="42.25556147288741" lon="-84.46144072346804">
                <ele>305.2421874999997</ele>
                <time>2026-05-28T20:50:59.999084472Z</time>
            </trkpt>
            <trkpt lat="42.255568681324135" lon="-84.46144382477222">
                <ele>305.34948730468716</ele>
                <time>2026-05-28T20:51:00.999076128Z</time>
            </trkpt>
            <trkpt lat="42.25557580594183" lon="-84.4614464231622">
                <ele>305.4393310546872</ele>
                <time>2026-05-28T20:51:01.999066591Z</time>
            </trkpt>
            <trkpt lat="42.25558393638791" lon="-84.46145187139926">
                <ele>305.7598876953122</ele>
                <time>2026-05-28T20:51:02.999057769Z</time>
            </trkpt>
            <trkpt lat="42.2555870796016" lon="-84.46145547561763">
                <ele>305.86901855468716</ele>
                <time>2026-05-28T20:51:03.999048709Z</time>
            </trkpt>
            <trkpt lat="42.25558934271545" lon="-84.46145799018858">
                <ele>305.9426269531247</ele>
                <time>2026-05-28T20:51:04.999039411Z</time>
            </trkpt>
            <trkpt lat="42.255590851458024" lon="-84.46146008566437">
                <ele>306.1200561523434</ele>
                <time>2026-05-28T20:51:05.999031543Z</time>
            </trkpt>
            <trkpt lat="42.255590222815286" lon="-84.46146503098724">
                <ele>306.7858886718747</ele>
                <time>2026-05-28T20:51:06.999022006Z</time>
            </trkpt>
            <trkpt lat="42.25559039045335" lon="-84.4614688866627">
                <ele>306.45898437499966</ele>
                <time>2026-05-28T20:51:07.999013423Z</time>
            </trkpt>
            <trkpt lat="42.255589133167874" lon="-84.46147249088106">
                <ele>306.53045654296847</ele>
                <time>2026-05-28T20:51:08.999004364Z</time>
            </trkpt>
            <trkpt lat="42.2555860318637" lon="-84.46147626273749">
                <ele>306.2566528320309</ele>
                <time>2026-05-28T20:51:09.998995542Z</time>
            </trkpt>
            <trkpt lat="42.2555844393021" lon="-84.46147835821328">
                <ele>306.57769775390597</ele>
                <time>2026-05-28T20:51:10.998986959Z</time>
            </trkpt>
            <trkpt lat="42.25558381065936" lon="-84.4614794478607">
                <ele>306.7065429687497</ele>
                <time>2026-05-28T20:51:11.998977661Z</time>
            </trkpt>
            <trkpt lat="42.25558297246904" lon="-84.46148095660327">
                <ele>306.8990478515622</ele>
                <time>2026-05-28T20:51:12.998969078Z</time>
            </trkpt>
            <trkpt lat="42.25558242764534" lon="-84.46148229770778">
                <ele>306.9801025390622</ele>
                <time>2026-05-28T20:51:13.998960018Z</time>
            </trkpt>
            <trkpt lat="42.255581840912114" lon="-84.46148330353616">
                <ele>307.0353393554684</ele>
                <time>2026-05-28T20:51:14.998950958Z</time>
            </trkpt>
            <trkpt lat="42.2555815475455" lon="-84.46148380645035">
                <ele>307.08935546874966</ele>
                <time>2026-05-28T20:51:15.998942136Z</time>
            </trkpt>
            <trkpt lat="42.255581337997924" lon="-84.46148405790744">
                <ele>307.1154785156247</ele>
                <time>2026-05-28T20:51:16.998933553Z</time>
            </trkpt>
            <trkpt lat="42.255581128450345" lon="-84.4614842255455">
                <ele>307.1156616210934</ele>
                <time>2026-05-28T20:51:17.998924732Z</time>
            </trkpt>
            <trkpt lat="42.255580918902766" lon="-84.4614842255455">
                <ele>307.1294555664059</ele>
                <time>2026-05-28T20:51:18.998916149Z</time>
            </trkpt>
            <trkpt lat="42.255580835083734" lon="-84.46148430936454">
                <ele>307.1285400390622</ele>
                <time>2026-05-28T20:51:19.998907089Z</time>
            </trkpt>
            <trkpt lat="42.25558079317422" lon="-84.46148430936454">
                <ele>307.1206054687497</ele>
                <time>2026-05-28T20:51:20.998898029Z</time>
            </trkpt>
            <trkpt lat="42.2555807512647" lon="-84.4614842255455">
                <ele>307.11010742187466</ele>
                <time>2026-05-28T20:51:21.998889446Z</time>
            </trkpt>
            <trkpt lat="42.255580709355186" lon="-84.4614842255455">
                <ele>307.1056518554684</ele>
                <time>2026-05-28T20:51:22.998880624Z</time>
            </trkpt>
            <trkpt lat="42.255580709355186" lon="-84.4614842255455">
                <ele>307.0975341796872</ele>
                <time>2026-05-28T20:51:23.998871326Z</time>
            </trkpt>
            <trkpt lat="42.25558066744567" lon="-84.46148414172647">
                <ele>307.08935546874966</ele>
                <time>2026-05-28T20:51:24.999981880Z</time>
            </trkpt>
            <trkpt lat="42.255580625536155" lon="-84.46148414172647">
                <ele>307.0848388671872</ele>
                <time>2026-05-28T20:51:25.999989748Z</time>
            </trkpt>
            <trkpt lat="42.25558058362664" lon="-84.46148414172647">
                <ele>307.08032226562466</ele>
                <time>2026-05-28T20:51:26.999981403Z</time>
            </trkpt>
            <trkpt lat="42.25558058362664" lon="-84.46148414172647">
                <ele>307.0780029296872</ele>
                <time>2026-05-28T20:51:27.999989032Z</time>
            </trkpt>
            <trkpt lat="42.25557982925535" lon="-84.4614826329839">
                <ele>307.9627075195309</ele>
                <time>2026-05-28T20:51:28.999998569Z</time>
            </trkpt>
            <trkpt lat="42.25557928443165" lon="-84.46147978313682">
                <ele>307.95800781249966</ele>
                <time>2026-05-28T20:51:29.999989509Z</time>
            </trkpt>
            <trkpt lat="42.25557857196988" lon="-84.46147718474684">
                <ele>307.4670410156247</ele>
                <time>2026-05-28T20:51:30.999996900Z</time>
            </trkpt>
            <trkpt lat="42.25557857196988" lon="-84.46147425108073">
                <ele>306.9650878906247</ele>
                <time>2026-05-28T20:51:32.000002145Z</time>
            </trkpt>
            <trkpt lat="42.2555799549839" lon="-84.46146427661596">
                <ele>307.0967407226559</ele>
                <time>2026-05-28T20:51:34.000003337Z</time>
            </trkpt>
            <trkpt lat="42.25557815287472" lon="-84.46146268405435">
                <ele>307.96411132812466</ele>
                <time>2026-05-28T20:51:35.000007629Z</time>
            </trkpt>
            <trkpt lat="42.25557639267505" lon="-84.46146285169242">
                <ele>307.7982177734372</ele>
                <time>2026-05-28T20:51:37.000002861Z</time>
            </trkpt>
            <trkpt lat="42.25557630885602" lon="-84.46146444425402">
                <ele>307.6318359374997</ele>
                <time>2026-05-28T20:51:38.000010251Z</time>
            </trkpt>
            <trkpt lat="42.25557584785135" lon="-84.46146285169242">
                <ele>307.7209472656247</ele>
                <time>2026-05-28T20:51:39.000001430Z</time>
            </trkpt>
            <trkpt lat="42.2555773146844" lon="-84.46145614616988">
                <ele>307.2246093749997</ele>
                <time>2026-05-28T20:51:40.999983787Z</time>
            </trkpt>
            <trkpt lat="42.255578907246004" lon="-84.46145094938991">
                <ele>306.75396728515597</ele>
                <time>2026-05-28T20:51:41.999974966Z</time>
            </trkpt>
            <trkpt lat="42.25558008071245" lon="-84.4614466746193">
                <ele>306.51898193359347</ele>
                <time>2026-05-28T20:51:42.999965190Z</time>
            </trkpt>
            <trkpt lat="42.25558188282163" lon="-84.46144449532447">
                <ele>306.51519775390597</ele>
                <time>2026-05-28T20:51:43.999956607Z</time>
            </trkpt>
            <trkpt lat="42.25558288865001" lon="-84.461443238039">
                <ele>306.5830688476559</ele>
                <time>2026-05-28T20:51:44.999947547Z</time>
            </trkpt>
            <trkpt lat="42.25558397829742" lon="-84.46144281894384">
                <ele>306.5109863281247</ele>
                <time>2026-05-28T20:51:45.999938726Z</time>
            </trkpt>
            <trkpt lat="42.25558469075919" lon="-84.46144256748674">
                <ele>306.5000610351559</ele>
                <time>2026-05-28T20:51:46.999930143Z</time>
            </trkpt>
            <trkpt lat="42.25558540322096" lon="-84.46144231602965">
                <ele>306.62689208984347</ele>
                <time>2026-05-28T20:51:47.999920845Z</time>
            </trkpt>
            <trkpt lat="42.25558544513048" lon="-84.46144290276287">
                <ele>306.69348144531216</ele>
                <time>2026-05-28T20:51:48.999911308Z</time>
            </trkpt>
            <trkpt lat="42.25558515176387" lon="-84.46144365713415">
                <ele>306.8173828124997</ele>
                <time>2026-05-28T20:51:49.999903202Z</time>
            </trkpt>
            <trkpt lat="42.255584774578224" lon="-84.46144441150544">
                <ele>306.8719482421872</ele>
                <time>2026-05-28T20:51:50.999894142Z</time>
            </trkpt>
            <trkpt lat="42.25558422975452" lon="-84.46144533351479">
                <ele>306.91015624999966</ele>
                <time>2026-05-28T20:51:51.999884605Z</time>
            </trkpt>
            <trkpt lat="42.25558393638791" lon="-84.46144566879092">
                <ele>306.8919677734372</ele>
                <time>2026-05-28T20:51:52.999875783Z</time>
            </trkpt>
            <trkpt lat="42.25558368493081" lon="-84.46144583642898">
                <ele>306.8801269531247</ele>
                <time>2026-05-28T20:51:53.999866962Z</time>
            </trkpt>
            <trkpt lat="42.25558008071245" lon="-84.46144550115285">
                <ele>307.54046630859347</ele>
                <time>2026-05-28T20:51:54.999857664Z</time>
            </trkpt>
            <trkpt lat="42.255575764032315" lon="-84.46144700989542">
                <ele>308.53027343749966</ele>
                <time>2026-05-28T20:51:55.999849081Z</time>
            </trkpt>
            <trkpt lat="42.255571908356856" lon="-84.4614501111996">
                <ele>309.26550292968716</ele>
                <time>2026-05-28T20:51:56.999839782Z</time>
            </trkpt>
            <trkpt lat="42.2555635683632" lon="-84.46145279340861">
                <ele>308.39038085937466</ele>
                <time>2026-05-28T20:51:57.999831199Z</time>
            </trkpt>
            <trkpt lat="42.2555556474647" lon="-84.46145287722764">
                <ele>309.27441406249966</ele>
                <time>2026-05-28T20:51:58.999822616Z</time>
            </trkpt>
            <trkpt lat="42.25555133078457" lon="-84.46144977592347">
                <ele>310.17199707031216</ele>
                <time>2026-05-28T20:51:59.999814033Z</time>
            </trkpt>
            <trkpt lat="42.25554873239459" lon="-84.46144675843833">
                <ele>311.1184082031247</ele>
                <time>2026-05-28T20:52:00.999804735Z</time>
            </trkpt>
            <trkpt lat="42.25554776847572" lon="-84.46144382477222">
                <ele>310.4482421874997</ele>
                <time>2026-05-28T20:52:01.999795436Z</time>
            </trkpt>
            <trkpt lat="42.25554701410444" lon="-84.46144063964901">
                <ele>311.1964111328122</ele>
                <time>2026-05-28T20:52:02.999786853Z</time>
            </trkpt>
            <trkpt lat="42.25554634355218" lon="-84.46143711924968">
                <ele>311.02108764648403</ele>
                <time>2026-05-28T20:52:03.999777555Z</time>
            </trkpt>
            <trkpt lat="42.255543577524136" lon="-84.461432676841">
                <ele>311.1372985839841</ele>
                <time>2026-05-28T20:52:04.999768972Z</time>
            </trkpt>
            <trkpt lat="42.255541062953185" lon="-84.46142991081295">
                <ele>311.4136657714841</ele>
                <time>2026-05-28T20:52:05.999759435Z</time>
            </trkpt>
            <trkpt lat="42.255539260844" lon="-84.46142957553683">
                <ele>311.44754028320284</ele>
                <time>2026-05-28T20:52:06.999751091Z</time>
            </trkpt>
            <trkpt lat="42.25553460888774" lon="-84.4614292402607">
                <ele>312.1507873535153</ele>
                <time>2026-05-28T20:52:07.999741792Z</time>
            </trkpt>
            <trkpt lat="42.25553280677856" lon="-84.4614294917178">
                <ele>312.4404602050778</ele>
                <time>2026-05-28T20:52:08.999733448Z</time>
            </trkpt>
            <trkpt lat="42.25553188476921" lon="-84.46142982699392">
                <ele>312.88333129882784</ele>
                <time>2026-05-28T20:52:09.999724864Z</time>
            </trkpt>
            <trkpt lat="42.25553138185502" lon="-84.46143024608908">
                <ele>312.6395568847653</ele>
                <time>2026-05-28T20:52:10.999715566Z</time>
            </trkpt>
            <trkpt lat="42.255531256126474" lon="-84.46143024608908">
                <ele>312.44772338867153</ele>
                <time>2026-05-28T20:52:11.999706268Z</time>
            </trkpt>
            <trkpt lat="42.25553142376454" lon="-84.46142991081295">
                <ele>312.8352966308591</ele>
                <time>2026-05-28T20:52:12.999697208Z</time>
            </trkpt>
            <trkpt lat="42.2555315914026" lon="-84.4614294917178">
                <ele>312.8080749511716</ele>
                <time>2026-05-28T20:52:13.999688625Z</time>
            </trkpt>
            <trkpt lat="42.25553188476921" lon="-84.46142907262264">
                <ele>312.77951049804653</ele>
                <time>2026-05-28T20:52:14.999680042Z</time>
            </trkpt>
            <trkpt lat="42.25553230386437" lon="-84.46142890498457">
                <ele>312.6844177246091</ele>
                <time>2026-05-28T20:52:15.999670743Z</time>
            </trkpt>
            <trkpt lat="42.255532555321466" lon="-84.46142848588941">
                <ele>312.6598205566403</ele>
                <time>2026-05-28T20:52:16.999662876Z</time>
            </trkpt>
            <trkpt lat="42.25553242959292" lon="-84.46142882116554">
                <ele>312.58029174804653</ele>
                <time>2026-05-28T20:52:17.999653816Z</time>
            </trkpt>
            <trkpt lat="42.255532471502434" lon="-84.46142882116554">
                <ele>312.53219604492153</ele>
                <time>2026-05-28T20:52:18.999644517Z</time>
            </trkpt>
            <trkpt lat="42.25553251341195" lon="-84.46142882116554">
                <ele>312.52182006835903</ele>
                <time>2026-05-28T20:52:19.999635696Z</time>
            </trkpt>
            <trkpt lat="42.25553242959292" lon="-84.46142915644167">
                <ele>312.4588317871091</ele>
                <time>2026-05-28T20:52:20.999626874Z</time>
            </trkpt>
            <trkpt lat="42.2555323876834" lon="-84.4614292402607">
                <ele>312.44967651367153</ele>
                <time>2026-05-28T20:52:21.999617576Z</time>
            </trkpt>
            <trkpt lat="42.25553335160227" lon="-84.46142890498457">
                <ele>312.4610290527341</ele>
                <time>2026-05-28T20:52:22.999608516Z</time>
            </trkpt>
            <trkpt lat="42.25553310014517" lon="-84.4614289888036">
                <ele>312.72268676757784</ele>
                <time>2026-05-28T20:52:23.999599933Z</time>
            </trkpt>
            <trkpt lat="42.25553251341195" lon="-84.46143024608908">
                <ele>312.7957458496091</ele>
                <time>2026-05-28T20:52:24.999591588Z</time>
            </trkpt>
            <trkpt lat="42.25553163331212" lon="-84.46143091664133">
                <ele>312.4440612792966</ele>
                <time>2026-05-28T20:52:25.999582290Z</time>
            </trkpt>
            <trkpt lat="42.25552798718424" lon="-84.46143326357422">
                <ele>312.36569213867153</ele>
                <time>2026-05-28T20:52:26.999573230Z</time>
            </trkpt>
            <trkpt lat="42.255526101256024" lon="-84.4614342694026">
                <ele>312.10079956054653</ele>
                <time>2026-05-28T20:52:27.999564170Z</time>
            </trkpt>
            <trkpt lat="42.25552388005168" lon="-84.46143317975519">
                <ele>312.2513732910153</ele>
                <time>2026-05-28T20:52:28.999556541Z</time>
            </trkpt>
            <trkpt lat="42.25552144929976" lon="-84.46143158719359">
                <ele>312.6503601074216</ele>
                <time>2026-05-28T20:52:29.999547719Z</time>
            </trkpt>
            <trkpt lat="42.25551956337155" lon="-84.46142999463198">
                <ele>312.87533569335903</ele>
                <time>2026-05-28T20:52:30.999538421Z</time>
            </trkpt>
            <trkpt lat="42.25551792890043" lon="-84.46142890498457">
                <ele>313.16488647460903</ele>
                <time>2026-05-28T20:52:31.999529361Z</time>
            </trkpt>
            <trkpt lat="42.25551746789576" lon="-84.46142815061329">
                <ele>312.70535278320284</ele>
                <time>2026-05-28T20:52:32.999520301Z</time>
            </trkpt>
            <trkpt lat="42.25551734216721" lon="-84.46142789915619">
                <ele>312.5844421386716</ele>
                <time>2026-05-28T20:52:33.999510765Z</time>
            </trkpt>
            <trkpt lat="42.255517384076725" lon="-84.4614276476991">
                <ele>312.49594116210903</ele>
                <time>2026-05-28T20:52:34.999502182Z</time>
            </trkpt>
            <trkpt lat="42.25551721643866" lon="-84.461427396242">
                <ele>312.5668640136716</ele>
                <time>2026-05-28T20:52:35.999493360Z</time>
            </trkpt>
            <trkpt lat="42.25551683925302" lon="-84.46142672568975">
                <ele>312.7325134277341</ele>
                <time>2026-05-28T20:52:36.999485015Z</time>
            </trkpt>
            <trkpt lat="42.25551662970544" lon="-84.4614260551375">
                <ele>312.7085266113278</ele>
                <time>2026-05-28T20:52:37.999476194Z</time>
            </trkpt>
            <trkpt lat="42.25551675543399" lon="-84.46142530076621">
                <ele>312.71853637695284</ele>
                <time>2026-05-28T20:52:38.999467372Z</time>
            </trkpt>
            <trkpt lat="42.2555167973435" lon="-84.46142479785202">
                <ele>312.7297058105466</ele>
                <time>2026-05-28T20:52:39.999458312Z</time>
            </trkpt>
            <trkpt lat="42.25551675543399" lon="-84.46142471403299">
                <ele>312.70321655273403</ele>
                <time>2026-05-28T20:52:40.999449253Z</time>
            </trkpt>
            <trkpt lat="42.25551671352447" lon="-84.46142454639492">
                <ele>312.6856994628903</ele>
                <time>2026-05-28T20:52:41.999440670Z</time>
            </trkpt>
            <trkpt lat="42.255516671614956" lon="-84.46142454639492">
                <ele>312.6732482910153</ele>
                <time>2026-05-28T20:52:42.999431610Z</time>
            </trkpt>
            <trkpt lat="42.255516587795924" lon="-84.46142446257589">
                <ele>312.6651916503903</ele>
                <time>2026-05-28T20:52:43.999423027Z</time>
            </trkpt>
            <trkpt lat="42.25551654588641" lon="-84.46142437875686">
                <ele>312.66195678710903</ele>
                <time>2026-05-28T20:52:44.999413490Z</time>
            </trkpt>
            <trkpt lat="42.25551650397689" lon="-84.46142429493783">
                <ele>312.6562194824216</ele>
                <time>2026-05-28T20:52:45.999405622Z</time>
            </trkpt>
            <trkpt lat="42.255516462067376" lon="-84.4614242111188">
                <ele>312.6514587402341</ele>
                <time>2026-05-28T20:52:46.999395847Z</time>
            </trkpt>
            <trkpt lat="42.25551642015786" lon="-84.46142412729976">
                <ele>312.6490173339841</ele>
                <time>2026-05-28T20:52:47.999387741Z</time>
            </trkpt>
            <trkpt lat="42.255516378248345" lon="-84.46142412729976">
                <ele>312.64804077148403</ele>
                <time>2026-05-28T20:52:48.999378919Z</time>
            </trkpt>
            <trkpt lat="42.25551633633883" lon="-84.46142404348073">
                <ele>312.64553833007784</ele>
                <time>2026-05-28T20:52:49.999369621Z</time>
            </trkpt>
            <trkpt lat="42.25551629442931" lon="-84.4614239596617">
                <ele>312.64328002929653</ele>
                <time>2026-05-28T20:52:50.999361515Z</time>
            </trkpt>
            <trkpt lat="42.2555162525198" lon="-84.4614239596617">
                <ele>312.64352416992153</ele>
                <time>2026-05-28T20:52:51.999351501Z</time>
            </trkpt>
            <trkpt lat="42.255516168700765" lon="-84.46142387584267">
                <ele>312.6437683105466</ele>
                <time>2026-05-28T20:52:52.999343395Z</time>
            </trkpt>
            <trkpt lat="42.25551612679125" lon="-84.46142387584267">
                <ele>312.64352416992153</ele>
                <time>2026-05-28T20:52:53.999334812Z</time>
            </trkpt>
            <trkpt lat="42.25551604297222" lon="-84.46142379202364">
                <ele>312.64407348632784</ele>
                <time>2026-05-28T20:52:54.999325990Z</time>
            </trkpt>
            <trkpt lat="42.2555160010627" lon="-84.46142379202364">
                <ele>312.64633178710903</ele>
                <time>2026-05-28T20:52:55.999316692Z</time>
            </trkpt>
            <trkpt lat="42.25551591724367" lon="-84.4614237082046">
                <ele>312.65048217773403</ele>
                <time>2026-05-28T20:52:56.999308109Z</time>
            </trkpt>
            <trkpt lat="42.255515875334154" lon="-84.4614237082046">
                <ele>312.6553649902341</ele>
                <time>2026-05-28T20:52:57.999298810Z</time>
            </trkpt>
            <trkpt lat="42.25551583342464" lon="-84.46142362438557">
                <ele>312.65689086914034</ele>
                <time>2026-05-28T20:52:58.999290466Z</time>
            </trkpt>
            <trkpt lat="42.25551574960561" lon="-84.46142362438557">
                <ele>312.65805053710903</ele>
                <time>2026-05-28T20:52:59.999281167Z</time>
            </trkpt>
            <trkpt lat="42.25551570769609" lon="-84.46142354056654">
                <ele>312.6582336425778</ele>
                <time>2026-05-28T20:53:00.999272584Z</time>
            </trkpt>
            <trkpt lat="42.255515665786575" lon="-84.46142354056654">
                <ele>312.6557312011716</ele>
                <time>2026-05-28T20:53:01.999263763Z</time>
            </trkpt>
            <trkpt lat="42.25551562387706" lon="-84.46142345674751">
                <ele>312.6526794433591</ele>
                <time>2026-05-28T20:53:02.999254703Z</time>
            </trkpt>
            <trkpt lat="42.25551558196754" lon="-84.46142345674751">
                <ele>312.6461486816403</ele>
                <time>2026-05-28T20:53:03.999245643Z</time>
            </trkpt>
            <trkpt lat="42.25551549814851" lon="-84.46142345674751">
                <ele>312.6425476074216</ele>
                <time>2026-05-28T20:53:04.999236583Z</time>
            </trkpt>
            <trkpt lat="42.25551549814851" lon="-84.46142345674751">
                <ele>312.63717651367153</ele>
                <time>2026-05-28T20:53:05.999227762Z</time>
            </trkpt>
            <trkpt lat="42.255515456238996" lon="-84.46142345674751">
                <ele>312.6300354003903</ele>
                <time>2026-05-28T20:53:06.999219417Z</time>
            </trkpt>
            <trkpt lat="42.25551541432948" lon="-84.46142337292848">
                <ele>312.62265014648403</ele>
                <time>2026-05-28T20:53:07.999210357Z</time>
            </trkpt>
            <trkpt lat="42.255515372419964" lon="-84.46142337292848">
                <ele>312.61434936523403</ele>
                <time>2026-05-28T20:53:08.999201774Z</time>
            </trkpt>
            <trkpt lat="42.255515372419964" lon="-84.46142337292848">
                <ele>312.6038513183591</ele>
                <time>2026-05-28T20:53:09.999192237Z</time>
            </trkpt>
            <trkpt lat="42.25551533051045" lon="-84.46142337292848">
                <ele>312.59378051757784</ele>
                <time>2026-05-28T20:53:10.999183654Z</time>
            </trkpt>
            <trkpt lat="42.25551528860093" lon="-84.46142328910945">
                <ele>312.5835876464841</ele>
                <time>2026-05-28T20:53:11.999175310Z</time>
            </trkpt>
            <trkpt lat="42.25551524669142" lon="-84.46142328910945">
                <ele>312.57528686523403</ele>
                <time>2026-05-28T20:53:12.999166965Z</time>
            </trkpt>
            <trkpt lat="42.25551524669142" lon="-84.46142328910945">
                <ele>312.5671081542966</ele>
                <time>2026-05-28T20:53:13.999156951Z</time>
            </trkpt>
            <trkpt lat="42.2555152047819" lon="-84.46142328910945">
                <ele>312.55673217773403</ele>
                <time>2026-05-28T20:53:14.999148368Z</time>
            </trkpt>
            <trkpt lat="42.2555152047819" lon="-84.46142320529042">
                <ele>312.5448913574216</ele>
                <time>2026-05-28T20:53:15.999140262Z</time>
            </trkpt>
            <trkpt lat="42.255515162872385" lon="-84.46142320529042">
                <ele>312.53305053710903</ele>
                <time>2026-05-28T20:53:16.999130725Z</time>
            </trkpt>
            <trkpt lat="42.25551512096287" lon="-84.46142320529042">
                <ele>312.52328491210903</ele>
                <time>2026-05-28T20:53:17.999122381Z</time>
            </trkpt>
            <trkpt lat="42.25551512096287" lon="-84.46142320529042">
                <ele>312.5116882324216</ele>
                <time>2026-05-28T20:53:18.999113082Z</time>
            </trkpt>
            <trkpt lat="42.25551507905335" lon="-84.46142320529042">
                <ele>312.50204467773403</ele>
                <time>2026-05-28T20:53:19.999104738Z</time>
            </trkpt>
            <trkpt lat="42.25551503714384" lon="-84.46142320529042">
                <ele>312.4932556152341</ele>
                <time>2026-05-28T20:53:20.999095439Z</time>
            </trkpt>
            <trkpt lat="42.25551499523432" lon="-84.46142320529042">
                <ele>312.4841003417966</ele>
                <time>2026-05-28T20:53:21.999086141Z</time>
            </trkpt>
            <trkpt lat="42.255514953324806" lon="-84.46142320529042">
                <ele>312.4782409667966</ele>
                <time>2026-05-28T20:53:22.999077796Z</time>
            </trkpt>
            <trkpt lat="42.25551491141529" lon="-84.46142320529042">
                <ele>312.47171020507784</ele>
                <time>2026-05-28T20:53:23.999069213Z</time>
            </trkpt>
            <trkpt lat="42.255514869505774" lon="-84.46142328910945">
                <ele>312.4643249511716</ele>
                <time>2026-05-28T20:53:24.999060153Z</time>
            </trkpt>
            <trkpt lat="42.25551482759626" lon="-84.46142328910945">
                <ele>312.4557800292966</ele>
                <time>2026-05-28T20:53:25.999051094Z</time>
            </trkpt>
            <trkpt lat="42.25551478568674" lon="-84.46142328910945">
                <ele>312.4507141113278</ele>
                <time>2026-05-28T20:53:26.999042034Z</time>
            </trkpt>
            <trkpt lat="42.255514743777226" lon="-84.46142320529042">
                <ele>312.4471130371091</ele>
                <time>2026-05-28T20:53:27.999033212Z</time>
            </trkpt>
            <trkpt lat="42.25551470186771" lon="-84.46142320529042">
                <ele>312.4432067871091</ele>
                <time>2026-05-28T20:53:28.999024391Z</time>
            </trkpt>
            <trkpt lat="42.255514659958195" lon="-84.46142320529042">
                <ele>312.4390563964841</ele>
                <time>2026-05-28T20:53:29.999016046Z</time>
            </trkpt>
            <trkpt lat="42.25551461804868" lon="-84.46142320529042">
                <ele>312.4328308105466</ele>
                <time>2026-05-28T20:53:31.000239372Z</time>
            </trkpt>
            <trkpt lat="42.25551461804868" lon="-84.46142320529042">
                <ele>312.4265441894528</ele>
                <time>2026-05-28T20:53:32.000242948Z</time>
            </trkpt>
            <trkpt lat="42.25551457613916" lon="-84.46142312147138">
                <ele>312.42330932617153</ele>
                <time>2026-05-28T20:53:33.000231504Z</time>
            </trkpt>
            <trkpt lat="42.25551453422965" lon="-84.46142312147138">
                <ele>312.4212341308591</ele>
                <time>2026-05-28T20:53:34.000235557Z</time>
            </trkpt>
            <trkpt lat="42.25551449232013" lon="-84.46142303765235">
                <ele>312.4195251464841</ele>
                <time>2026-05-28T20:53:35.000239372Z</time>
            </trkpt>
            <trkpt lat="42.25551449232013" lon="-84.46142303765235">
                <ele>312.4158630371091</ele>
                <time>2026-05-28T20:53:36.000225543Z</time>
            </trkpt>
            <trkpt lat="42.255514450410615" lon="-84.46142303765235">
                <ele>312.40963745117153</ele>
                <time>2026-05-28T20:53:37.000232696Z</time>
            </trkpt>
            <trkpt lat="42.2555144085011" lon="-84.46142303765235">
                <ele>312.40377807617153</ele>
                <time>2026-05-28T20:53:38.000233173Z</time>
            </trkpt>
            <trkpt lat="42.2555144085011" lon="-84.46142303765235">
                <ele>312.39852905273403</ele>
                <time>2026-05-28T20:53:39.000218391Z</time>
            </trkpt>
            <trkpt lat="42.25551436659158" lon="-84.46142295383332">
                <ele>312.3927917480466</ele>
                <time>2026-05-28T20:53:40.000221729Z</time>
            </trkpt>
            <trkpt lat="42.25551432468207" lon="-84.46142295383332">
                <ele>312.38565063476534</ele>
                <time>2026-05-28T20:53:41.000223159Z</time>
            </trkpt>
            <trkpt lat="42.25551428277255" lon="-84.46142295383332">
                <ele>312.37960815429653</ele>
                <time>2026-05-28T20:53:42.000206947Z</time>
            </trkpt>
            <trkpt lat="42.25551428277255" lon="-84.46142295383332">
                <ele>312.37203979492153</ele>
                <time>2026-05-28T20:53:43.000207901Z</time>
            </trkpt>
            <trkpt lat="42.255514240863036" lon="-84.46142287001429">
                <ele>312.36532592773403</ele>
                <time>2026-05-28T20:53:44.000209331Z</time>
            </trkpt>
            <trkpt lat="42.25551419895352" lon="-84.46142287001429">
                <ele>312.35922241210903</ele>
                <time>2026-05-28T20:53:45.000192642Z</time>
            </trkpt>
            <trkpt lat="42.255514157044004" lon="-84.46142287001429">
                <ele>312.3554382324216</ele>
                <time>2026-05-28T20:53:46.000176668Z</time>
            </trkpt>
            <trkpt lat="42.25551411513449" lon="-84.46142278619526">
                <ele>312.3487854003903</ele>
                <time>2026-05-28T20:53:47.000161170Z</time>
            </trkpt>
            <trkpt lat="42.25551411513449" lon="-84.46142278619526">
                <ele>312.3421325683591</ele>
                <time>2026-05-28T20:53:48.000146627Z</time>
            </trkpt>
            <trkpt lat="42.25551407322497" lon="-84.46142278619526">
                <ele>312.33810424804653</ele>
                <time>2026-05-28T20:53:49.000131130Z</time>
            </trkpt>
            <trkpt lat="42.25551403131546" lon="-84.46142278619526">
                <ele>312.33499145507784</ele>
                <time>2026-05-28T20:53:50.000117301Z</time>
            </trkpt>
            <trkpt lat="42.25551398940594" lon="-84.46142278619526">
                <ele>312.3337097167966</ele>
                <time>2026-05-28T20:53:51.000103473Z</time>
            </trkpt>
            <trkpt lat="42.255513947496425" lon="-84.46142270237623">
                <ele>312.32992553710903</ele>
                <time>2026-05-28T20:53:52.000089645Z</time>
            </trkpt>
            <trkpt lat="42.255513947496425" lon="-84.46142270237623">
                <ele>312.3250427246091</ele>
                <time>2026-05-28T20:53:53.000076293Z</time>
            </trkpt>
            <trkpt lat="42.25551390558691" lon="-84.46142270237623">
                <ele>312.31906127929653</ele>
                <time>2026-05-28T20:53:54.000062942Z</time>
            </trkpt>
            <trkpt lat="42.25551390558691" lon="-84.46142270237623">
                <ele>312.31686401367153</ele>
                <time>2026-05-28T20:53:55.000049114Z</time>
            </trkpt>
            <trkpt lat="42.25551386367739" lon="-84.4614226185572">
                <ele>312.3136901855466</ele>
                <time>2026-05-28T20:53:56.000036716Z</time>
            </trkpt>
            <trkpt lat="42.25551386367739" lon="-84.4614226185572">
                <ele>312.3091735839841</ele>
                <time>2026-05-28T20:53:57.000024318Z</time>
            </trkpt>
            <trkpt lat="42.25551386367739" lon="-84.4614226185572">
                <ele>312.30746459960903</ele>
                <time>2026-05-28T20:53:58.000011444Z</time>
            </trkpt>
            <trkpt lat="42.25551382176788" lon="-84.46142253473816">
                <ele>312.3061218261716</ele>
                <time>2026-05-28T20:53:59Z</time>
            </trkpt>
            <trkpt lat="42.25551382176788" lon="-84.46142245091913">
                <ele>312.2989807128903</ele>
                <time>2026-05-28T20:54:00.999976158Z</time>
            </trkpt>
            <trkpt lat="42.25551382176788" lon="-84.46142245091913">
                <ele>312.2964782714841</ele>
                <time>2026-05-28T20:54:01.999963760Z</time>
            </trkpt>
            <trkpt lat="42.25551382176788" lon="-84.4614223671001">
                <ele>312.29232788085903</ele>
                <time>2026-05-28T20:54:02.999952554Z</time>
            </trkpt>
            <trkpt lat="42.25551382176788" lon="-84.4614223671001">
                <ele>312.2882995605466</ele>
                <time>2026-05-28T20:54:03.999941349Z</time>
            </trkpt>
            <trkpt lat="42.25551377985836" lon="-84.46142228328107">
                <ele>312.2846984863278</ele>
                <time>2026-05-28T20:54:04.999929904Z</time>
            </trkpt>
            <trkpt lat="42.25551377985836" lon="-84.46142228328107">
                <ele>312.2783508300778</ele>
                <time>2026-05-28T20:54:05.999918937Z</time>
            </trkpt>
            <trkpt lat="42.255513737948846" lon="-84.46142228328107">
                <ele>312.27267456054653</ele>
                <time>2026-05-28T20:54:06.999907493Z</time>
            </trkpt>
            <trkpt lat="42.255513737948846" lon="-84.46142219946204">
                <ele>312.26785278320284</ele>
                <time>2026-05-28T20:54:07.999896049Z</time>
            </trkpt>
            <trkpt lat="42.255513737948846" lon="-84.46142219946204">
                <ele>312.26315307617153</ele>
                <time>2026-05-28T20:54:08.999885559Z</time>
            </trkpt>
            <trkpt lat="42.255513737948846" lon="-84.46142219946204">
                <ele>312.2619323730466</ele>
                <time>2026-05-28T20:54:09.999874353Z</time>
            </trkpt>
            <trkpt lat="42.255513737948846" lon="-84.461422115643">
                <ele>312.26034545898403</ele>
                <time>2026-05-28T20:54:10.999864101Z</time>
            </trkpt>
            <trkpt lat="42.25551369603933" lon="-84.461422115643">
                <ele>312.2574768066403</ele>
                <time>2026-05-28T20:54:11.999853372Z</time>
            </trkpt>
            <trkpt lat="42.25551369603933" lon="-84.46142203182397">
                <ele>312.2569274902341</ele>
                <time>2026-05-28T20:54:12.999842882Z</time>
            </trkpt>
            <trkpt lat="42.25551369603933" lon="-84.46142203182397">
                <ele>312.2537536621091</ele>
                <time>2026-05-28T20:54:13.999832153Z</time>
            </trkpt>
            <trkpt lat="42.25551369603933" lon="-84.46142203182397">
                <ele>312.25094604492153</ele>
                <time>2026-05-28T20:54:14.999822139Z</time>
            </trkpt>
            <trkpt lat="42.255513654129814" lon="-84.46142203182397">
                <ele>312.2492980957028</ele>
                <time>2026-05-28T20:54:15.999811172Z</time>
            </trkpt>
            <trkpt lat="42.255513654129814" lon="-84.46142194800494">
                <ele>312.24472045898403</ele>
                <time>2026-05-28T20:54:16.999801635Z</time>
            </trkpt>
            <trkpt lat="42.2555136122203" lon="-84.46142194800494">
                <ele>312.24166870117153</ele>
                <time>2026-05-28T20:54:17.999791145Z</time>
            </trkpt>
            <trkpt lat="42.2555136122203" lon="-84.46142194800494">
                <ele>312.23837280273403</ele>
                <time>2026-05-28T20:54:18.999780654Z</time>
            </trkpt>
            <trkpt lat="42.25551357031078" lon="-84.46142186418591">
                <ele>312.2343444824216</ele>
                <time>2026-05-28T20:54:19.999770164Z</time>
            </trkpt>
            <trkpt lat="42.25551357031078" lon="-84.46142186418591">
                <ele>312.22994995117153</ele>
                <time>2026-05-28T20:54:20.999761104Z</time>
            </trkpt>
            <trkpt lat="42.255513528401266" lon="-84.46142186418591">
                <ele>312.2253723144528</ele>
                <time>2026-05-28T20:54:21.999750614Z</time>
            </trkpt>
            <trkpt lat="42.255513528401266" lon="-84.46142178036688">
                <ele>312.2189636230466</ele>
                <time>2026-05-28T20:54:22.999740600Z</time>
            </trkpt>
            <trkpt lat="42.25551348649175" lon="-84.46142178036688">
                <ele>312.2125549316403</ele>
                <time>2026-05-28T20:54:23.999730348Z</time>
            </trkpt>
            <trkpt lat="42.25551348649175" lon="-84.46142178036688">
                <ele>312.2065124511716</ele>
                <time>2026-05-28T20:54:24.999720335Z</time>
            </trkpt>
            <trkpt lat="42.25551348649175" lon="-84.46142178036688">
                <ele>312.20431518554653</ele>
                <time>2026-05-28T20:54:25.999710798Z</time>
            </trkpt>
            <trkpt lat="42.25551348649175" lon="-84.46142169654784">
                <ele>312.2004089355466</ele>
                <time>2026-05-28T20:54:26.999700784Z</time>
            </trkpt>
            <trkpt lat="42.255513444582235" lon="-84.46142169654784">
                <ele>312.19686889648403</ele>
                <time>2026-05-28T20:54:27.999691009Z</time>
            </trkpt>
            <trkpt lat="42.255513444582235" lon="-84.46142169654784">
                <ele>312.19381713867153</ele>
                <time>2026-05-28T20:54:28.999681472Z</time>
            </trkpt>
            <trkpt lat="42.25551340267272" lon="-84.46142161272881">
                <ele>312.18881225585903</ele>
                <time>2026-05-28T20:54:29.999671459Z</time>
            </trkpt>
            <trkpt lat="42.25551340267272" lon="-84.46142161272881">
                <ele>312.18319702148403</ele>
                <time>2026-05-28T20:54:30.999661922Z</time>
            </trkpt>
            <trkpt lat="42.2555133607632" lon="-84.46142161272881">
                <ele>312.1822814941403</ele>
                <time>2026-05-28T20:54:31.999651670Z</time>
            </trkpt>
            <trkpt lat="42.2555133607632" lon="-84.46142152890978">
                <ele>312.1774597167966</ele>
                <time>2026-05-28T20:54:32.999642372Z</time>
            </trkpt>
            <trkpt lat="42.25551331885369" lon="-84.46142152890978">
                <ele>312.17074584960903</ele>
                <time>2026-05-28T20:54:33.999632358Z</time>
            </trkpt>
            <trkpt lat="42.25551331885369" lon="-84.46142152890978">
                <ele>312.16372680664034</ele>
                <time>2026-05-28T20:54:34.999622821Z</time>
            </trkpt>
            <trkpt lat="42.25551327694417" lon="-84.46142152890978">
                <ele>312.1569519042966</ele>
                <time>2026-05-28T20:54:35.999612331Z</time>
            </trkpt>
            <trkpt lat="42.25551327694417" lon="-84.46142152890978">
                <ele>312.1521911621091</ele>
                <time>2026-05-28T20:54:36.999603033Z</time>
            </trkpt>
            <trkpt lat="42.255513235034655" lon="-84.46142144509075">
                <ele>312.1457214355466</ele>
                <time>2026-05-28T20:54:37.999593734Z</time>
            </trkpt>
            <trkpt lat="42.255513235034655" lon="-84.46142144509075">
                <ele>312.13778686523403</ele>
                <time>2026-05-28T20:54:38.999583721Z</time>
            </trkpt>
            <trkpt lat="42.25551319312514" lon="-84.46142144509075">
                <ele>312.13302612304653</ele>
                <time>2026-05-28T20:54:39.999574184Z</time>
            </trkpt>
            <trkpt lat="42.255513444582235" lon="-84.46142094217656">
                <ele>312.0791931152341</ele>
                <time>2026-05-28T20:54:40.999563932Z</time>
            </trkpt>
            <trkpt lat="42.25551398940594" lon="-84.46141943343399">
                <ele>311.7734069824216</ele>
                <time>2026-05-28T20:54:41.999554872Z</time>
            </trkpt>
            <trkpt lat="42.255515162872385" lon="-84.46141775705335">
                <ele>311.6983337402341</ele>
                <time>2026-05-28T20:54:42.999545097Z</time>
            </trkpt>
            <trkpt lat="42.25551629442931" lon="-84.46141591303466">
                <ele>311.8329772949216</ele>
                <time>2026-05-28T20:54:43.999535560Z</time>
            </trkpt>
            <trkpt lat="42.25551629442931" lon="-84.4614154939395">
                <ele>311.4698181152341</ele>
                <time>2026-05-28T20:54:44.999526500Z</time>
            </trkpt>
            <trkpt lat="42.25551574960561" lon="-84.46141608067272">
                <ele>311.2017517089841</ele>
                <time>2026-05-28T20:54:45.999516010Z</time>
            </trkpt>
            <trkpt lat="42.2555152047819" lon="-84.46141591303466">
                <ele>311.1590881347653</ele>
                <time>2026-05-28T20:54:46.999506711Z</time>
            </trkpt>
            <trkpt lat="42.25551482759626" lon="-84.4614157453966">
                <ele>311.04476928710903</ele>
                <time>2026-05-28T20:54:47.999496936Z</time>
            </trkpt>
            <trkpt lat="42.255514743777226" lon="-84.46141499102531">
                <ele>311.13778686523403</ele>
                <time>2026-05-28T20:54:48.999487638Z</time>
            </trkpt>
            <trkpt lat="42.25551470186771" lon="-84.46141440429209">
                <ele>311.1708679199216</ele>
                <time>2026-05-28T20:54:49.999478101Z</time>
            </trkpt>
            <trkpt lat="42.25551461804868" lon="-84.46141398519693">
                <ele>311.1958312988278</ele>
                <time>2026-05-28T20:54:50.999468803Z</time>
            </trkpt>
            <trkpt lat="42.25551449232013" lon="-84.46141381755886">
                <ele>311.1580505371091</ele>
                <time>2026-05-28T20:54:51.999458789Z</time>
            </trkpt>
            <trkpt lat="42.2555144085011" lon="-84.46141373373983">
                <ele>311.1374206542966</ele>
                <time>2026-05-28T20:54:52.999449253Z</time>
            </trkpt>
            <trkpt lat="42.25551436659158" lon="-84.4614136499208">
                <ele>311.1272277832028</ele>
                <time>2026-05-28T20:54:53.999439954Z</time>
            </trkpt>
            <trkpt lat="42.25551432468207" lon="-84.4614136499208">
                <ele>311.12008666992153</ele>
                <time>2026-05-28T20:54:54.999429941Z</time>
            </trkpt>
            <trkpt lat="42.25551428277255" lon="-84.4614136499208">
                <ele>311.11508178710903</ele>
                <time>2026-05-28T20:54:55.999420642Z</time>
            </trkpt>
            <trkpt lat="42.255514240863036" lon="-84.4614136499208">
                <ele>311.1106872558591</ele>
                <time>2026-05-28T20:54:56.999411106Z</time>
            </trkpt>
            <trkpt lat="42.255514240863036" lon="-84.4614136499208">
                <ele>311.10702514648403</ele>
                <time>2026-05-28T20:54:57.999401807Z</time>
            </trkpt>
            <trkpt lat="42.25551419895352" lon="-84.4614136499208">
                <ele>311.10311889648403</ele>
                <time>2026-05-28T20:54:58.999392032Z</time>
            </trkpt>
            <trkpt lat="42.25551419895352" lon="-84.4614136499208">
                <ele>311.09823608398403</ele>
                <time>2026-05-28T20:54:59.999383211Z</time>
            </trkpt>
            <trkpt lat="42.25551419895352" lon="-84.4614136499208">
                <ele>311.0927429199216</ele>
                <time>2026-05-28T20:55:00.999373912Z</time>
            </trkpt>
            <trkpt lat="42.255514157044004" lon="-84.4614136499208">
                <ele>311.08541870117153</ele>
                <time>2026-05-28T20:55:01.999364376Z</time>
            </trkpt>
            <trkpt lat="42.255514157044004" lon="-84.4614136499208">
                <ele>311.07821655273403</ele>
                <time>2026-05-28T20:55:02.999354362Z</time>
            </trkpt>
            <trkpt lat="42.25551411513449" lon="-84.4614136499208">
                <ele>311.07266235351534</ele>
                <time>2026-05-28T20:55:03.999345302Z</time>
            </trkpt>
            <trkpt lat="42.25551411513449" lon="-84.4614136499208">
                <ele>311.0681457519528</ele>
                <time>2026-05-28T20:55:04.999335765Z</time>
            </trkpt>
            <trkpt lat="42.25551407322497" lon="-84.4614136499208">
                <ele>311.06570434570284</ele>
                <time>2026-05-28T20:55:05.999326229Z</time>
            </trkpt>
            <trkpt lat="42.25551407322497" lon="-84.4614136499208">
                <ele>311.06063842773403</ele>
                <time>2026-05-28T20:55:06.999317169Z</time>
            </trkpt>
            <trkpt lat="42.25551403131546" lon="-84.4614136499208">
                <ele>311.0562438964841</ele>
                <time>2026-05-28T20:55:07.999307632Z</time>
            </trkpt>
            <trkpt lat="42.25551403131546" lon="-84.46141356610177">
                <ele>311.05282592773403</ele>
                <time>2026-05-28T20:55:08.999298095Z</time>
            </trkpt>
            <trkpt lat="42.25551398940594" lon="-84.46141356610177">
                <ele>311.0470886230466</ele>
                <time>2026-05-28T20:55:09.999288082Z</time>
            </trkpt>
            <trkpt lat="42.255513947496425" lon="-84.46141356610177">
                <ele>311.0414123535153</ele>
                <time>2026-05-28T20:55:10.999278783Z</time>
            </trkpt>
            <trkpt lat="42.25551390558691" lon="-84.46141356610177">
                <ele>311.03671264648403</ele>
                <time>2026-05-28T20:55:11.999269485Z</time>
            </trkpt>
            <trkpt lat="42.25551390558691" lon="-84.46141348228274">
                <ele>311.0321960449216</ele>
                <time>2026-05-28T20:55:12.999259471Z</time>
            </trkpt>
            <trkpt lat="42.25551386367739" lon="-84.46141348228274">
                <ele>311.02713012695284</ele>
                <time>2026-05-28T20:55:13.999250411Z</time>
            </trkpt>
            <trkpt lat="42.25551382176788" lon="-84.46141348228274">
                <ele>311.02401733398403</ele>
                <time>2026-05-28T20:55:14.999240398Z</time>
            </trkpt>
            <trkpt lat="42.25551377985836" lon="-84.46141348228274">
                <ele>311.0193786621091</ele>
                <time>2026-05-28T20:55:15.999230861Z</time>
            </trkpt>
            <trkpt lat="42.255513737948846" lon="-84.46141348228274">
                <ele>311.0166320800778</ele>
                <time>2026-05-28T20:55:16.999221324Z</time>
            </trkpt>
            <trkpt lat="42.25551377985836" lon="-84.46141440429209">
                <ele>310.9147644042966</ele>
                <time>2026-05-28T20:55:17.999211788Z</time>
            </trkpt>
            <trkpt lat="42.25551503714384" lon="-84.46141725413916">
                <ele>310.9939880371091</ele>
                <time>2026-05-28T20:55:18.999202728Z</time>
            </trkpt>
            <trkpt lat="42.25551562387706" lon="-84.46141800851045">
                <ele>310.8374938964841</ele>
                <time>2026-05-28T20:55:19.999194145Z</time>
            </trkpt>
            <trkpt lat="42.25551541432948" lon="-84.46141934961496">
                <ele>310.95285034179653</ele>
                <time>2026-05-28T20:55:20.999184370Z</time>
            </trkpt>
            <trkpt lat="42.255515372419964" lon="-84.46142002016721">
                <ele>310.83493041992153</ele>
                <time>2026-05-28T20:55:21.999174594Z</time>
            </trkpt>
            <trkpt lat="42.255515456238996" lon="-84.46142018780527">
                <ele>310.9750061035153</ele>
                <time>2026-05-28T20:55:22.999165296Z</time>
            </trkpt>
            <trkpt lat="42.255515456238996" lon="-84.46142002016721">
                <ele>310.81417846679653</ele>
                <time>2026-05-28T20:55:23.999155759Z</time>
            </trkpt>
            <trkpt lat="42.25551558196754" lon="-84.46141960107205">
                <ele>310.86788940429653</ele>
                <time>2026-05-28T20:55:24.999146223Z</time>
            </trkpt>
            <trkpt lat="42.25551558196754" lon="-84.4614191819769">
                <ele>310.8652648925778</ele>
                <time>2026-05-28T20:55:25.999136686Z</time>
            </trkpt>
            <trkpt lat="42.255515456238996" lon="-84.46141859524367">
                <ele>310.9145202636716</ele>
                <time>2026-05-28T20:55:26.999127388Z</time>
            </trkpt>
            <trkpt lat="42.25551528860093" lon="-84.46141809232948">
                <ele>310.9048156738278</ele>
                <time>2026-05-28T20:55:27.999117851Z</time>
            </trkpt>
            <trkpt lat="42.25551512096287" lon="-84.46141775705335">
                <ele>310.93112182617153</ele>
                <time>2026-05-28T20:55:28.999107837Z</time>
            </trkpt>
            <trkpt lat="42.25551499523432" lon="-84.46141767323432">
                <ele>310.93399047851534</ele>
                <time>2026-05-28T20:55:29.999098777Z</time>
            </trkpt>
            <trkpt lat="42.25551491141529" lon="-84.46141758941529">
                <ele>310.93685913085903</ele>
                <time>2026-05-28T20:55:30.999089956Z</time>
            </trkpt>
            <trkpt lat="42.255514869505774" lon="-84.46141750559626">
                <ele>310.94088745117153</ele>
                <time>2026-05-28T20:55:31.999080419Z</time>
            </trkpt>
            <trkpt lat="42.25551482759626" lon="-84.46141750559626">
                <ele>310.9433898925778</ele>
                <time>2026-05-28T20:55:32.999070167Z</time>
            </trkpt>
            <trkpt lat="42.25551478568674" lon="-84.46141750559626">
                <ele>310.9435729980466</ele>
                <time>2026-05-28T20:55:33.999060869Z</time>
            </trkpt>
            <trkpt lat="42.255514743777226" lon="-84.46141742177723">
                <ele>310.9422302246091</ele>
                <time>2026-05-28T20:55:34.999051094Z</time>
            </trkpt>
            <trkpt lat="42.25551470186771" lon="-84.46141742177723">
                <ele>310.9385070800778</ele>
                <time>2026-05-28T20:55:35.999041557Z</time>
            </trkpt>
            <trkpt lat="42.255514659958195" lon="-84.46141742177723">
                <ele>310.9345397949216</ele>
                <time>2026-05-28T20:55:37.000338077Z</time>
            </trkpt>
            <trkpt lat="42.25551461804868" lon="-84.46141742177723">
                <ele>310.93197631835903</ele>
                <time>2026-05-28T20:55:38.000341892Z</time>
            </trkpt>
            <trkpt lat="42.25551453422965" lon="-84.46141742177723">
                <ele>310.9302673339841</ele>
                <time>2026-05-28T20:55:39.000329971Z</time>
            </trkpt>
            <trkpt lat="42.25551449232013" lon="-84.4614173379582">
                <ele>310.93197631835903</ele>
                <time>2026-05-28T20:55:40.000334262Z</time>
            </trkpt>
            <trkpt lat="42.255514450410615" lon="-84.4614173379582">
                <ele>310.9325866699216</ele>
                <time>2026-05-28T20:55:41.000339746Z</time>
            </trkpt>
            <trkpt lat="42.2555144085011" lon="-84.4614173379582">
                <ele>310.93392944335903</ele>
                <time>2026-05-28T20:55:42.000322580Z</time>
            </trkpt>
            <trkpt lat="42.25551432468207" lon="-84.46141725413916">
                <ele>310.93307495117153</ele>
                <time>2026-05-28T20:55:43.000321149Z</time>
            </trkpt>
            <trkpt lat="42.25551428277255" lon="-84.46141725413916">
                <ele>310.93209838867153</ele>
                <time>2026-05-28T20:55:44.000320911Z</time>
            </trkpt>
            <trkpt lat="42.255514240863036" lon="-84.46141725413916">
                <ele>310.9327087402341</ele>
                <time>2026-05-28T20:55:45.000303268Z</time>
            </trkpt>
            <trkpt lat="42.25551419895352" lon="-84.46141717032013">
                <ele>310.9333190917966</ele>
                <time>2026-05-28T20:55:46.000305891Z</time>
            </trkpt>
            <trkpt lat="42.25551432468207" lon="-84.46141717032013">
                <ele>310.3269958496091</ele>
                <time>2026-05-28T20:55:47.000305652Z</time>
            </trkpt>
            <trkpt lat="42.25551390558691" lon="-84.4614207745385">
                <ele>310.68637084960903</ele>
                <time>2026-05-28T20:55:48.000287055Z</time>
            </trkpt>
            <trkpt lat="42.255514450410615" lon="-84.46142521694718">
                <ele>311.0818786621091</ele>
                <time>2026-05-28T20:55:49.000283718Z</time>
            </trkpt>
            <trkpt lat="42.25551491141529" lon="-84.4614294917178">
                <ele>310.9167175292966</ele>
                <time>2026-05-28T20:55:50.000283002Z</time>
            </trkpt>
            <trkpt lat="42.25551507905335" lon="-84.46143343121228">
                <ele>310.69845581054653</ele>
                <time>2026-05-28T20:55:51.000264644Z</time>
            </trkpt>
            <trkpt lat="42.25551491141529" lon="-84.46143619724033">
                <ele>311.2879333496091</ele>
                <time>2026-05-28T20:55:52.000248432Z</time>
            </trkpt>
            <trkpt lat="42.25551633633883" lon="-84.46143787362097">
                <ele>311.6112365722653</ele>
                <time>2026-05-28T20:55:53.000232219Z</time>
            </trkpt>
            <trkpt lat="42.25551843181462" lon="-84.46143829271612">
                <ele>311.62374877929653</ele>
                <time>2026-05-28T20:55:54.000215530Z</time>
            </trkpt>
            <trkpt lat="42.25552170075686" lon="-84.46143670015452">
                <ele>311.7765808105466</ele>
                <time>2026-05-28T20:55:55.000199794Z</time>
            </trkpt>
            <trkpt lat="42.255527819546174" lon="-84.46143745452581">
                <ele>312.3523864746091</ele>
                <time>2026-05-28T20:55:56.000184774Z</time>
            </trkpt>
            <trkpt lat="42.255536410996925" lon="-84.46143854417322">
                <ele>312.0337219238278</ele>
                <time>2026-05-28T20:55:57.000170230Z</time>
            </trkpt>
            <trkpt lat="42.255543577524136" lon="-84.46144290276287">
                <ele>311.3113708496091</ele>
                <time>2026-05-28T20:55:58.000155925Z</time>
            </trkpt>
            <trkpt lat="42.25555049259425" lon="-84.46144608788607">
                <ele>310.7839355468747</ele>
                <time>2026-05-28T20:55:59.000140666Z</time>
            </trkpt>
            <trkpt lat="42.25555732384534" lon="-84.4614450820577">
                <ele>310.20050048828097</ele>
                <time>2026-05-28T20:56:00.000126600Z</time>
            </trkpt>
            <trkpt lat="42.255563736001264" lon="-84.46144357331512">
                <ele>309.65246582031216</ele>
                <time>2026-05-28T20:56:01.000113487Z</time>
            </trkpt>
            <trkpt lat="42.255570190066706" lon="-84.46144047201095">
                <ele>309.61871337890597</ele>
                <time>2026-05-28T20:56:02.000099182Z</time>
            </trkpt>
            <trkpt lat="42.25557609930844" lon="-84.46143971763966">
                <ele>309.50085449218716</ele>
                <time>2026-05-28T20:56:03.000086069Z</time>
            </trkpt>
            <trkpt lat="42.25558066744567" lon="-84.46144239984868">
                <ele>309.0280761718747</ele>
                <time>2026-05-28T20:56:04.000072956Z</time>
            </trkpt>
            <trkpt lat="42.25558473266871" lon="-84.46145027883766">
                <ele>308.3492431640622</ele>
                <time>2026-05-28T20:56:05.000060081Z</time>
            </trkpt>
            <trkpt lat="42.25558687005402" lon="-84.46145631380794">
                <ele>308.25280761718716</ele>
                <time>2026-05-28T20:56:06.000046730Z</time>
            </trkpt>
            <trkpt lat="42.25558829497756" lon="-84.46146151058791">
                <ele>308.3564453124997</ele>
                <time>2026-05-28T20:56:07.000034332Z</time>
            </trkpt>
            <trkpt lat="42.255589426534485" lon="-84.46146578535853">
                <ele>308.4395751953122</ele>
                <time>2026-05-28T20:56:08.000021457Z</time>
            </trkpt>
            <trkpt lat="42.25558997135819" lon="-84.46146645591078">
                <ele>308.78137207031216</ele>
                <time>2026-05-28T20:56:09.000009536Z</time>
            </trkpt>
            <trkpt lat="42.255590641910445" lon="-84.46146511480627">
                <ele>309.2835693359372</ele>
                <time>2026-05-28T20:56:10.999984741Z</time>
            </trkpt>
            <trkpt lat="42.255591354372214" lon="-84.46146419279692">
                <ele>309.4132690429684</ele>
                <time>2026-05-28T20:56:11.999973297Z</time>
            </trkpt>
            <trkpt lat="42.255591941105436" lon="-84.46146327078758">
                <ele>309.5123291015622</ele>
                <time>2026-05-28T20:56:12.999960899Z</time>
            </trkpt>
            <trkpt lat="42.25559223447205" lon="-84.4614622649592">
                <ele>309.5013427734372</ele>
                <time>2026-05-28T20:56:13.999948978Z</time>
            </trkpt>
            <trkpt lat="42.25559261165769" lon="-84.46146142676888">
                <ele>309.52282714843716</ele>
                <time>2026-05-28T20:56:14.999937295Z</time>
            </trkpt>
            <trkpt lat="42.25559311457188" lon="-84.46146058857856">
                <ele>309.5034179687497</ele>
                <time>2026-05-28T20:56:15.999925851Z</time>
            </trkpt>
            <trkpt lat="42.255593156481396" lon="-84.46146025330243">
                <ele>309.4832763671872</ele>
                <time>2026-05-28T20:56:16.999914169Z</time>
            </trkpt>
            <trkpt lat="42.25559311457188" lon="-84.46146000184534">
                <ele>309.48992919921847</ele>
                <time>2026-05-28T20:56:17.999902248Z</time>
            </trkpt>
            <trkpt lat="42.25559311457188" lon="-84.46145983420728">
                <ele>309.48986816406216</ele>
                <time>2026-05-28T20:56:18.999891281Z</time>
            </trkpt>
            <trkpt lat="42.25559311457188" lon="-84.46145975038824">
                <ele>309.48809814453097</ele>
                <time>2026-05-28T20:56:19.999880313Z</time>
            </trkpt>
            <trkpt lat="42.255593072662364" lon="-84.46145966656921">
                <ele>309.49017333984347</ele>
                <time>2026-05-28T20:56:20.999869108Z</time>
            </trkpt>
            <trkpt lat="42.25559298884333" lon="-84.46145966656921">
                <ele>309.4834594726559</ele>
                <time>2026-05-28T20:56:21.999857664Z</time>
            </trkpt>
            <trkpt lat="42.2555929050243" lon="-84.46145966656921">
                <ele>309.48193359374966</ele>
                <time>2026-05-28T20:56:22.999845743Z</time>
            </trkpt>
            <trkpt lat="42.25559282120527" lon="-84.46145966656921">
                <ele>309.4776611328122</ele>
                <time>2026-05-28T20:56:23.999834775Z</time>
            </trkpt>
            <trkpt lat="42.25559273738624" lon="-84.46145966656921">
                <ele>309.47637939453097</ele>
                <time>2026-05-28T20:56:24.999824523Z</time>
            </trkpt>
            <trkpt lat="42.255592653567206" lon="-84.46145966656921">
                <ele>309.4785766601559</ele>
                <time>2026-05-28T20:56:25.999813079Z</time>
            </trkpt>
            <trkpt lat="42.25559261165769" lon="-84.46145966656921">
                <ele>309.47595214843716</ele>
                <time>2026-05-28T20:56:26.999802112Z</time>
            </trkpt>
            <trkpt lat="42.25559252783866" lon="-84.46145966656921">
                <ele>309.4775390624997</ele>
                <time>2026-05-28T20:56:27.999790668Z</time>
            </trkpt>
            <trkpt lat="42.25559248592914" lon="-84.46145966656921">
                <ele>309.4777832031247</ele>
                <time>2026-05-28T20:56:28.999780416Z</time>
            </trkpt>
            <trkpt lat="42.25559240211011" lon="-84.46145966656921">
                <ele>309.4757080078122</ele>
                <time>2026-05-28T20:56:29.999769210Z</time>
            </trkpt>
            <trkpt lat="42.25559227638156" lon="-84.46145966656921">
                <ele>309.4718017578122</ele>
                <time>2026-05-28T20:56:30.999758720Z</time>
            </trkpt>
            <trkpt lat="42.25559219256253" lon="-84.46145966656921">
                <ele>309.4686279296872</ele>
                <time>2026-05-28T20:56:31.999747753Z</time>
            </trkpt>
            <trkpt lat="42.2555921087435" lon="-84.46145966656921">
                <ele>309.4675292968747</ele>
                <time>2026-05-28T20:56:32.999736785Z</time>
            </trkpt>
            <trkpt lat="42.25559202492447" lon="-84.46145966656921">
                <ele>309.4755249023434</ele>
                <time>2026-05-28T20:56:33.999725818Z</time>
            </trkpt>
            <trkpt lat="42.25559189919592" lon="-84.46145966656921">
                <ele>309.4745483398434</ele>
                <time>2026-05-28T20:56:34.999715566Z</time>
            </trkpt>
            <trkpt lat="42.25559181537689" lon="-84.46145966656921">
                <ele>309.4744873046872</ele>
                <time>2026-05-28T20:56:35.999704360Z</time>
            </trkpt>
            <trkpt lat="42.25559173155786" lon="-84.46145966656921">
                <ele>309.47229003906216</ele>
                <time>2026-05-28T20:56:36.999693870Z</time>
            </trkpt>
            <trkpt lat="42.255591647738825" lon="-84.46145966656921">
                <ele>309.4676513671872</ele>
                <time>2026-05-28T20:56:37.999683380Z</time>
            </trkpt>
            <trkpt lat="42.25559156391979" lon="-84.46145966656921">
                <ele>309.46313476562466</ele>
                <time>2026-05-28T20:56:38.999672889Z</time>
            </trkpt>
            <trkpt lat="42.25559148010076" lon="-84.46145975038824">
                <ele>309.45751953124966</ele>
                <time>2026-05-28T20:56:39.999661684Z</time>
            </trkpt>
            <trkpt lat="42.25559139628173" lon="-84.46145975038824">
                <ele>309.4520263671872</ele>
                <time>2026-05-28T20:56:40.999651908Z</time>
            </trkpt>
            <trkpt lat="42.2555913124627" lon="-84.46145975038824">
                <ele>309.4479980468747</ele>
                <time>2026-05-28T20:56:41.999641418Z</time>
            </trkpt>
            <trkpt lat="42.25559122864367" lon="-84.46145975038824">
                <ele>309.4431152343747</ele>
                <time>2026-05-28T20:56:42.999630212Z</time>
            </trkpt>
            <trkpt lat="42.255592863114785" lon="-84.46145949893115">
                <ele>309.49371337890597</ele>
                <time>2026-05-28T20:56:43.999619960Z</time>
            </trkpt>
            <trkpt lat="42.25559646733315" lon="-84.46146000184534">
                <ele>309.04656982421847</ele>
                <time>2026-05-28T20:56:44.999609708Z</time>
            </trkpt>
            <trkpt lat="42.25559864662797" lon="-84.46145966656921">
                <ele>308.9167480468747</ele>
                <time>2026-05-28T20:56:45.999598503Z</time>
            </trkpt>
            <trkpt lat="42.25559969436587" lon="-84.4614588283789">
                <ele>308.7927246093747</ele>
                <time>2026-05-28T20:56:46.999588012Z</time>
            </trkpt>
            <trkpt lat="42.25560070019425" lon="-84.4614583254647">
                <ele>308.84765624999966</ele>
                <time>2026-05-28T20:56:47.999577522Z</time>
            </trkpt>
            <trkpt lat="42.25560178984166" lon="-84.46145773873148">
                <ele>308.78936767578097</ele>
                <time>2026-05-28T20:56:48.999567508Z</time>
            </trkpt>
            <trkpt lat="42.25560250230343" lon="-84.46145731963632">
                <ele>308.8283691406247</ele>
                <time>2026-05-28T20:56:49.999557018Z</time>
            </trkpt>
            <trkpt lat="42.25560229275585" lon="-84.4614569843602">
                <ele>308.8073730468747</ele>
                <time>2026-05-28T20:56:50.999546527Z</time>
            </trkpt>
            <trkpt lat="42.25560220893682" lon="-84.461456481446">
                <ele>308.78216552734347</ele>
                <time>2026-05-28T20:56:51.999536037Z</time>
            </trkpt>
            <trkpt lat="42.255602167027305" lon="-84.461456481446">
                <ele>308.84692382812466</ele>
                <time>2026-05-28T20:56:52.999525547Z</time>
            </trkpt>
            <trkpt lat="42.25560199938924" lon="-84.46145656526504">
                <ele>308.8830566406247</ele>
                <time>2026-05-28T20:56:53.999515056Z</time>
            </trkpt>
            <trkpt lat="42.25560191557021" lon="-84.4614567329031">
                <ele>308.88354492187466</ele>
                <time>2026-05-28T20:56:54.999504089Z</time>
            </trkpt>
            <trkpt lat="42.255601873660694" lon="-84.46145681672213">
                <ele>308.8906249999997</ele>
                <time>2026-05-28T20:56:55.999493598Z</time>
            </trkpt>
            <trkpt lat="42.25560183175118" lon="-84.46145690054117">
                <ele>308.88818359374966</ele>
                <time>2026-05-28T20:56:56.999483823Z</time>
            </trkpt>
            <trkpt lat="42.25560183175118" lon="-84.46145690054117">
                <ele>308.88354492187466</ele>
                <time>2026-05-28T20:56:57.999473333Z</time>
            </trkpt>
            <trkpt lat="42.25560183175118" lon="-84.4614569843602">
                <ele>308.8809814453122</ele>
                <time>2026-05-28T20:56:58.999462604Z</time>
            </trkpt>
            <trkpt lat="42.25560183175118" lon="-84.4614569843602">
                <ele>308.88330078124966</ele>
                <time>2026-05-28T20:56:59.999452590Z</time>
            </trkpt>
            <trkpt lat="42.25560183175118" lon="-84.4614569843602">
                <ele>308.88415527343716</ele>
                <time>2026-05-28T20:57:00.999442100Z</time>
            </trkpt>
            <trkpt lat="42.25560183175118" lon="-84.46145706817923">
                <ele>308.88604736328097</ele>
                <time>2026-05-28T20:57:01.999432086Z</time>
            </trkpt>
            <trkpt lat="42.255601873660694" lon="-84.46145706817923">
                <ele>308.88720703124966</ele>
                <time>2026-05-28T20:57:02.999420642Z</time>
            </trkpt>
            <trkpt lat="42.255601873660694" lon="-84.46145706817923">
                <ele>308.8878784179684</ele>
                <time>2026-05-28T20:57:03.999411106Z</time>
            </trkpt>
            <trkpt lat="42.255601873660694" lon="-84.46145706817923">
                <ele>308.88916015624966</ele>
                <time>2026-05-28T20:57:04.999400854Z</time>
            </trkpt>
            <trkpt lat="42.255601873660694" lon="-84.46145706817923">
                <ele>308.8908691406247</ele>
                <time>2026-05-28T20:57:05.999389886Z</time>
            </trkpt>
            <trkpt lat="42.255601873660694" lon="-84.46145706817923">
                <ele>308.8919677734372</ele>
                <time>2026-05-28T20:57:06.999380111Z</time>
            </trkpt>
            <trkpt lat="42.255601873660694" lon="-84.46145715199826">
                <ele>308.9024658203122</ele>
                <time>2026-05-28T20:57:07.999370098Z</time>
            </trkpt>
            <trkpt lat="42.25560191557021" lon="-84.46145715199826">
                <ele>308.9007568359372</ele>
                <time>2026-05-28T20:57:08.999358654Z</time>
            </trkpt>
            <trkpt lat="42.255601873660694" lon="-84.46145715199826">
                <ele>308.8959960937497</ele>
                <time>2026-05-28T20:57:09.999349117Z</time>
            </trkpt>
            <trkpt lat="42.255601873660694" lon="-84.46145715199826">
                <ele>308.90118408203097</ele>
                <time>2026-05-28T20:57:10.999338626Z</time>
            </trkpt>
            <trkpt lat="42.255601873660694" lon="-84.46145715199826">
                <ele>308.90240478515597</ele>
                <time>2026-05-28T20:57:11.999327659Z</time>
            </trkpt>
            <trkpt lat="42.25560183175118" lon="-84.46145715199826">
                <ele>308.9017333984372</ele>
                <time>2026-05-28T20:57:12.999318122Z</time>
            </trkpt>
            <trkpt lat="42.25560183175118" lon="-84.46145715199826">
                <ele>308.9008178710934</ele>
                <time>2026-05-28T20:57:13.999307155Z</time>
            </trkpt>
            <trkpt lat="42.25560178984166" lon="-84.46145715199826">
                <ele>308.8985595703122</ele>
                <time>2026-05-28T20:57:14.999297618Z</time>
            </trkpt>
            <trkpt lat="42.25560178984166" lon="-84.46145715199826">
                <ele>308.89904785156216</ele>
                <time>2026-05-28T20:57:15.999286174Z</time>
            </trkpt>
            <trkpt lat="42.25560178984166" lon="-84.46145715199826">
                <ele>308.8964843749997</ele>
                <time>2026-05-28T20:57:16.999276161Z</time>
            </trkpt>
            <trkpt lat="42.25560178984166" lon="-84.46145715199826">
                <ele>308.89404296874966</ele>
                <time>2026-05-28T20:57:17.999266147Z</time>
            </trkpt>
            <trkpt lat="42.25560174793215" lon="-84.46145715199826">
                <ele>308.89245605468716</ele>
                <time>2026-05-28T20:57:18.999255418Z</time>
            </trkpt>
            <trkpt lat="42.25560174793215" lon="-84.46145706817923">
                <ele>308.88842773437466</ele>
                <time>2026-05-28T20:57:19.999245405Z</time>
            </trkpt>
            <trkpt lat="42.25560174793215" lon="-84.46145706817923">
                <ele>308.88452148437466</ele>
                <time>2026-05-28T20:57:20.999235153Z</time>
            </trkpt>
            <trkpt lat="42.25560170602263" lon="-84.46145706817923">
                <ele>308.88037109374966</ele>
                <time>2026-05-28T20:57:21.999224185Z</time>
            </trkpt>
            <trkpt lat="42.25560170602263" lon="-84.46145706817923">
                <ele>308.8767089843747</ele>
                <time>2026-05-28T20:57:22.999213933Z</time>
            </trkpt>
            <trkpt lat="42.25560170602263" lon="-84.4614569843602">
                <ele>308.87158203124966</ele>
                <time>2026-05-28T20:57:23.999203443Z</time>
            </trkpt>
            <trkpt lat="42.255601664113115" lon="-84.4614569843602">
                <ele>308.8692626953122</ele>
                <time>2026-05-28T20:57:24.999193191Z</time>
            </trkpt>
            <trkpt lat="42.255601664113115" lon="-84.4614569843602">
                <ele>308.8669433593747</ele>
                <time>2026-05-28T20:57:25.999182939Z</time>
            </trkpt>
            <trkpt lat="42.255601664113115" lon="-84.4614569843602">
                <ele>308.8632812499997</ele>
                <time>2026-05-28T20:57:26.999172925Z</time>
            </trkpt>
            <trkpt lat="42.2556016222036" lon="-84.4614569843602">
                <ele>308.85961914062466</ele>
                <time>2026-05-28T20:57:27.999162673Z</time>
            </trkpt>
            <trkpt lat="42.2556016222036" lon="-84.46145690054117">
                <ele>308.85461425781216</ele>
                <time>2026-05-28T20:57:28.999152183Z</time>
            </trkpt>
            <trkpt lat="42.25560158029408" lon="-84.46145690054117">
                <ele>308.8502807617184</ele>
                <time>2026-05-28T20:57:29.999142169Z</time>
            </trkpt>
            <trkpt lat="42.25560153838457" lon="-84.46145690054117">
                <ele>308.84570312499966</ele>
                <time>2026-05-28T20:57:30.999131679Z</time>
            </trkpt>
            <trkpt lat="42.25560153838457" lon="-84.46145690054117">
                <ele>308.8415527343747</ele>
                <time>2026-05-28T20:57:31.999121427Z</time>
            </trkpt>
            <trkpt lat="42.25560149647505" lon="-84.46145690054117">
                <ele>308.8364257812497</ele>
                <time>2026-05-28T20:57:32.999111175Z</time>
            </trkpt>
            <trkpt lat="42.255601454565536" lon="-84.46145681672213">
                <ele>308.83282470703097</ele>
                <time>2026-05-28T20:57:33.999100208Z</time>
            </trkpt>
            <trkpt lat="42.25560141265602" lon="-84.46145681672213">
                <ele>308.8294677734372</ele>
                <time>2026-05-28T20:57:34.999090433Z</time>
            </trkpt>
            <trkpt lat="42.255601370746504" lon="-84.46145681672213">
                <ele>308.82580566406216</ele>
                <time>2026-05-28T20:57:35.999080181Z</time>
            </trkpt>
            <trkpt lat="42.255601370746504" lon="-84.46145681672213">
                <ele>308.8206176757809</ele>
                <time>2026-05-28T20:57:36.999068975Z</time>
            </trkpt>
            <trkpt lat="42.25560132883699" lon="-84.46145681672213">
                <ele>308.81634521484347</ele>
                <time>2026-05-28T20:57:37.999059200Z</time>
            </trkpt>
            <trkpt lat="42.25560128692747" lon="-84.46145681672213">
                <ele>308.8134765624997</ele>
                <time>2026-05-28T20:57:38.999049186Z</time>
            </trkpt>
            <trkpt lat="42.25560124501796" lon="-84.4614567329031">
                <ele>308.80999755859347</ele>
                <time>2026-05-28T20:57:39.999038457Z</time>
            </trkpt>
            <trkpt lat="42.25560120310844" lon="-84.4614567329031">
                <ele>308.8047485351559</ele>
                <time>2026-05-28T20:57:40.999028444Z</time>
            </trkpt>
            <trkpt lat="42.25560120310844" lon="-84.4614567329031">
                <ele>308.80041503906216</ele>
                <time>2026-05-28T20:57:41.999017238Z</time>
            </trkpt>
            <trkpt lat="42.255601161198925" lon="-84.4614567329031">
                <ele>308.7956542968747</ele>
                <time>2026-05-28T20:57:43.000344753Z</time>
            </trkpt>
            <trkpt lat="42.255601161198925" lon="-84.4614567329031">
                <ele>308.7917480468747</ele>
                <time>2026-05-28T20:57:44.000345468Z</time>
            </trkpt>
            <trkpt lat="42.25560111928941" lon="-84.4614567329031">
                <ele>308.7867431640622</ele>
                <time>2026-05-28T20:57:45.000330448Z</time>
            </trkpt>
            <trkpt lat="42.25560107737989" lon="-84.4614567329031">
                <ele>308.78332519531216</ele>
                <time>2026-05-28T20:57:46.000331878Z</time>
            </trkpt>
            <trkpt lat="42.25560103547038" lon="-84.4614567329031">
                <ele>308.77966308593716</ele>
                <time>2026-05-28T20:57:47.000331878Z</time>
            </trkpt>
            <trkpt lat="42.25560103547038" lon="-84.4614567329031">
                <ele>308.77832031249966</ele>
                <time>2026-05-28T20:57:48.000312328Z</time>
            </trkpt>
            <trkpt lat="42.25560099356086" lon="-84.4614567329031">
                <ele>308.7752685546872</ele>
                <time>2026-05-28T20:57:49.000312566Z</time>
            </trkpt>
            <trkpt lat="42.255600951651346" lon="-84.4614567329031">
                <ele>308.7712402343747</ele>
                <time>2026-05-28T20:57:50.000308990Z</time>
            </trkpt>
            <trkpt lat="42.255600951651346" lon="-84.4614567329031">
                <ele>308.7672119140622</ele>
                <time>2026-05-28T20:57:51.000290155Z</time>
            </trkpt>
            <trkpt lat="42.25560090974183" lon="-84.4614567329031">
                <ele>308.7631835937497</ele>
                <time>2026-05-28T20:57:52.000289440Z</time>
            </trkpt>
            <trkpt lat="42.255600867832314" lon="-84.4614567329031">
                <ele>308.7601318359372</ele>
                <time>2026-05-28T20:57:53.000288963Z</time>
            </trkpt>
            <trkpt lat="42.2556008259228" lon="-84.4614567329031">
                <ele>308.7570800781247</ele>
                <time>2026-05-28T20:57:54.000267982Z</time>
            </trkpt>
            <trkpt lat="42.25560078401328" lon="-84.4614567329031">
                <ele>308.7541503906247</ele>
                <time>2026-05-28T20:57:55.000262737Z</time>
            </trkpt>
            <trkpt lat="42.255600742103766" lon="-84.4614567329031">
                <ele>308.75085449218716</ele>
                <time>2026-05-28T20:57:56.000260353Z</time>
            </trkpt>
            <trkpt lat="42.255600742103766" lon="-84.4614567329031">
                <ele>308.7485351562497</ele>
                <time>2026-05-28T20:57:57.000241756Z</time>
            </trkpt>
            <trkpt lat="42.25560070019425" lon="-84.4614567329031">
                <ele>308.74572753906216</ele>
                <time>2026-05-28T20:57:58.000223159Z</time>
            </trkpt>
            <trkpt lat="42.255600658284735" lon="-84.4614567329031">
                <ele>308.7435302734372</ele>
                <time>2026-05-28T20:57:59.000205039Z</time>
            </trkpt>
            <trkpt lat="42.25560061637522" lon="-84.4614567329031">
                <ele>308.74072265624966</ele>
                <time>2026-05-28T20:58:00.000188350Z</time>
            </trkpt>
            <trkpt lat="42.2556005744657" lon="-84.4614567329031">
                <ele>308.73797607421847</ele>
                <time>2026-05-28T20:58:01.000172138Z</time>
            </trkpt>
            <trkpt lat="42.25560053255619" lon="-84.4614567329031">
                <ele>308.7353515624997</ele>
                <time>2026-05-28T20:58:02.000154733Z</time>
            </trkpt>
            <trkpt lat="42.25560049064667" lon="-84.4614567329031">
                <ele>308.73175048828097</ele>
                <time>2026-05-28T20:58:03.000139236Z</time>
            </trkpt>
            <trkpt lat="42.25560049064667" lon="-84.4614567329031">
                <ele>308.7274780273434</ele>
                <time>2026-05-28T20:58:04.000123500Z</time>
            </trkpt>
            <trkpt lat="42.25559982009442" lon="-84.46145782255051">
                <ele>308.3553466796872</ele>
                <time>2026-05-28T20:58:05.000107765Z</time>
            </trkpt>
            <trkpt lat="42.25559835326136" lon="-84.46145815782664">
                <ele>308.3535156249997</ele>
                <time>2026-05-28T20:58:06.000092506Z</time>
            </trkpt>
            <trkpt lat="42.25559743125201" lon="-84.46145782255051">
                <ele>308.26171874999966</ele>
                <time>2026-05-28T20:58:07.000077724Z</time>
            </trkpt>
        </trkseg>
    </trk>
</gpx>
